Report Date:,8/31/2026 10:25:18 AM
Report User Name:,masa
Report Computer Name:,MASASR2023
Application:,WinSitu.exe
Application Version:,5.7.8.0


Log File Properties
File Name,Air_Append_2026-08-31_10-17-39-444.wsl
Create Date,8/31/2026 10:17:39 AM

Device Properties
Device,Rugged TROLL 100
Site,Hakone
Device Name,Hakone0
Serial Number,1271116
Firmware Version,1.06
Hardware Version,0
Device Address,1
Device Comm Cfg,19200,8,Even,1,(Modbus-RTU)
Used Memory,0
Used Battery,0

Log Configuration
,Log Name,Air
,Created By,masa
,Computer Name,MASASR2023
,Application,WinSitu.exe
,Application Version,5.7.8.0
,Log Setup Time Zone,Unknown
,Notes Size(bytes),4096
,Overwrite when full,Disabled
,Type,Linear
 ,Duration,Days: 2 hrs: 04 mins: 00 secs: 00 
 ,Interval,Days: 0 hrs: 00 mins: 01 secs: 00



Level Reference Settings At Log Creation
,        Level Measurement Mode,Depth
,              Specific Gravity,0.999


Other Log Settings
,Depth of Probe:,1029.77 (cm)
,Head Pressure:,100.885 (kPa)
,Temperature:,24.9995 (C)



Log Notes:
Date and Time,Note
8/25/2026 1:06:04 PM ,Used Battery: 0% Used Memory: 3%   User Name: masa


Log Data:
Record Count,3121

Sensors,1

 ,1,1271116,Pressure/Temp PSIA (9m/30ft)



,,Sensor: Pres(A) 30ft                    ,Sensor: Pres(A) 30ft                    ,Sensor: Pres(A) 30ft                    ,
,Elapsed Time,SN#: 1271116                            ,SN#: 1271116                            ,SN#: 1271116                            ,
Date and Time,Seconds     ,Pressure (kPa)                          ,Temperature (C)                         ,Depth (cm)                              ,
8/27/2026 9:00:00 AM ,       0.000,                                  99.840,                                  25.878,                                1019.102,
8/27/2026 9:01:00 AM ,      60.000,                                  99.869,                                  26.122,                                1019.402,
8/27/2026 9:02:00 AM ,     120.000,                                  99.880,                                  26.122,                                1019.512,
8/27/2026 9:03:00 AM ,     180.000,                                 100.005,                                  26.170,                                1020.788,
8/27/2026 9:04:00 AM ,     240.000,                                 100.117,                                  25.976,                                1021.929,
8/27/2026 9:05:00 AM ,     300.000,                                 100.108,                                  26.024,                                1021.835,
8/27/2026 9:06:00 AM ,     360.000,                                 100.116,                                  26.122,                                1021.922,
8/27/2026 9:07:00 AM ,     420.000,                                  99.990,                                  26.219,                                1020.639,
8/27/2026 9:08:00 AM ,     480.000,                                  99.841,                                  26.073,                                1019.112,
8/27/2026 9:09:00 AM ,     540.000,                                  99.839,                                  26.024,                                1019.096,
8/27/2026 9:10:00 AM ,     600.000,                                  99.883,                                  26.219,                                1019.544,
8/27/2026 9:11:00 AM ,     660.000,                                  99.853,                                  26.122,                                1019.237,
8/27/2026 9:12:00 AM ,     720.000,                                  99.861,                                  26.024,                                1019.315,
8/27/2026 9:13:00 AM ,     780.000,                                  99.835,                                  26.219,                                1019.050,
8/27/2026 9:14:00 AM ,     840.000,                                  99.834,                                  26.365,                                1019.044,
8/27/2026 9:15:00 AM ,     900.000,                                  99.842,                                  26.122,                                1019.128,
8/27/2026 9:16:00 AM ,     960.000,                                  99.846,                                  26.414,                                1019.169,
8/27/2026 9:17:00 AM ,    1020.000,                                  99.861,                                  26.365,                                1019.318,
8/27/2026 9:18:00 AM ,    1080.000,                                  99.843,                                  26.316,                                1019.137,
8/27/2026 9:19:00 AM ,    1140.000,                                  99.864,                                  26.462,                                1019.350,
8/27/2026 9:20:00 AM ,    1200.000,                                  99.879,                                  26.414,                                1019.498,
8/27/2026 9:21:00 AM ,    1260.000,                                  99.924,                                  26.657,                                1019.962,
8/27/2026 9:22:00 AM ,    1320.000,                                  99.867,                                  26.559,                                1019.382,
8/27/2026 9:23:00 AM ,    1380.000,                                  99.838,                                  26.657,                                1019.085,
8/27/2026 9:24:00 AM ,    1440.000,                                  99.915,                                  26.705,                                1019.868,
8/27/2026 9:25:00 AM ,    1500.000,                                  99.863,                                  26.754,                                1019.336,
8/27/2026 9:26:00 AM ,    1560.000,                                  99.847,                                  26.754,                                1019.172,
8/27/2026 9:27:00 AM ,    1620.000,                                  99.875,                                  26.802,                                1019.462,
8/27/2026 9:28:00 AM ,    1680.000,                                  99.893,                                  26.851,                                1019.642,
8/27/2026 9:29:00 AM ,    1740.000,                                  99.887,                                  26.851,                                1019.587,
8/27/2026 9:30:00 AM ,    1800.000,                                  99.897,                                  26.996,                                1019.690,
8/27/2026 9:31:00 AM ,    1860.000,                                  99.897,                                  26.996,                                1019.690,
8/27/2026 9:32:00 AM ,    1920.000,                                  99.899,                                  27.045,                                1019.706,
8/27/2026 9:33:00 AM ,    1980.000,                                  99.927,                                  27.093,                                1019.996,
8/27/2026 9:34:00 AM ,    2040.000,                                  99.854,                                  27.142,                                1019.245,
8/27/2026 9:35:00 AM ,    2100.000,                                  99.888,                                  27.190,                                1019.590,
8/27/2026 9:36:00 AM ,    2160.000,                                  99.882,                                  27.190,                                1019.535,
8/27/2026 9:37:00 AM ,    2220.000,                                  99.864,                                  27.287,                                1019.348,
8/27/2026 9:38:00 AM ,    2280.000,                                  99.885,                                  27.287,                                1019.567,
8/27/2026 9:39:00 AM ,    2340.000,                                  99.860,                                  27.336,                                1019.309,
8/27/2026 9:40:00 AM ,    2400.000,                                  99.878,                                  27.384,                                1019.489,
8/27/2026 9:41:00 AM ,    2460.000,                                  99.851,                                  27.384,                                1019.215,
8/27/2026 9:42:00 AM ,    2520.000,                                  99.886,                                  27.481,                                1019.576,
8/27/2026 9:43:00 AM ,    2580.000,                                  99.908,                                  27.481,                                1019.795,
8/27/2026 9:44:00 AM ,    2640.000,                                  99.872,                                  27.529,                                1019.428,
8/27/2026 9:45:00 AM ,    2700.000,                                  99.916,                                  27.578,                                1019.882,
8/27/2026 9:46:00 AM ,    2760.000,                                  99.869,                                  27.626,                                1019.405,
8/27/2026 9:47:00 AM ,    2820.000,                                  99.884,                                  27.578,                                1019.553,
8/27/2026 9:48:00 AM ,    2880.000,                                  99.876,                                  27.675,                                1019.475,
8/27/2026 9:49:00 AM ,    2940.000,                                  99.873,                                  27.723,                                1019.436,
8/27/2026 9:50:00 AM ,    3000.000,                                  99.885,                                  27.771,                                1019.562,
8/27/2026 9:51:00 AM ,    3060.000,                                  99.881,                                  27.820,                                1019.523,
8/27/2026 9:52:00 AM ,    3120.000,                                  99.922,                                  27.771,                                1019.946,
8/27/2026 9:53:00 AM ,    3180.000,                                  99.888,                                  27.868,                                1019.594,
8/27/2026 9:54:00 AM ,    3240.000,                                  99.883,                                  27.868,                                1019.539,
8/27/2026 9:55:00 AM ,    3300.000,                                  99.879,                                  27.916,                                1019.500,
8/27/2026 9:56:00 AM ,    3360.000,                                  99.886,                                  27.965,                                1019.571,
8/27/2026 9:57:00 AM ,    3420.000,                                  99.850,                                  28.013,                                1019.203,
8/27/2026 9:58:00 AM ,    3480.000,                                  99.828,                                  28.013,                                1018.984,
8/27/2026 9:59:00 AM ,    3540.000,                                  99.835,                                  28.061,                                1019.055,
8/27/2026 10:00:00 AM,    3600.000,                                  99.831,                                  28.110,                                1019.016,
8/27/2026 10:01:00 AM,    3660.000,                                  99.860,                                  28.158,                                1019.306,
8/27/2026 10:02:00 AM,    3720.000,                                  99.881,                                  28.158,                                1019.525,
8/27/2026 10:03:00 AM,    3780.000,                                  99.881,                                  28.158,                                1019.525,
8/27/2026 10:04:00 AM,    3840.000,                                  99.877,                                  28.206,                                1019.486,
8/27/2026 10:05:00 AM,    3900.000,                                  99.841,                                  28.254,                                1019.118,
8/27/2026 10:06:00 AM,    3960.000,                                  99.836,                                  28.254,                                1019.063,
8/27/2026 10:07:00 AM,    4020.000,                                  99.848,                                  28.303,                                1019.189,
8/27/2026 10:08:00 AM,    4080.000,                                  99.875,                                  28.303,                                1019.463,
8/27/2026 10:09:00 AM,    4140.000,                                  99.818,                                  28.351,                                1018.876,
8/27/2026 10:10:00 AM,    4200.000,                                  99.873,                                  28.399,                                1019.440,
8/27/2026 10:11:00 AM,    4260.000,                                  99.837,                                  28.447,                                1019.072,
8/27/2026 10:12:00 AM,    4320.000,                                  99.864,                                  28.447,                                1019.346,
8/27/2026 10:13:00 AM,    4380.000,                                  99.815,                                  28.447,                                1018.853,
8/27/2026 10:14:00 AM,    4440.000,                                  99.865,                                  28.496,                                1019.362,
8/27/2026 10:15:00 AM,    4500.000,                                  99.840,                                  28.544,                                1019.104,
8/27/2026 10:16:00 AM,    4560.000,                                  99.854,                                  28.496,                                1019.252,
8/27/2026 10:17:00 AM,    4620.000,                                  99.894,                                  28.544,                                1019.652,
8/27/2026 10:18:00 AM,    4680.000,                                  99.835,                                  28.544,                                1019.049,
8/27/2026 10:19:00 AM,    4740.000,                                  99.865,                                  28.640,                                1019.354,
8/27/2026 10:20:00 AM,    4800.000,                                  99.843,                                  28.640,                                1019.135,
8/27/2026 10:21:00 AM,    4860.000,                                  99.855,                                  28.688,                                1019.261,
8/27/2026 10:22:00 AM,    4920.000,                                  99.877,                                  28.688,                                1019.480,
8/27/2026 10:23:00 AM,    4980.000,                                  99.855,                                  28.688,                                1019.261,
8/27/2026 10:24:00 AM,    5040.000,                                  99.852,                                  28.737,                                1019.222,
8/27/2026 10:25:00 AM,    5100.000,                                  99.852,                                  28.737,                                1019.222,
8/27/2026 10:26:00 AM,    5160.000,                                  99.846,                                  28.737,                                1019.167,
8/27/2026 10:27:00 AM,    5220.000,                                  99.821,                                  28.785,                                1018.908,
8/27/2026 10:28:00 AM,    5280.000,                                  99.848,                                  28.785,                                1019.182,
8/27/2026 10:29:00 AM,    5340.000,                                  99.858,                                  28.785,                                1019.292,
8/27/2026 10:30:00 AM,    5400.000,                                  99.896,                                  28.785,                                1019.676,
8/27/2026 10:31:00 AM,    5460.000,                                  99.849,                                  28.833,                                1019.198,
8/27/2026 10:32:00 AM,    5520.000,                                  99.828,                                  28.833,                                1018.979,
8/27/2026 10:33:00 AM,    5580.000,                                  99.840,                                  28.881,                                1019.104,
8/27/2026 10:34:00 AM,    5640.000,                                  99.845,                                  28.881,                                1019.159,
8/27/2026 10:35:00 AM,    5700.000,                                  99.862,                                  28.881,                                1019.324,
8/27/2026 10:36:00 AM,    5760.000,                                  99.872,                                  28.881,                                1019.433,
8/27/2026 10:37:00 AM,    5820.000,                                  99.825,                                  28.929,                                1018.955,
8/27/2026 10:38:00 AM,    5880.000,                                  99.840,                                  28.881,                                1019.104,
8/27/2026 10:39:00 AM,    5940.000,                                  99.863,                                  28.929,                                1019.339,
8/27/2026 10:40:00 AM,    6000.000,                                  99.874,                                  28.929,                                1019.449,
8/27/2026 10:41:00 AM,    6060.000,                                  99.863,                                  28.929,                                1019.339,
8/27/2026 10:42:00 AM,    6120.000,                                  99.865,                                  28.977,                                1019.355,
8/27/2026 10:43:00 AM,    6180.000,                                  99.816,                                  28.977,                                1018.862,
8/27/2026 10:44:00 AM,    6240.000,                                  99.811,                                  28.977,                                1018.807,
8/27/2026 10:45:00 AM,    6300.000,                                  99.849,                                  28.977,                                1019.191,
8/27/2026 10:46:00 AM,    6360.000,                                  99.832,                                  28.977,                                1019.026,
8/27/2026 10:47:00 AM,    6420.000,                                  99.865,                                  28.977,                                1019.355,
8/27/2026 10:48:00 AM,    6480.000,                                  99.829,                                  29.025,                                1018.987,
8/27/2026 10:49:00 AM,    6540.000,                                  99.861,                                  29.025,                                1019.316,
8/27/2026 10:50:00 AM,    6600.000,                                  99.845,                                  29.025,                                1019.152,
8/27/2026 10:51:00 AM,    6660.000,                                  99.802,                                  29.025,                                1018.713,
8/27/2026 10:52:00 AM,    6720.000,                                  99.827,                                  28.977,                                1018.972,
8/27/2026 10:53:00 AM,    6780.000,                                  99.839,                                  29.025,                                1019.097,
8/27/2026 10:54:00 AM,    6840.000,                                  99.786,                                  29.025,                                1018.548,
8/27/2026 10:55:00 AM,    6900.000,                                  99.855,                                  29.025,                                1019.261,
8/27/2026 10:56:00 AM,    6960.000,                                  99.843,                                  28.977,                                1019.136,
8/27/2026 10:57:00 AM,    7020.000,                                  99.807,                                  29.025,                                1018.768,
8/27/2026 10:58:00 AM,    7080.000,                                  99.812,                                  29.025,                                1018.823,
8/27/2026 10:59:00 AM,    7140.000,                                  99.830,                                  29.074,                                1019.003,
8/27/2026 11:00:00 AM,    7200.000,                                  99.835,                                  29.074,                                1019.058,
8/27/2026 11:01:00 AM,    7260.000,                                  99.825,                                  29.074,                                1018.948,
8/27/2026 11:02:00 AM,    7320.000,                                  99.819,                                  29.074,                                1018.893,
8/27/2026 11:03:00 AM,    7380.000,                                  99.816,                                  29.122,                                1018.854,
8/27/2026 11:04:00 AM,    7440.000,                                  99.816,                                  29.122,                                1018.854,
8/27/2026 11:05:00 AM,    7500.000,                                  99.826,                                  29.122,                                1018.964,
8/27/2026 11:06:00 AM,    7560.000,                                  99.794,                                  29.122,                                1018.635,
8/27/2026 11:07:00 AM,    7620.000,                                  99.769,                                  29.170,                                1018.376,
8/27/2026 11:08:00 AM,    7680.000,                                  99.839,                                  29.170,                                1019.089,
8/27/2026 11:09:00 AM,    7740.000,                                  99.801,                                  29.170,                                1018.705,
8/27/2026 11:10:00 AM,    7800.000,                                  99.786,                                  29.218,                                1018.557,
8/27/2026 11:11:00 AM,    7860.000,                                  99.796,                                  29.362,                                1018.659,
8/27/2026 11:12:00 AM,    7920.000,                                  99.797,                                  29.554,                                1018.666,
8/27/2026 11:13:00 AM,    7980.000,                                  99.822,                                  30.178,                                1018.924,
8/27/2026 11:14:00 AM,    8040.000,                                  99.829,                                  30.560,                                1018.993,
8/27/2026 11:15:00 AM,    8100.000,                                  99.826,                                  30.799,                                1018.961,
8/27/2026 11:16:00 AM,    8160.000,                                  99.781,                                  30.895,                                1018.498,
8/27/2026 11:17:00 AM,    8220.000,                                  99.812,                                  31.038,                                1018.818,
8/27/2026 11:18:00 AM,    8280.000,                                  99.795,                                  31.181,                                1018.645,
8/27/2026 11:19:00 AM,    8340.000,                                  99.836,                                  31.277,                                1019.059,
8/27/2026 11:20:00 AM,    8400.000,                                  99.822,                                  31.372,                                1018.925,
8/27/2026 11:21:00 AM,    8460.000,                                  99.812,                                  31.372,                                1018.815,
8/27/2026 11:22:00 AM,    8520.000,                                  99.792,                                  31.420,                                1018.611,
8/27/2026 11:23:00 AM,    8580.000,                                  99.840,                                  31.420,                                1019.105,
8/27/2026 11:24:00 AM,    8640.000,                                  99.844,                                  31.372,                                1019.145,
8/27/2026 11:25:00 AM,    8700.000,                                  99.806,                                  31.372,                                1018.761,
8/27/2026 11:26:00 AM,    8760.000,                                  99.813,                                  31.420,                                1018.831,
8/27/2026 11:27:00 AM,    8820.000,                                  99.804,                                  31.467,                                1018.736,
8/27/2026 11:28:00 AM,    8880.000,                                  99.833,                                  31.372,                                1019.035,
8/27/2026 11:29:00 AM,    8940.000,                                  99.808,                                  31.753,                                1018.773,
8/27/2026 11:30:00 AM,    9000.000,                                  99.802,                                  31.753,                                1018.718,
8/27/2026 11:31:00 AM,    9060.000,                                  99.802,                                  31.753,                                1018.718,
8/27/2026 11:32:00 AM,    9120.000,                                  99.829,                                  31.753,                                1018.992,
8/27/2026 11:33:00 AM,    9180.000,                                  99.804,                                  31.801,                                1018.733,
8/27/2026 11:34:00 AM,    9240.000,                                  99.828,                                  32.229,                                1018.979,
8/27/2026 11:35:00 AM,    9300.000,                                  99.806,                                  32.038,                                1018.754,
8/27/2026 11:36:00 AM,    9360.000,                                  99.816,                                  31.848,                                1018.858,
8/27/2026 11:37:00 AM,    9420.000,                                  99.811,                                  31.705,                                1018.812,
8/27/2026 11:38:00 AM,    9480.000,                                  99.779,                                  31.515,                                1018.477,
8/27/2026 11:39:00 AM,    9540.000,                                  99.841,                                  31.277,                                1019.114,
8/27/2026 11:40:00 AM,    9600.000,                                  99.795,                                  31.181,                                1018.645,
8/27/2026 11:41:00 AM,    9660.000,                                  99.774,                                  31.038,                                1018.434,
8/27/2026 11:42:00 AM,    9720.000,                                  99.820,                                  30.943,                                1018.897,
8/27/2026 11:43:00 AM,    9780.000,                                  99.799,                                  30.799,                                1018.686,
8/27/2026 11:44:00 AM,    9840.000,                                  99.812,                                  30.704,                                1018.820,
8/27/2026 11:45:00 AM,    9900.000,                                  99.782,                                  30.608,                                1018.515,
8/27/2026 11:46:00 AM,    9960.000,                                  99.768,                                  30.513,                                1018.374,
8/27/2026 11:47:00 AM,   10020.000,                                  99.814,                                  30.417,                                1018.837,
8/27/2026 11:48:00 AM,   10080.000,                                  99.800,                                  30.321,                                1018.696,
8/27/2026 11:49:00 AM,   10140.000,                                  99.772,                                  30.273,                                1018.407,
8/27/2026 11:50:00 AM,   10200.000,                                  99.812,                                  30.178,                                1018.814,
8/27/2026 11:51:00 AM,   10260.000,                                  99.787,                                  30.082,                                1018.564,
8/27/2026 11:52:00 AM,   10320.000,                                  99.780,                                  30.034,                                1018.493,
8/27/2026 11:53:00 AM,   10380.000,                                  99.800,                                  29.986,                                1018.697,
8/27/2026 11:54:00 AM,   10440.000,                                  99.808,                                  29.890,                                1018.776,
8/27/2026 11:55:00 AM,   10500.000,                                  99.769,                                  29.842,                                1018.376,
8/27/2026 11:56:00 AM,   10560.000,                                  99.805,                                  29.794,                                1018.745,
8/27/2026 11:57:00 AM,   10620.000,                                  99.771,                                  29.746,                                1018.400,
8/27/2026 11:58:00 AM,   10680.000,                                  99.775,                                  29.698,                                1018.439,
8/27/2026 11:59:00 AM,   10740.000,                                  99.799,                                  29.602,                                1018.682,
8/27/2026 12:00:00 PM,   10800.000,                                  99.766,                                  29.602,                                1018.353,
8/27/2026 12:01:00 PM,   10860.000,                                  99.770,                                  29.554,                                1018.392,
8/27/2026 12:02:00 PM,   10920.000,                                  99.785,                                  29.506,                                1018.541,
8/27/2026 12:03:00 PM,   10980.000,                                  99.774,                                  29.506,                                1018.431,
8/27/2026 12:04:00 PM,   11040.000,                                  99.798,                                  29.410,                                1018.674,
8/27/2026 12:05:00 PM,   11100.000,                                  99.744,                                  29.410,                                1018.126,
8/27/2026 12:06:00 PM,   11160.000,                                  99.759,                                  29.362,                                1018.274,
8/27/2026 12:07:00 PM,   11220.000,                                  99.802,                                  29.362,                                1018.713,
8/27/2026 12:08:00 PM,   11280.000,                                  99.795,                                  29.314,                                1018.643,
8/27/2026 12:09:00 PM,   11340.000,                                  99.723,                                  29.266,                                1017.914,
8/27/2026 12:10:00 PM,   11400.000,                                  99.783,                                  29.266,                                1018.517,
8/27/2026 12:11:00 PM,   11460.000,                                  99.754,                                  29.218,                                1018.227,
8/27/2026 12:12:00 PM,   11520.000,                                  99.774,                                  29.170,                                1018.431,
8/27/2026 12:13:00 PM,   11580.000,                                  99.779,                                  29.170,                                1018.486,
8/27/2026 12:14:00 PM,   11640.000,                                  99.746,                                  29.122,                                1018.141,
8/27/2026 12:15:00 PM,   11700.000,                                  99.773,                                  29.122,                                1018.415,
8/27/2026 12:16:00 PM,   11760.000,                                  99.730,                                  29.122,                                1017.977,
8/27/2026 12:17:00 PM,   11820.000,                                  99.750,                                  29.074,                                1018.180,
8/27/2026 12:18:00 PM,   11880.000,                                  99.721,                                  29.025,                                1017.891,
8/27/2026 12:19:00 PM,   11940.000,                                  99.786,                                  29.025,                                1018.548,
8/27/2026 12:20:00 PM,   12000.000,                                  99.769,                                  29.025,                                1018.384,
8/27/2026 12:21:00 PM,   12060.000,                                  99.791,                                  29.025,                                1018.603,
8/27/2026 12:22:00 PM,   12120.000,                                  99.806,                                  28.977,                                1018.752,
8/27/2026 12:23:00 PM,   12180.000,                                  99.741,                                  28.977,                                1018.094,
8/27/2026 12:24:00 PM,   12240.000,                                  99.784,                                  28.977,                                1018.533,
8/27/2026 12:25:00 PM,   12300.000,                                  99.761,                                  28.929,                                1018.297,
8/27/2026 12:26:00 PM,   12360.000,                                  99.761,                                  28.929,                                1018.297,
8/27/2026 12:27:00 PM,   12420.000,                                  99.809,                                  28.929,                                1018.791,
8/27/2026 12:28:00 PM,   12480.000,                                  99.770,                                  28.881,                                1018.392,
8/27/2026 12:29:00 PM,   12540.000,                                  99.792,                                  28.881,                                1018.611,
8/27/2026 12:30:00 PM,   12600.000,                                  99.812,                                  28.833,                                1018.814,
8/27/2026 12:31:00 PM,   12660.000,                                  99.812,                                  28.833,                                1018.814,
8/27/2026 12:32:00 PM,   12720.000,                                  99.806,                                  28.833,                                1018.760,
8/27/2026 12:33:00 PM,   12780.000,                                  99.801,                                  28.833,                                1018.705,
8/27/2026 12:34:00 PM,   12840.000,                                  99.746,                                  28.785,                                1018.141,
8/27/2026 12:35:00 PM,   12900.000,                                  99.783,                                  28.785,                                1018.525,
8/27/2026 12:36:00 PM,   12960.000,                                  99.801,                                  28.833,                                1018.705,
8/27/2026 12:37:00 PM,   13020.000,                                  99.783,                                  28.785,                                1018.525,
8/27/2026 12:38:00 PM,   13080.000,                                  99.746,                                  28.785,                                1018.141,
8/27/2026 12:39:00 PM,   13140.000,                                  99.776,                                  28.737,                                1018.454,
8/27/2026 12:40:00 PM,   13200.000,                                  99.772,                                  28.785,                                1018.415,
8/27/2026 12:41:00 PM,   13260.000,                                  99.796,                                  28.688,                                1018.657,
8/27/2026 12:42:00 PM,   13320.000,                                  99.792,                                  28.737,                                1018.618,
8/27/2026 12:43:00 PM,   13380.000,                                  99.780,                                  28.688,                                1018.493,
8/27/2026 12:44:00 PM,   13440.000,                                  99.769,                                  28.688,                                1018.383,
8/27/2026 12:45:00 PM,   13500.000,                                  99.775,                                  28.688,                                1018.438,
8/27/2026 12:46:00 PM,   13560.000,                                  99.839,                                  28.688,                                1019.096,
8/27/2026 12:47:00 PM,   13620.000,                                  99.764,                                  28.688,                                1018.329,
8/27/2026 12:48:00 PM,   13680.000,                                  99.800,                                  28.640,                                1018.697,
8/27/2026 12:49:00 PM,   13740.000,                                  99.784,                                  28.640,                                1018.532,
8/27/2026 12:50:00 PM,   13800.000,                                  99.773,                                  28.640,                                1018.422,
8/27/2026 12:51:00 PM,   13860.000,                                  99.805,                                  28.640,                                1018.751,
8/27/2026 12:52:00 PM,   13920.000,                                  99.811,                                  28.640,                                1018.806,
8/27/2026 12:53:00 PM,   13980.000,                                  99.805,                                  28.640,                                1018.751,
8/27/2026 12:54:00 PM,   14040.000,                                  99.777,                                  28.592,                                1018.461,
8/27/2026 12:55:00 PM,   14100.000,                                  99.809,                                  28.592,                                1018.790,
8/27/2026 12:56:00 PM,   14160.000,                                  99.745,                                  28.592,                                1018.132,
8/27/2026 12:57:00 PM,   14220.000,                                  99.809,                                  28.592,                                1018.790,
8/27/2026 12:58:00 PM,   14280.000,                                  99.793,                                  28.592,                                1018.626,
8/27/2026 12:59:00 PM,   14340.000,                                  99.777,                                  28.592,                                1018.461,
8/27/2026 1:00:00 PM ,   14400.000,                                  99.788,                                  28.592,                                1018.571,
8/27/2026 1:01:00 PM ,   14460.000,                                  99.772,                                  28.592,                                1018.406,
8/27/2026 1:02:00 PM ,   14520.000,                                  99.777,                                  28.592,                                1018.461,
8/27/2026 1:03:00 PM ,   14580.000,                                  99.775,                                  28.544,                                1018.445,
8/27/2026 1:04:00 PM ,   14640.000,                                  99.777,                                  28.592,                                1018.461,
8/27/2026 1:05:00 PM ,   14700.000,                                  99.775,                                  28.544,                                1018.445,
8/27/2026 1:06:00 PM ,   14760.000,                                  99.785,                                  28.496,                                1018.540,
8/27/2026 1:07:00 PM ,   14820.000,                                  99.775,                                  28.544,                                1018.445,
8/27/2026 1:08:00 PM ,   14880.000,                                  99.840,                                  28.544,                                1019.104,
8/27/2026 1:09:00 PM ,   14940.000,                                  99.779,                                  28.496,                                1018.485,
8/27/2026 1:10:00 PM ,   15000.000,                                  99.802,                                  28.544,                                1018.720,
8/27/2026 1:11:00 PM ,   15060.000,                                  99.779,                                  28.496,                                1018.485,
8/27/2026 1:12:00 PM ,   15120.000,                                  99.754,                                  28.544,                                1018.226,
8/27/2026 1:13:00 PM ,   15180.000,                                  99.792,                                  28.544,                                1018.610,
8/27/2026 1:14:00 PM ,   15240.000,                                  99.770,                                  28.544,                                1018.391,
8/27/2026 1:15:00 PM ,   15300.000,                                  99.786,                                  28.544,                                1018.555,
8/27/2026 1:16:00 PM ,   15360.000,                                  99.769,                                  28.496,                                1018.375,
8/27/2026 1:17:00 PM ,   15420.000,                                  99.779,                                  28.496,                                1018.485,
8/27/2026 1:18:00 PM ,   15480.000,                                  99.790,                                  28.496,                                1018.594,
8/27/2026 1:19:00 PM ,   15540.000,                                  99.779,                                  28.496,                                1018.485,
8/27/2026 1:20:00 PM ,   15600.000,                                  99.778,                                  28.447,                                1018.469,
8/27/2026 1:21:00 PM ,   15660.000,                                  99.801,                                  28.496,                                1018.704,
8/27/2026 1:22:00 PM ,   15720.000,                                  99.790,                                  28.496,                                1018.594,
8/27/2026 1:23:00 PM ,   15780.000,                                  99.762,                                  28.447,                                1018.304,
8/27/2026 1:24:00 PM ,   15840.000,                                  99.776,                                  28.399,                                1018.453,
8/27/2026 1:25:00 PM ,   15900.000,                                  99.779,                                  28.496,                                1018.485,
8/27/2026 1:26:00 PM ,   15960.000,                                  99.767,                                  28.447,                                1018.359,
8/27/2026 1:27:00 PM ,   16020.000,                                  99.742,                                  28.496,                                1018.101,
8/27/2026 1:28:00 PM ,   16080.000,                                  99.763,                                  28.496,                                1018.320,
8/27/2026 1:29:00 PM ,   16140.000,                                  99.794,                                  28.447,                                1018.633,
8/27/2026 1:30:00 PM ,   16200.000,                                  99.752,                                  28.496,                                1018.210,
8/27/2026 1:31:00 PM ,   16260.000,                                  99.774,                                  28.496,                                1018.430,
8/27/2026 1:32:00 PM ,   16320.000,                                  99.778,                                  28.447,                                1018.469,
8/27/2026 1:33:00 PM ,   16380.000,                                  99.772,                                  28.447,                                1018.414,
8/27/2026 1:34:00 PM ,   16440.000,                                  99.765,                                  28.399,                                1018.343,
8/27/2026 1:35:00 PM ,   16500.000,                                  99.756,                                  28.447,                                1018.250,
8/27/2026 1:36:00 PM ,   16560.000,                                  99.769,                                  28.496,                                1018.375,
8/27/2026 1:37:00 PM ,   16620.000,                                  99.746,                                  28.447,                                1018.140,
8/27/2026 1:38:00 PM ,   16680.000,                                  99.794,                                  28.447,                                1018.633,
8/27/2026 1:39:00 PM ,   16740.000,                                  99.756,                                  28.447,                                1018.250,
8/27/2026 1:40:00 PM ,   16800.000,                                  99.783,                                  28.447,                                1018.524,
8/27/2026 1:41:00 PM ,   16860.000,                                  99.746,                                  28.447,                                1018.140,
8/27/2026 1:42:00 PM ,   16920.000,                                  99.799,                                  28.447,                                1018.688,
8/27/2026 1:43:00 PM ,   16980.000,                                  99.751,                                  28.447,                                1018.194,
8/27/2026 1:44:00 PM ,   17040.000,                                  99.772,                                  28.447,                                1018.414,
8/27/2026 1:45:00 PM ,   17100.000,                                  99.778,                                  28.447,                                1018.469,
8/27/2026 1:46:00 PM ,   17160.000,                                  99.767,                                  28.447,                                1018.359,
8/27/2026 1:47:00 PM ,   17220.000,                                  99.740,                                  28.447,                                1018.085,
8/27/2026 1:48:00 PM ,   17280.000,                                  99.783,                                  28.447,                                1018.524,
8/27/2026 1:49:00 PM ,   17340.000,                                  99.762,                                  28.447,                                1018.304,
8/27/2026 1:50:00 PM ,   17400.000,                                  99.756,                                  28.447,                                1018.250,
8/27/2026 1:51:00 PM ,   17460.000,                                  99.765,                                  28.399,                                1018.343,
8/27/2026 1:52:00 PM ,   17520.000,                                  99.762,                                  28.447,                                1018.304,
8/27/2026 1:53:00 PM ,   17580.000,                                  99.723,                                  28.399,                                1017.905,
8/27/2026 1:54:00 PM ,   17640.000,                                  99.740,                                  28.447,                                1018.085,
8/27/2026 1:55:00 PM ,   17700.000,                                  99.740,                                  28.447,                                1018.085,
8/27/2026 1:56:00 PM ,   17760.000,                                  99.778,                                  28.447,                                1018.469,
8/27/2026 1:57:00 PM ,   17820.000,                                  99.733,                                  28.399,                                1018.014,
8/27/2026 1:58:00 PM ,   17880.000,                                  99.719,                                  28.447,                                1017.866,
8/27/2026 1:59:00 PM ,   17940.000,                                  99.749,                                  28.399,                                1018.179,
8/27/2026 2:00:00 PM ,   18000.000,                                  99.739,                                  28.399,                                1018.069,
8/27/2026 2:01:00 PM ,   18060.000,                                  99.739,                                  28.399,                                1018.069,
8/27/2026 2:02:00 PM ,   18120.000,                                  99.696,                                  28.399,                                1017.630,
8/27/2026 2:03:00 PM ,   18180.000,                                  99.751,                                  28.447,                                1018.194,
8/27/2026 2:04:00 PM ,   18240.000,                                  99.755,                                  28.399,                                1018.234,
8/27/2026 2:05:00 PM ,   18300.000,                                  99.751,                                  28.447,                                1018.194,
8/27/2026 2:06:00 PM ,   18360.000,                                  99.749,                                  28.399,                                1018.179,
8/27/2026 2:07:00 PM ,   18420.000,                                  99.735,                                  28.447,                                1018.030,
8/27/2026 2:08:00 PM ,   18480.000,                                  99.729,                                  28.447,                                1017.975,
8/27/2026 2:09:00 PM ,   18540.000,                                  99.755,                                  28.399,                                1018.234,
8/27/2026 2:10:00 PM ,   18600.000,                                  99.756,                                  28.447,                                1018.250,
8/27/2026 2:11:00 PM ,   18660.000,                                  99.713,                                  28.447,                                1017.811,
8/27/2026 2:12:00 PM ,   18720.000,                                  99.740,                                  28.447,                                1018.085,
8/27/2026 2:13:00 PM ,   18780.000,                                  99.740,                                  28.447,                                1018.085,
8/27/2026 2:14:00 PM ,   18840.000,                                  99.746,                                  28.447,                                1018.140,
8/27/2026 2:15:00 PM ,   18900.000,                                  99.724,                                  28.447,                                1017.920,
8/27/2026 2:16:00 PM ,   18960.000,                                  99.735,                                  28.447,                                1018.030,
8/27/2026 2:17:00 PM ,   19020.000,                                  99.728,                                  28.399,                                1017.959,
8/27/2026 2:18:00 PM ,   19080.000,                                  99.771,                                  28.399,                                1018.398,
8/27/2026 2:19:00 PM ,   19140.000,                                  99.751,                                  28.447,                                1018.194,
8/27/2026 2:20:00 PM ,   19200.000,                                  99.744,                                  28.399,                                1018.124,
8/27/2026 2:21:00 PM ,   19260.000,                                  99.749,                                  28.399,                                1018.179,
8/27/2026 2:22:00 PM ,   19320.000,                                  99.723,                                  28.399,                                1017.905,
8/27/2026 2:23:00 PM ,   19380.000,                                  99.772,                                  28.447,                                1018.414,
8/27/2026 2:24:00 PM ,   19440.000,                                  99.744,                                  28.399,                                1018.124,
8/27/2026 2:25:00 PM ,   19500.000,                                  99.746,                                  28.447,                                1018.140,
8/27/2026 2:26:00 PM ,   19560.000,                                  99.776,                                  28.399,                                1018.453,
8/27/2026 2:27:00 PM ,   19620.000,                                  99.765,                                  28.399,                                1018.343,
8/27/2026 2:28:00 PM ,   19680.000,                                  99.733,                                  28.399,                                1018.014,
8/27/2026 2:29:00 PM ,   19740.000,                                  99.765,                                  28.399,                                1018.343,
8/27/2026 2:30:00 PM ,   19800.000,                                  99.717,                                  28.399,                                1017.850,
8/27/2026 2:31:00 PM ,   19860.000,                                  99.782,                                  28.399,                                1018.508,
8/27/2026 2:32:00 PM ,   19920.000,                                  99.776,                                  28.399,                                1018.453,
8/27/2026 2:33:00 PM ,   19980.000,                                  99.759,                                  28.351,                                1018.273,
8/27/2026 2:34:00 PM ,   20040.000,                                  99.723,                                  28.399,                                1017.905,
8/27/2026 2:35:00 PM ,   20100.000,                                  99.723,                                  28.399,                                1017.905,
8/27/2026 2:36:00 PM ,   20160.000,                                  99.780,                                  28.351,                                1018.492,
8/27/2026 2:37:00 PM ,   20220.000,                                  99.787,                                  28.399,                                1018.562,
8/27/2026 2:38:00 PM ,   20280.000,                                  99.716,                                  28.351,                                1017.834,
8/27/2026 2:39:00 PM ,   20340.000,                                  99.742,                                  28.351,                                1018.108,
8/27/2026 2:40:00 PM ,   20400.000,                                  99.759,                                  28.351,                                1018.273,
8/27/2026 2:41:00 PM ,   20460.000,                                  99.748,                                  28.351,                                1018.163,
8/27/2026 2:42:00 PM ,   20520.000,                                  99.759,                                  28.351,                                1018.273,
8/27/2026 2:43:00 PM ,   20580.000,                                  99.710,                                  28.351,                                1017.779,
8/27/2026 2:44:00 PM ,   20640.000,                                  99.737,                                  28.351,                                1018.053,
8/27/2026 2:45:00 PM ,   20700.000,                                  99.741,                                  28.303,                                1018.092,
8/27/2026 2:46:00 PM ,   20760.000,                                  99.714,                                  28.303,                                1017.818,
8/27/2026 2:47:00 PM ,   20820.000,                                  99.737,                                  28.351,                                1018.053,
8/27/2026 2:48:00 PM ,   20880.000,                                  99.764,                                  28.351,                                1018.328,
8/27/2026 2:49:00 PM ,   20940.000,                                  99.805,                                  28.303,                                1018.750,
8/27/2026 2:50:00 PM ,   21000.000,                                  99.732,                                  28.351,                                1017.998,
8/27/2026 2:51:00 PM ,   21060.000,                                  99.752,                                  28.303,                                1018.202,
8/27/2026 2:52:00 PM ,   21120.000,                                  99.757,                                  28.303,                                1018.257,
8/27/2026 2:53:00 PM ,   21180.000,                                  99.725,                                  28.303,                                1017.928,
8/27/2026 2:54:00 PM ,   21240.000,                                  99.755,                                  28.254,                                1018.241,
8/27/2026 2:55:00 PM ,   21300.000,                                  99.719,                                  28.303,                                1017.873,
8/27/2026 2:56:00 PM ,   21360.000,                                  99.745,                                  28.254,                                1018.131,
8/27/2026 2:57:00 PM ,   21420.000,                                  99.755,                                  28.254,                                1018.241,
8/27/2026 2:58:00 PM ,   21480.000,                                  99.729,                                  28.254,                                1017.967,
8/27/2026 2:59:00 PM ,   21540.000,                                  99.729,                                  28.254,                                1017.967,
8/27/2026 3:00:00 PM ,   21600.000,                                  99.743,                                  28.206,                                1018.115,
8/27/2026 3:01:00 PM ,   21660.000,                                  99.782,                                  28.254,                                1018.515,
8/27/2026 3:02:00 PM ,   21720.000,                                  99.738,                                  28.206,                                1018.061,
8/27/2026 3:03:00 PM ,   21780.000,                                  99.754,                                  28.206,                                1018.225,
8/27/2026 3:04:00 PM ,   21840.000,                                  99.752,                                  28.158,                                1018.209,
8/27/2026 3:05:00 PM ,   21900.000,                                  99.732,                                  28.206,                                1018.006,
8/27/2026 3:06:00 PM ,   21960.000,                                  99.745,                                  28.110,                                1018.138,
8/27/2026 3:07:00 PM ,   22020.000,                                  99.727,                                  28.206,                                1017.951,
8/27/2026 3:08:00 PM ,   22080.000,                                  99.763,                                  28.158,                                1018.319,
8/27/2026 3:09:00 PM ,   22140.000,                                  99.763,                                  28.158,                                1018.319,
8/27/2026 3:10:00 PM ,   22200.000,                                  99.713,                                  28.110,                                1017.809,
8/27/2026 3:11:00 PM ,   22260.000,                                  99.724,                                  28.110,                                1017.919,
8/27/2026 3:12:00 PM ,   22320.000,                                  99.762,                                  28.110,                                1018.303,
8/27/2026 3:13:00 PM ,   22380.000,                                  99.724,                                  28.110,                                1017.919,
8/27/2026 3:14:00 PM ,   22440.000,                                  99.778,                                  28.110,                                1018.467,
8/27/2026 3:15:00 PM ,   22500.000,                                  99.756,                                  28.110,                                1018.248,
8/27/2026 3:16:00 PM ,   22560.000,                                  99.808,                                  28.061,                                1018.781,
8/27/2026 3:17:00 PM ,   22620.000,                                  99.808,                                  28.061,                                1018.781,
8/27/2026 3:18:00 PM ,   22680.000,                                  99.798,                                  28.061,                                1018.671,
8/27/2026 3:19:00 PM ,   22740.000,                                  99.776,                                  28.061,                                1018.451,
8/27/2026 3:20:00 PM ,   22800.000,                                  99.755,                                  28.061,                                1018.233,
8/27/2026 3:21:00 PM ,   22860.000,                                  99.801,                                  28.013,                                1018.710,
8/27/2026 3:22:00 PM ,   22920.000,                                  99.796,                                  28.013,                                1018.655,
8/27/2026 3:23:00 PM ,   22980.000,                                  99.773,                                  27.965,                                1018.420,
8/27/2026 3:24:00 PM ,   23040.000,                                  99.796,                                  28.013,                                1018.655,
8/27/2026 3:25:00 PM ,   23100.000,                                  99.780,                                  28.013,                                1018.490,
8/27/2026 3:26:00 PM ,   23160.000,                                  99.778,                                  27.965,                                1018.475,
8/27/2026 3:27:00 PM ,   23220.000,                                  99.784,                                  27.965,                                1018.529,
8/27/2026 3:28:00 PM ,   23280.000,                                  99.805,                                  27.965,                                1018.749,
8/27/2026 3:29:00 PM ,   23340.000,                                  99.804,                                  27.916,                                1018.733,
8/27/2026 3:30:00 PM ,   23400.000,                                  99.800,                                  27.965,                                1018.694,
8/27/2026 3:31:00 PM ,   23460.000,                                  99.782,                                  27.916,                                1018.514,
8/27/2026 3:32:00 PM ,   23520.000,                                  99.788,                                  27.916,                                1018.568,
8/27/2026 3:33:00 PM ,   23580.000,                                  99.786,                                  27.868,                                1018.553,
8/27/2026 3:34:00 PM ,   23640.000,                                  99.764,                                  27.868,                                1018.333,
8/27/2026 3:35:00 PM ,   23700.000,                                  99.790,                                  27.820,                                1018.591,
8/27/2026 3:36:00 PM ,   23760.000,                                  99.817,                                  27.820,                                1018.865,
8/27/2026 3:37:00 PM ,   23820.000,                                  99.811,                                  27.820,                                1018.811,
8/27/2026 3:38:00 PM ,   23880.000,                                  99.827,                                  27.820,                                1018.975,
8/27/2026 3:39:00 PM ,   23940.000,                                  99.779,                                  27.820,                                1018.482,
8/27/2026 3:40:00 PM ,   24000.000,                                  99.853,                                  27.771,                                1019.233,
8/27/2026 3:41:00 PM ,   24060.000,                                  99.869,                                  27.771,                                1019.398,
8/27/2026 3:42:00 PM ,   24120.000,                                  99.873,                                  27.723,                                1019.436,
8/27/2026 3:43:00 PM ,   24180.000,                                  99.839,                                  27.675,                                1019.092,
8/27/2026 3:44:00 PM ,   24240.000,                                  99.817,                                  27.675,                                1018.872,
8/27/2026 3:45:00 PM ,   24300.000,                                  99.840,                                  27.723,                                1019.108,
8/27/2026 3:46:00 PM ,   24360.000,                                  99.848,                                  27.626,                                1019.186,
8/27/2026 3:47:00 PM ,   24420.000,                                  99.821,                                  27.626,                                1018.911,
8/27/2026 3:48:00 PM ,   24480.000,                                  99.850,                                  27.675,                                1019.202,
8/27/2026 3:49:00 PM ,   24540.000,                                  99.859,                                  27.626,                                1019.295,
8/27/2026 3:50:00 PM ,   24600.000,                                  99.841,                                  27.578,                                1019.115,
8/27/2026 3:51:00 PM ,   24660.000,                                  99.857,                                  27.578,                                1019.279,
8/27/2026 3:52:00 PM ,   24720.000,                                  99.884,                                  27.578,                                1019.553,
8/27/2026 3:53:00 PM ,   24780.000,                                  99.868,                                  27.578,                                1019.389,
8/27/2026 3:54:00 PM ,   24840.000,                                  99.866,                                  27.529,                                1019.373,
8/27/2026 3:55:00 PM ,   24900.000,                                  99.854,                                  27.481,                                1019.247,
8/27/2026 3:56:00 PM ,   24960.000,                                  99.908,                                  27.481,                                1019.795,
8/27/2026 3:57:00 PM ,   25020.000,                                  99.849,                                  27.481,                                1019.193,
8/27/2026 3:58:00 PM ,   25080.000,                                  99.902,                                  27.481,                                1019.741,
8/27/2026 3:59:00 PM ,   25140.000,                                  99.858,                                  27.433,                                1019.286,
8/27/2026 4:00:00 PM ,   25200.000,                                  99.870,                                  27.481,                                1019.412,
8/27/2026 4:01:00 PM ,   25260.000,                                  99.869,                                  27.433,                                1019.396,
8/27/2026 4:02:00 PM ,   25320.000,                                  99.881,                                  27.481,                                1019.521,
8/27/2026 4:03:00 PM ,   25380.000,                                  99.840,                                  27.384,                                1019.106,
8/27/2026 4:04:00 PM ,   25440.000,                                  99.878,                                  27.384,                                1019.489,
8/27/2026 4:05:00 PM ,   25500.000,                                  99.862,                                  27.384,                                1019.325,
8/27/2026 4:06:00 PM ,   25560.000,                                  99.888,                                  27.384,                                1019.599,
8/27/2026 4:07:00 PM ,   25620.000,                                  99.829,                                  27.384,                                1018.996,
8/27/2026 4:08:00 PM ,   25680.000,                                  99.903,                                  27.336,                                1019.748,
8/27/2026 4:09:00 PM ,   25740.000,                                  99.871,                                  27.336,                                1019.419,
8/27/2026 4:10:00 PM ,   25800.000,                                  99.925,                                  27.336,                                1019.967,
8/27/2026 4:11:00 PM ,   25860.000,                                  99.880,                                  27.287,                                1019.512,
8/27/2026 4:12:00 PM ,   25920.000,                                  99.903,                                  27.336,                                1019.748,
8/27/2026 4:13:00 PM ,   25980.000,                                  99.858,                                  27.287,                                1019.293,
8/27/2026 4:14:00 PM ,   26040.000,                                  99.918,                                  27.287,                                1019.896,
8/27/2026 4:15:00 PM ,   26100.000,                                  99.869,                                  27.287,                                1019.403,
8/27/2026 4:16:00 PM ,   26160.000,                                  99.916,                                  27.239,                                1019.880,
8/27/2026 4:17:00 PM ,   26220.000,                                  99.853,                                  27.287,                                1019.238,
8/27/2026 4:18:00 PM ,   26280.000,                                  99.852,                                  27.239,                                1019.222,
8/27/2026 4:19:00 PM ,   26340.000,                                  99.866,                                  27.190,                                1019.371,
8/27/2026 4:20:00 PM ,   26400.000,                                  99.862,                                  27.239,                                1019.332,
8/27/2026 4:21:00 PM ,   26460.000,                                  99.877,                                  27.190,                                1019.480,
8/27/2026 4:22:00 PM ,   26520.000,                                  99.848,                                  27.142,                                1019.190,
8/27/2026 4:23:00 PM ,   26580.000,                                  99.845,                                  27.190,                                1019.151,
8/27/2026 4:24:00 PM ,   26640.000,                                  99.855,                                  27.190,                                1019.261,
8/27/2026 4:25:00 PM ,   26700.000,                                  99.834,                                  27.190,                                1019.042,
8/27/2026 4:26:00 PM ,   26760.000,                                  99.861,                                  27.190,                                1019.316,
8/27/2026 4:27:00 PM ,   26820.000,                                  99.859,                                  27.142,                                1019.300,
8/27/2026 4:28:00 PM ,   26880.000,                                  99.875,                                  27.142,                                1019.464,
8/27/2026 4:29:00 PM ,   26940.000,                                  99.881,                                  27.142,                                1019.519,
8/27/2026 4:30:00 PM ,   27000.000,                                  99.868,                                  27.093,                                1019.394,
8/27/2026 4:31:00 PM ,   27060.000,                                  99.870,                                  27.142,                                1019.410,
8/27/2026 4:32:00 PM ,   27120.000,                                  99.852,                                  27.093,                                1019.229,
8/27/2026 4:33:00 PM ,   27180.000,                                  99.874,                                  27.093,                                1019.448,
8/27/2026 4:34:00 PM ,   27240.000,                                  99.886,                                  27.142,                                1019.574,
8/27/2026 4:35:00 PM ,   27300.000,                                  99.861,                                  27.045,                                1019.323,
8/27/2026 4:36:00 PM ,   27360.000,                                  99.878,                                  27.045,                                1019.487,
8/27/2026 4:37:00 PM ,   27420.000,                                  99.888,                                  27.045,                                1019.597,
8/27/2026 4:38:00 PM ,   27480.000,                                  99.835,                                  27.045,                                1019.049,
8/27/2026 4:39:00 PM ,   27540.000,                                  99.883,                                  27.045,                                1019.542,
8/27/2026 4:40:00 PM ,   27600.000,                                  99.887,                                  26.996,                                1019.581,
8/27/2026 4:41:00 PM ,   27660.000,                                  99.881,                                  26.996,                                1019.526,
8/27/2026 4:42:00 PM ,   27720.000,                                  99.881,                                  26.996,                                1019.526,
8/27/2026 4:43:00 PM ,   27780.000,                                  99.887,                                  26.996,                                1019.581,
8/27/2026 4:44:00 PM ,   27840.000,                                  99.844,                                  26.996,                                1019.142,
8/27/2026 4:45:00 PM ,   27900.000,                                  99.842,                                  26.948,                                1019.126,
8/27/2026 4:46:00 PM ,   27960.000,                                  99.826,                                  26.948,                                1018.962,
8/27/2026 4:47:00 PM ,   28020.000,                                  99.876,                                  26.996,                                1019.471,
8/27/2026 4:48:00 PM ,   28080.000,                                  99.871,                                  26.996,                                1019.416,
8/27/2026 4:49:00 PM ,   28140.000,                                  99.874,                                  26.948,                                1019.455,
8/27/2026 4:50:00 PM ,   28200.000,                                  99.869,                                  26.948,                                1019.400,
8/27/2026 4:51:00 PM ,   28260.000,                                  99.864,                                  26.948,                                1019.345,
8/27/2026 4:52:00 PM ,   28320.000,                                  99.874,                                  26.948,                                1019.455,
8/27/2026 4:53:00 PM ,   28380.000,                                  99.874,                                  26.948,                                1019.455,
8/27/2026 4:54:00 PM ,   28440.000,                                  99.841,                                  26.899,                                1019.110,
8/27/2026 4:55:00 PM ,   28500.000,                                  99.862,                                  26.899,                                1019.330,
8/27/2026 4:56:00 PM ,   28560.000,                                  99.861,                                  26.851,                                1019.314,
8/27/2026 4:57:00 PM ,   28620.000,                                  99.917,                                  26.948,                                1019.894,
8/27/2026 4:58:00 PM ,   28680.000,                                  99.886,                                  26.802,                                1019.572,
8/27/2026 4:59:00 PM ,   28740.000,                                  99.877,                                  26.851,                                1019.478,
8/27/2026 5:00:00 PM ,   28800.000,                                  99.859,                                  26.802,                                1019.298,
8/27/2026 5:01:00 PM ,   28860.000,                                  99.889,                                  26.899,                                1019.604,
8/27/2026 5:02:00 PM ,   28920.000,                                  99.864,                                  26.802,                                1019.352,
8/27/2026 5:03:00 PM ,   28980.000,                                  99.900,                                  26.899,                                1019.713,
8/27/2026 5:04:00 PM ,   29040.000,                                  99.894,                                  26.899,                                1019.658,
8/27/2026 5:05:00 PM ,   29100.000,                                  99.871,                                  26.851,                                1019.423,
8/27/2026 5:06:00 PM ,   29160.000,                                  99.914,                                  26.851,                                1019.862,
8/27/2026 5:07:00 PM ,   29220.000,                                  99.879,                                  26.754,                                1019.501,
8/27/2026 5:08:00 PM ,   29280.000,                                  99.920,                                  26.851,                                1019.916,
8/27/2026 5:09:00 PM ,   29340.000,                                  99.866,                                  26.851,                                1019.368,
8/27/2026 5:10:00 PM ,   29400.000,                                  99.863,                                  26.754,                                1019.336,
8/27/2026 5:11:00 PM ,   29460.000,                                  99.911,                                  26.754,                                1019.830,
8/27/2026 5:12:00 PM ,   29520.000,                                  99.913,                                  26.802,                                1019.846,
8/27/2026 5:13:00 PM ,   29580.000,                                  99.868,                                  26.754,                                1019.391,
8/27/2026 5:14:00 PM ,   29640.000,                                  99.870,                                  26.802,                                1019.407,
8/27/2026 5:15:00 PM ,   29700.000,                                  99.834,                                  26.705,                                1019.046,
8/27/2026 5:16:00 PM ,   29760.000,                                  99.867,                                  26.705,                                1019.375,
8/27/2026 5:17:00 PM ,   29820.000,                                  99.877,                                  26.705,                                1019.485,
8/27/2026 5:18:00 PM ,   29880.000,                                  99.850,                                  26.705,                                1019.211,
8/27/2026 5:19:00 PM ,   29940.000,                                  99.867,                                  26.705,                                1019.375,
8/27/2026 5:20:00 PM ,   30000.000,                                  99.856,                                  26.705,                                1019.266,
8/27/2026 5:21:00 PM ,   30060.000,                                  99.867,                                  26.705,                                1019.375,
8/27/2026 5:22:00 PM ,   30120.000,                                  99.854,                                  26.657,                                1019.249,
8/27/2026 5:23:00 PM ,   30180.000,                                  99.892,                                  26.657,                                1019.633,
8/27/2026 5:24:00 PM ,   30240.000,                                  99.870,                                  26.657,                                1019.414,
8/27/2026 5:25:00 PM ,   30300.000,                                  99.867,                                  26.705,                                1019.375,
8/27/2026 5:26:00 PM ,   30360.000,                                  99.820,                                  26.754,                                1018.898,
8/27/2026 5:27:00 PM ,   30420.000,                                  99.875,                                  26.802,                                1019.462,
8/27/2026 5:28:00 PM ,   30480.000,                                  99.875,                                  26.802,                                1019.462,
8/27/2026 5:29:00 PM ,   30540.000,                                  99.886,                                  26.802,                                1019.572,
8/27/2026 5:30:00 PM ,   30600.000,                                  99.811,                                  26.802,                                1018.804,
8/27/2026 5:31:00 PM ,   30660.000,                                  99.865,                                  26.657,                                1019.359,
8/27/2026 5:32:00 PM ,   30720.000,                                  99.856,                                  26.705,                                1019.266,
8/27/2026 5:33:00 PM ,   30780.000,                                  99.863,                                  26.608,                                1019.343,
8/27/2026 5:34:00 PM ,   30840.000,                                  99.847,                                  26.608,                                1019.178,
8/27/2026 5:35:00 PM ,   30900.000,                                  99.826,                                  26.608,                                1018.960,
8/27/2026 5:36:00 PM ,   30960.000,                                  99.833,                                  26.657,                                1019.030,
8/27/2026 5:37:00 PM ,   31020.000,                                  99.842,                                  26.608,                                1019.124,
8/27/2026 5:38:00 PM ,   31080.000,                                  99.874,                                  26.754,                                1019.446,
8/27/2026 5:39:00 PM ,   31140.000,                                  99.865,                                  26.657,                                1019.359,
8/27/2026 5:40:00 PM ,   31200.000,                                  99.854,                                  26.657,                                1019.249,
8/27/2026 5:41:00 PM ,   31260.000,                                  99.849,                                  26.657,                                1019.195,
8/27/2026 5:42:00 PM ,   31320.000,                                  99.874,                                  26.608,                                1019.453,
8/27/2026 5:43:00 PM ,   31380.000,                                  99.819,                                  26.559,                                1018.889,
8/27/2026 5:44:00 PM ,   31440.000,                                  99.906,                                  26.608,                                1019.782,
8/27/2026 5:45:00 PM ,   31500.000,                                  99.924,                                  26.657,                                1019.962,
8/27/2026 5:46:00 PM ,   31560.000,                                  99.885,                                  26.608,                                1019.562,
8/27/2026 5:47:00 PM ,   31620.000,                                  99.886,                                  26.657,                                1019.578,
8/27/2026 5:48:00 PM ,   31680.000,                                  99.865,                                  26.657,                                1019.359,
8/27/2026 5:49:00 PM ,   31740.000,                                  99.868,                                  26.754,                                1019.391,
8/27/2026 5:50:00 PM ,   31800.000,                                  99.863,                                  26.608,                                1019.343,
8/27/2026 5:51:00 PM ,   31860.000,                                  99.790,                                  26.657,                                1018.592,
8/27/2026 5:52:00 PM ,   31920.000,                                  99.826,                                  26.608,                                1018.960,
8/27/2026 5:53:00 PM ,   31980.000,                                  99.761,                                  26.608,                                1018.302,
8/27/2026 5:54:00 PM ,   32040.000,                                  99.761,                                  26.608,                                1018.302,
8/27/2026 5:55:00 PM ,   32100.000,                                  99.772,                                  26.608,                                1018.411,
8/27/2026 5:56:00 PM ,   32160.000,                                  99.794,                                  26.608,                                1018.630,
8/27/2026 5:57:00 PM ,   32220.000,                                  99.751,                                  26.608,                                1018.192,
8/27/2026 5:58:00 PM ,   32280.000,                                  99.761,                                  26.608,                                1018.302,
8/27/2026 5:59:00 PM ,   32340.000,                                  99.787,                                  26.559,                                1018.560,
8/27/2026 6:00:00 PM ,   32400.000,                                  99.808,                                  26.559,                                1018.779,
8/27/2026 6:01:00 PM ,   32460.000,                                  99.808,                                  26.559,                                1018.779,
8/27/2026 6:02:00 PM ,   32520.000,                                  99.820,                                  26.608,                                1018.905,
8/27/2026 6:03:00 PM ,   32580.000,                                  99.807,                                  26.511,                                1018.763,
8/27/2026 6:04:00 PM ,   32640.000,                                  99.776,                                  26.559,                                1018.450,
8/27/2026 6:05:00 PM ,   32700.000,                                  99.830,                                  26.559,                                1018.998,
8/27/2026 6:06:00 PM ,   32760.000,                                  99.808,                                  26.559,                                1018.779,
8/27/2026 6:07:00 PM ,   32820.000,                                  99.812,                                  26.511,                                1018.818,
8/27/2026 6:08:00 PM ,   32880.000,                                  99.792,                                  26.559,                                1018.615,
8/27/2026 6:09:00 PM ,   32940.000,                                  99.828,                                  26.511,                                1018.982,
8/27/2026 6:10:00 PM ,   33000.000,                                  99.792,                                  26.559,                                1018.615,
8/27/2026 6:11:00 PM ,   33060.000,                                  99.817,                                  26.511,                                1018.873,
8/27/2026 6:12:00 PM ,   33120.000,                                  99.860,                                  26.511,                                1019.311,
8/27/2026 6:13:00 PM ,   33180.000,                                  99.803,                                  26.559,                                1018.724,
8/27/2026 6:14:00 PM ,   33240.000,                                  99.814,                                  26.559,                                1018.834,
8/27/2026 6:15:00 PM ,   33300.000,                                  99.876,                                  26.511,                                1019.475,
8/27/2026 6:16:00 PM ,   33360.000,                                  99.862,                                  26.559,                                1019.327,
8/27/2026 6:17:00 PM ,   33420.000,                                  99.878,                                  26.559,                                1019.491,
8/27/2026 6:18:00 PM ,   33480.000,                                  99.830,                                  26.559,                                1018.998,
8/27/2026 6:19:00 PM ,   33540.000,                                  99.821,                                  26.462,                                1018.912,
8/27/2026 6:20:00 PM ,   33600.000,                                  99.797,                                  26.559,                                1018.669,
8/27/2026 6:21:00 PM ,   33660.000,                                  99.796,                                  26.511,                                1018.654,
8/27/2026 6:22:00 PM ,   33720.000,                                  99.833,                                  26.511,                                1019.037,
8/27/2026 6:23:00 PM ,   33780.000,                                  99.817,                                  26.511,                                1018.873,
8/27/2026 6:24:00 PM ,   33840.000,                                  99.800,                                  26.462,                                1018.692,
8/27/2026 6:25:00 PM ,   33900.000,                                  99.848,                                  26.462,                                1019.185,
8/27/2026 6:26:00 PM ,   33960.000,                                  99.810,                                  26.462,                                1018.802,
8/27/2026 6:27:00 PM ,   34020.000,                                  99.805,                                  26.462,                                1018.747,
8/27/2026 6:28:00 PM ,   34080.000,                                  99.857,                                  26.414,                                1019.279,
8/27/2026 6:29:00 PM ,   34140.000,                                  99.829,                                  26.365,                                1018.989,
8/27/2026 6:30:00 PM ,   34200.000,                                  99.834,                                  26.365,                                1019.044,
8/27/2026 6:31:00 PM ,   34260.000,                                  99.862,                                  26.414,                                1019.334,
8/27/2026 6:32:00 PM ,   34320.000,                                  99.864,                                  26.462,                                1019.350,
8/27/2026 6:33:00 PM ,   34380.000,                                  99.867,                                  26.559,                                1019.382,
8/27/2026 6:34:00 PM ,   34440.000,                                  99.875,                                  26.462,                                1019.459,
8/27/2026 6:35:00 PM ,   34500.000,                                  99.867,                                  26.559,                                1019.382,
8/27/2026 6:36:00 PM ,   34560.000,                                  99.909,                                  26.511,                                1019.804,
8/27/2026 6:37:00 PM ,   34620.000,                                  99.878,                                  26.559,                                1019.491,
8/27/2026 6:38:00 PM ,   34680.000,                                  99.876,                                  26.511,                                1019.475,
8/27/2026 6:39:00 PM ,   34740.000,                                  99.876,                                  26.511,                                1019.475,
8/27/2026 6:40:00 PM ,   34800.000,                                  99.830,                                  26.414,                                1019.005,
8/27/2026 6:41:00 PM ,   34860.000,                                  99.875,                                  26.462,                                1019.459,
8/27/2026 6:42:00 PM ,   34920.000,                                  99.862,                                  26.414,                                1019.334,
8/27/2026 6:43:00 PM ,   34980.000,                                  99.860,                                  26.511,                                1019.311,
8/27/2026 6:44:00 PM ,   35040.000,                                  99.839,                                  26.511,                                1019.092,
8/27/2026 6:45:00 PM ,   35100.000,                                  99.887,                                  26.511,                                1019.585,
8/27/2026 6:46:00 PM ,   35160.000,                                  99.855,                                  26.511,                                1019.256,
8/27/2026 6:47:00 PM ,   35220.000,                                  99.889,                                  26.414,                                1019.608,
8/27/2026 6:48:00 PM ,   35280.000,                                  99.915,                                  26.365,                                1019.866,
8/27/2026 6:49:00 PM ,   35340.000,                                  99.904,                                  26.365,                                1019.756,
8/27/2026 6:50:00 PM ,   35400.000,                                  99.886,                                  26.316,                                1019.576,
8/27/2026 6:51:00 PM ,   35460.000,                                  99.866,                                  26.511,                                1019.366,
8/27/2026 6:52:00 PM ,   35520.000,                                  99.884,                                  26.414,                                1019.553,
8/27/2026 6:53:00 PM ,   35580.000,                                  99.889,                                  26.414,                                1019.608,
8/27/2026 6:54:00 PM ,   35640.000,                                  99.873,                                  26.414,                                1019.443,
8/27/2026 6:55:00 PM ,   35700.000,                                  99.865,                                  26.316,                                1019.357,
8/27/2026 6:56:00 PM ,   35760.000,                                  99.881,                                  26.316,                                1019.521,
8/27/2026 6:57:00 PM ,   35820.000,                                  99.875,                                  26.316,                                1019.466,
8/27/2026 6:58:00 PM ,   35880.000,                                  99.881,                                  26.316,                                1019.521,
8/27/2026 6:59:00 PM ,   35940.000,                                  99.902,                                  26.316,                                1019.740,
8/27/2026 7:00:00 PM ,   36000.000,                                  99.902,                                  26.316,                                1019.740,
8/27/2026 7:01:00 PM ,   36060.000,                                  99.895,                                  26.268,                                1019.669,
8/27/2026 7:02:00 PM ,   36120.000,                                  99.886,                                  26.316,                                1019.576,
8/27/2026 7:03:00 PM ,   36180.000,                                  99.895,                                  26.414,                                1019.663,
8/27/2026 7:04:00 PM ,   36240.000,                                  99.901,                                  26.268,                                1019.724,
8/27/2026 7:05:00 PM ,   36300.000,                                  99.900,                                  26.414,                                1019.717,
8/27/2026 7:06:00 PM ,   36360.000,                                  99.872,                                  26.365,                                1019.427,
8/27/2026 7:07:00 PM ,   36420.000,                                  99.879,                                  26.414,                                1019.498,
8/27/2026 7:08:00 PM ,   36480.000,                                  99.875,                                  26.316,                                1019.466,
8/27/2026 7:09:00 PM ,   36540.000,                                  99.971,                                  26.268,                                1020.436,
8/27/2026 7:10:00 PM ,   36600.000,                                  99.871,                                  26.511,                                1019.421,
8/27/2026 7:11:00 PM ,   36660.000,                                  99.956,                                  26.316,                                1020.288,
8/27/2026 7:12:00 PM ,   36720.000,                                  99.907,                                  26.462,                                1019.788,
8/27/2026 7:13:00 PM ,   36780.000,                                  99.895,                                  26.268,                                1019.669,
8/27/2026 7:14:00 PM ,   36840.000,                                  99.902,                                  26.462,                                1019.734,
8/27/2026 7:15:00 PM ,   36900.000,                                  99.895,                                  26.268,                                1019.669,
8/27/2026 7:16:00 PM ,   36960.000,                                  99.923,                                  26.462,                                1019.953,
8/27/2026 7:17:00 PM ,   37020.000,                                  99.901,                                  26.268,                                1019.724,
8/27/2026 7:18:00 PM ,   37080.000,                                  99.879,                                  26.414,                                1019.498,
8/27/2026 7:19:00 PM ,   37140.000,                                  99.908,                                  26.316,                                1019.795,
8/27/2026 7:20:00 PM ,   37200.000,                                  99.892,                                  26.170,                                1019.637,
8/27/2026 7:21:00 PM ,   37260.000,                                  99.895,                                  26.268,                                1019.669,
8/27/2026 7:22:00 PM ,   37320.000,                                  99.883,                                  26.219,                                1019.544,
8/27/2026 7:23:00 PM ,   37380.000,                                  99.933,                                  26.268,                                1020.053,
8/27/2026 7:24:00 PM ,   37440.000,                                  99.910,                                  26.219,                                1019.818,
8/27/2026 7:25:00 PM ,   37500.000,                                  99.883,                                  26.219,                                1019.544,
8/27/2026 7:26:00 PM ,   37560.000,                                  99.906,                                  26.268,                                1019.779,
8/27/2026 7:27:00 PM ,   37620.000,                                  99.893,                                  26.365,                                1019.647,
8/27/2026 7:28:00 PM ,   37680.000,                                  99.936,                                  26.365,                                1020.085,
8/27/2026 7:29:00 PM ,   37740.000,                                  99.890,                                  26.268,                                1019.615,
8/27/2026 7:30:00 PM ,   37800.000,                                  99.922,                                  26.414,                                1019.936,
8/27/2026 7:31:00 PM ,   37860.000,                                  99.905,                                  26.414,                                1019.772,
8/27/2026 7:32:00 PM ,   37920.000,                                  99.873,                                  26.414,                                1019.443,
8/27/2026 7:33:00 PM ,   37980.000,                                  99.888,                                  26.365,                                1019.592,
8/27/2026 7:34:00 PM ,   38040.000,                                  99.868,                                  26.414,                                1019.389,
8/27/2026 7:35:00 PM ,   38100.000,                                  99.909,                                  26.365,                                1019.811,
8/27/2026 7:36:00 PM ,   38160.000,                                  99.885,                                  26.268,                                1019.560,
8/27/2026 7:37:00 PM ,   38220.000,                                  99.911,                                  26.268,                                1019.834,
8/27/2026 7:38:00 PM ,   38280.000,                                  99.915,                                  26.365,                                1019.866,
8/27/2026 7:39:00 PM ,   38340.000,                                  99.942,                                  26.219,                                1020.146,
8/27/2026 7:40:00 PM ,   38400.000,                                  99.960,                                  26.268,                                1020.327,
8/27/2026 7:41:00 PM ,   38460.000,                                  99.903,                                  26.170,                                1019.747,
8/27/2026 7:42:00 PM ,   38520.000,                                  99.893,                                  26.365,                                1019.647,
8/27/2026 7:43:00 PM ,   38580.000,                                  99.906,                                  26.268,                                1019.779,
8/27/2026 7:44:00 PM ,   38640.000,                                  99.908,                                  26.316,                                1019.795,
8/27/2026 7:45:00 PM ,   38700.000,                                  99.933,                                  26.268,                                1020.053,
8/27/2026 7:46:00 PM ,   38760.000,                                  99.901,                                  26.268,                                1019.724,
8/27/2026 7:47:00 PM ,   38820.000,                                  99.901,                                  26.268,                                1019.724,
8/27/2026 7:48:00 PM ,   38880.000,                                  99.906,                                  26.268,                                1019.779,
8/27/2026 7:49:00 PM ,   38940.000,                                  99.906,                                  26.268,                                1019.779,
8/27/2026 7:50:00 PM ,   39000.000,                                  99.944,                                  26.268,                                1020.162,
8/27/2026 7:51:00 PM ,   39060.000,                                  99.906,                                  26.268,                                1019.779,
8/27/2026 7:52:00 PM ,   39120.000,                                  99.928,                                  26.268,                                1019.998,
8/27/2026 7:53:00 PM ,   39180.000,                                  99.928,                                  26.268,                                1019.998,
8/27/2026 7:54:00 PM ,   39240.000,                                  99.929,                                  26.316,                                1020.014,
8/27/2026 7:55:00 PM ,   39300.000,                                  99.901,                                  26.268,                                1019.724,
8/27/2026 7:56:00 PM ,   39360.000,                                  99.928,                                  26.268,                                1019.998,
8/27/2026 7:57:00 PM ,   39420.000,                                  99.929,                                  26.316,                                1020.014,
8/27/2026 7:58:00 PM ,   39480.000,                                  99.961,                                  26.316,                                1020.343,
8/27/2026 7:59:00 PM ,   39540.000,                                  99.960,                                  26.268,                                1020.327,
8/27/2026 8:00:00 PM ,   39600.000,                                  99.947,                                  26.219,                                1020.201,
8/27/2026 8:01:00 PM ,   39660.000,                                  99.960,                                  26.268,                                1020.327,
8/27/2026 8:02:00 PM ,   39720.000,                                  99.928,                                  26.268,                                1019.998,
8/27/2026 8:03:00 PM ,   39780.000,                                  99.947,                                  26.219,                                1020.201,
8/27/2026 8:04:00 PM ,   39840.000,                                  99.926,                                  26.219,                                1019.982,
8/27/2026 8:05:00 PM ,   39900.000,                                  99.937,                                  26.219,                                1020.091,
8/27/2026 8:06:00 PM ,   39960.000,                                  99.935,                                  26.170,                                1020.075,
8/27/2026 8:07:00 PM ,   40020.000,                                  99.947,                                  26.219,                                1020.201,
8/27/2026 8:08:00 PM ,   40080.000,                                  99.941,                                  26.170,                                1020.130,
8/27/2026 8:09:00 PM ,   40140.000,                                  99.921,                                  26.073,                                1019.934,
8/27/2026 8:10:00 PM ,   40200.000,                                  99.928,                                  26.268,                                1019.998,
8/27/2026 8:11:00 PM ,   40260.000,                                  99.924,                                  26.316,                                1019.959,
8/27/2026 8:12:00 PM ,   40320.000,                                  99.930,                                  26.170,                                1020.021,
8/27/2026 8:13:00 PM ,   40380.000,                                  99.948,                                  26.073,                                1020.208,
8/27/2026 8:14:00 PM ,   40440.000,                                  99.937,                                  26.219,                                1020.091,
8/27/2026 8:15:00 PM ,   40500.000,                                  99.958,                                  26.219,                                1020.311,
8/27/2026 8:16:00 PM ,   40560.000,                                  99.946,                                  26.170,                                1020.185,
8/27/2026 8:17:00 PM ,   40620.000,                                  99.911,                                  26.073,                                1019.824,
8/27/2026 8:18:00 PM ,   40680.000,                                  99.982,                                  26.122,                                1020.552,
8/27/2026 8:19:00 PM ,   40740.000,                                  99.939,                                  26.122,                                1020.114,
8/27/2026 8:20:00 PM ,   40800.000,                                  99.924,                                  26.170,                                1019.966,
8/27/2026 8:21:00 PM ,   40860.000,                                  99.893,                                  26.024,                                1019.644,
8/27/2026 8:22:00 PM ,   40920.000,                                  99.923,                                  26.122,                                1019.950,
8/27/2026 8:23:00 PM ,   40980.000,                                  99.943,                                  26.073,                                1020.153,
8/27/2026 8:24:00 PM ,   41040.000,                                  99.946,                                  26.170,                                1020.185,
8/27/2026 8:25:00 PM ,   41100.000,                                  99.894,                                  26.219,                                1019.653,
8/27/2026 8:26:00 PM ,   41160.000,                                  99.908,                                  26.170,                                1019.802,
8/27/2026 8:27:00 PM ,   41220.000,                                  99.898,                                  26.170,                                1019.692,
8/27/2026 8:28:00 PM ,   41280.000,                                  99.885,                                  26.122,                                1019.566,
8/27/2026 8:29:00 PM ,   41340.000,                                  99.888,                                  26.219,                                1019.598,
8/27/2026 8:30:00 PM ,   41400.000,                                  99.918,                                  26.122,                                1019.895,
8/27/2026 8:31:00 PM ,   41460.000,                                  99.915,                                  26.219,                                1019.872,
8/27/2026 8:32:00 PM ,   41520.000,                                  99.896,                                  26.122,                                1019.676,
8/27/2026 8:33:00 PM ,   41580.000,                                  99.909,                                  26.024,                                1019.808,
8/27/2026 8:34:00 PM ,   41640.000,                                  99.893,                                  26.024,                                1019.644,
8/27/2026 8:35:00 PM ,   41700.000,                                  99.927,                                  26.073,                                1019.988,
8/27/2026 8:36:00 PM ,   41760.000,                                  99.888,                                  26.219,                                1019.598,
8/27/2026 8:37:00 PM ,   41820.000,                                  99.918,                                  26.122,                                1019.895,
8/27/2026 8:38:00 PM ,   41880.000,                                  99.920,                                  26.024,                                1019.917,
8/27/2026 8:39:00 PM ,   41940.000,                                  99.900,                                  26.073,                                1019.715,
8/27/2026 8:40:00 PM ,   42000.000,                                  99.927,                                  26.073,                                1019.988,
8/27/2026 8:41:00 PM ,   42060.000,                                  99.901,                                  26.122,                                1019.731,
8/27/2026 8:42:00 PM ,   42120.000,                                  99.894,                                  26.073,                                1019.660,
8/27/2026 8:43:00 PM ,   42180.000,                                  99.891,                                  26.122,                                1019.621,
8/27/2026 8:44:00 PM ,   42240.000,                                  99.878,                                  26.073,                                1019.495,
8/27/2026 8:45:00 PM ,   42300.000,                                  99.927,                                  26.073,                                1019.988,
8/27/2026 8:46:00 PM ,   42360.000,                                  99.927,                                  26.073,                                1019.988,
8/27/2026 8:47:00 PM ,   42420.000,                                  99.868,                                  26.073,                                1019.386,
8/27/2026 8:48:00 PM ,   42480.000,                                  99.943,                                  26.073,                                1020.153,
8/27/2026 8:49:00 PM ,   42540.000,                                  99.880,                                  26.122,                                1019.512,
8/27/2026 8:50:00 PM ,   42600.000,                                  99.901,                                  26.122,                                1019.731,
8/27/2026 8:51:00 PM ,   42660.000,                                  99.921,                                  26.073,                                1019.934,
8/27/2026 8:52:00 PM ,   42720.000,                                  99.901,                                  26.122,                                1019.731,
8/27/2026 8:53:00 PM ,   42780.000,                                  99.948,                                  26.073,                                1020.208,
8/27/2026 8:54:00 PM ,   42840.000,                                  99.878,                                  26.073,                                1019.495,
8/27/2026 8:55:00 PM ,   42900.000,                                  99.943,                                  26.073,                                1020.153,
8/27/2026 8:56:00 PM ,   42960.000,                                  99.861,                                  25.878,                                1019.322,
8/27/2026 8:57:00 PM ,   43020.000,                                  99.910,                                  25.878,                                1019.815,
8/27/2026 8:58:00 PM ,   43080.000,                                  99.915,                                  25.878,                                1019.869,
8/27/2026 8:59:00 PM ,   43140.000,                                  99.926,                                  25.878,                                1019.979,
8/27/2026 9:00:00 PM ,   43200.000,                                  99.899,                                  25.878,                                1019.705,
8/27/2026 9:01:00 PM ,   43260.000,                                  99.876,                                  26.170,                                1019.472,
8/27/2026 9:02:00 PM ,   43320.000,                                  99.921,                                  26.219,                                1019.927,
8/27/2026 9:03:00 PM ,   43380.000,                                  99.893,                                  26.024,                                1019.644,
8/27/2026 9:04:00 PM ,   43440.000,                                  99.908,                                  26.170,                                1019.802,
8/27/2026 9:05:00 PM ,   43500.000,                                  99.860,                                  26.170,                                1019.308,
8/27/2026 9:06:00 PM ,   43560.000,                                  99.860,                                  26.170,                                1019.308,
8/27/2026 9:07:00 PM ,   43620.000,                                  99.836,                                  25.927,                                1019.064,
8/27/2026 9:08:00 PM ,   43680.000,                                  99.851,                                  26.219,                                1019.215,
8/27/2026 9:09:00 PM ,   43740.000,                                  99.867,                                  26.219,                                1019.379,
8/27/2026 9:10:00 PM ,   43800.000,                                  99.902,                                  25.976,                                1019.737,
8/27/2026 9:11:00 PM ,   43860.000,                                  99.889,                                  26.073,                                1019.605,
8/27/2026 9:12:00 PM ,   43920.000,                                  99.879,                                  25.927,                                1019.502,
8/27/2026 9:13:00 PM ,   43980.000,                                  99.914,                                  26.170,                                1019.856,
8/27/2026 9:14:00 PM ,   44040.000,                                  99.887,                                  26.170,                                1019.582,
8/27/2026 9:15:00 PM ,   44100.000,                                  99.860,                                  26.170,                                1019.308,
8/27/2026 9:16:00 PM ,   44160.000,                                  99.824,                                  26.219,                                1018.941,
8/27/2026 9:17:00 PM ,   44220.000,                                  99.841,                                  25.927,                                1019.118,
8/27/2026 9:18:00 PM ,   44280.000,                                  99.833,                                  26.170,                                1019.034,
8/27/2026 9:19:00 PM ,   44340.000,                                  99.849,                                  26.170,                                1019.199,
8/27/2026 9:20:00 PM ,   44400.000,                                  99.864,                                  25.976,                                1019.354,
8/27/2026 9:21:00 PM ,   44460.000,                                  99.830,                                  26.073,                                1019.002,
8/27/2026 9:22:00 PM ,   44520.000,                                  99.849,                                  26.170,                                1019.199,
8/27/2026 9:23:00 PM ,   44580.000,                                  99.867,                                  25.878,                                1019.376,
8/27/2026 9:24:00 PM ,   44640.000,                                  99.826,                                  26.122,                                1018.963,
8/27/2026 9:25:00 PM ,   44700.000,                                  99.841,                                  26.073,                                1019.112,
8/27/2026 9:26:00 PM ,   44760.000,                                  99.806,                                  26.170,                                1018.760,
8/27/2026 9:27:00 PM ,   44820.000,                                  99.801,                                  25.829,                                1018.703,
8/27/2026 9:28:00 PM ,   44880.000,                                  99.837,                                  25.781,                                1019.070,
8/27/2026 9:29:00 PM ,   44940.000,                                  99.802,                                  25.878,                                1018.719,
8/27/2026 9:30:00 PM ,   45000.000,                                  99.779,                                  25.829,                                1018.484,
8/27/2026 9:31:00 PM ,   45060.000,                                  99.783,                                  25.781,                                1018.523,
8/27/2026 9:32:00 PM ,   45120.000,                                  99.800,                                  25.976,                                1018.696,
8/27/2026 9:33:00 PM ,   45180.000,                                  99.809,                                  25.927,                                1018.790,
8/27/2026 9:34:00 PM ,   45240.000,                                  99.815,                                  25.927,                                1018.844,
8/27/2026 9:35:00 PM ,   45300.000,                                  99.778,                                  26.122,                                1018.470,
8/27/2026 9:36:00 PM ,   45360.000,                                  99.811,                                  25.976,                                1018.806,
8/27/2026 9:37:00 PM ,   45420.000,                                  99.811,                                  25.976,                                1018.806,
8/27/2026 9:38:00 PM ,   45480.000,                                  99.828,                                  26.170,                                1018.980,
8/27/2026 9:39:00 PM ,   45540.000,                                  99.801,                                  25.829,                                1018.703,
8/27/2026 9:40:00 PM ,   45600.000,                                  99.790,                                  26.170,                                1018.596,
8/27/2026 9:41:00 PM ,   45660.000,                                  99.783,                                  25.781,                                1018.523,
8/27/2026 9:42:00 PM ,   45720.000,                                  99.809,                                  25.927,                                1018.790,
8/27/2026 9:43:00 PM ,   45780.000,                                  99.800,                                  25.976,                                1018.696,
8/27/2026 9:44:00 PM ,   45840.000,                                  99.798,                                  25.732,                                1018.671,
8/27/2026 9:45:00 PM ,   45900.000,                                  99.814,                                  25.732,                                1018.835,
8/27/2026 9:46:00 PM ,   45960.000,                                  99.797,                                  25.878,                                1018.664,
8/27/2026 9:47:00 PM ,   46020.000,                                  99.776,                                  26.073,                                1018.454,
8/27/2026 9:48:00 PM ,   46080.000,                                  99.841,                                  26.073,                                1019.112,
8/27/2026 9:49:00 PM ,   46140.000,                                  99.866,                                  26.024,                                1019.370,
8/27/2026 9:50:00 PM ,   46200.000,                                  99.824,                                  25.878,                                1018.938,
8/27/2026 9:51:00 PM ,   46260.000,                                  99.809,                                  26.073,                                1018.783,
8/27/2026 9:52:00 PM ,   46320.000,                                  99.845,                                  26.024,                                1019.151,
8/27/2026 9:53:00 PM ,   46380.000,                                  99.836,                                  25.927,                                1019.064,
8/27/2026 9:54:00 PM ,   46440.000,                                  99.856,                                  25.878,                                1019.267,
8/27/2026 9:55:00 PM ,   46500.000,                                  99.848,                                  25.976,                                1019.189,
8/27/2026 9:56:00 PM ,   46560.000,                                  99.831,                                  25.927,                                1019.009,
8/27/2026 9:57:00 PM ,   46620.000,                                  99.861,                                  25.878,                                1019.322,
8/27/2026 9:58:00 PM ,   46680.000,                                  99.866,                                  26.024,                                1019.370,
8/27/2026 9:59:00 PM ,   46740.000,                                  99.850,                                  26.024,                                1019.205,
8/27/2026 10:00:00 PM,   46800.000,                                  99.859,                                  25.976,                                1019.299,
8/27/2026 10:01:00 PM,   46860.000,                                  99.852,                                  25.927,                                1019.228,
8/27/2026 10:02:00 PM,   46920.000,                                  99.845,                                  26.024,                                1019.151,
8/27/2026 10:03:00 PM,   46980.000,                                  99.845,                                  26.024,                                1019.151,
8/27/2026 10:04:00 PM,   47040.000,                                  99.858,                                  25.927,                                1019.283,
8/27/2026 10:05:00 PM,   47100.000,                                  99.855,                                  26.024,                                1019.260,
8/27/2026 10:06:00 PM,   47160.000,                                  99.874,                                  25.927,                                1019.447,
8/27/2026 10:07:00 PM,   47220.000,                                  99.863,                                  25.927,                                1019.338,
8/27/2026 10:08:00 PM,   47280.000,                                  99.870,                                  25.976,                                1019.408,
8/27/2026 10:09:00 PM,   47340.000,                                  99.888,                                  26.024,                                1019.589,
8/27/2026 10:10:00 PM,   47400.000,                                  99.909,                                  26.024,                                1019.808,
8/27/2026 10:11:00 PM,   47460.000,                                  99.870,                                  25.829,                                1019.415,
8/27/2026 10:12:00 PM,   47520.000,                                  99.887,                                  25.829,                                1019.579,
8/27/2026 10:13:00 PM,   47580.000,                                  99.920,                                  25.878,                                1019.924,
8/27/2026 10:14:00 PM,   47640.000,                                  99.875,                                  25.976,                                1019.463,
8/27/2026 10:15:00 PM,   47700.000,                                  99.854,                                  25.976,                                1019.244,
8/27/2026 10:16:00 PM,   47760.000,                                  99.859,                                  25.976,                                1019.299,
8/27/2026 10:17:00 PM,   47820.000,                                  99.811,                                  25.829,                                1018.812,
8/27/2026 10:18:00 PM,   47880.000,                                  99.848,                                  25.976,                                1019.189,
8/27/2026 10:19:00 PM,   47940.000,                                  99.864,                                  25.976,                                1019.354,
8/27/2026 10:20:00 PM,   48000.000,                                  99.861,                                  26.024,                                1019.315,
8/27/2026 10:21:00 PM,   48060.000,                                  99.827,                                  25.976,                                1018.970,
8/27/2026 10:22:00 PM,   48120.000,                                  99.829,                                  25.878,                                1018.993,
8/27/2026 10:23:00 PM,   48180.000,                                  99.832,                                  25.976,                                1019.025,
8/27/2026 10:24:00 PM,   48240.000,                                  99.795,                                  25.976,                                1018.641,
8/27/2026 10:25:00 PM,   48300.000,                                  99.841,                                  25.927,                                1019.118,
8/27/2026 10:26:00 PM,   48360.000,                                  99.845,                                  25.878,                                1019.157,
8/27/2026 10:27:00 PM,   48420.000,                                  99.845,                                  25.878,                                1019.157,
8/27/2026 10:28:00 PM,   48480.000,                                  99.817,                                  25.829,                                1018.867,
8/27/2026 10:29:00 PM,   48540.000,                                  99.834,                                  25.878,                                1019.047,
8/27/2026 10:30:00 PM,   48600.000,                                  99.800,                                  25.976,                                1018.696,
8/27/2026 10:31:00 PM,   48660.000,                                  99.870,                                  25.976,                                1019.408,
8/27/2026 10:32:00 PM,   48720.000,                                  99.838,                                  25.976,                                1019.080,
8/27/2026 10:33:00 PM,   48780.000,                                  99.832,                                  25.976,                                1019.025,
8/27/2026 10:34:00 PM,   48840.000,                                  99.802,                                  26.024,                                1018.712,
8/27/2026 10:35:00 PM,   48900.000,                                  99.806,                                  25.829,                                1018.758,
8/27/2026 10:36:00 PM,   48960.000,                                  99.822,                                  25.976,                                1018.915,
8/27/2026 10:37:00 PM,   49020.000,                                  99.838,                                  25.829,                                1019.086,
8/27/2026 10:38:00 PM,   49080.000,                                  99.838,                                  25.829,                                1019.086,
8/27/2026 10:39:00 PM,   49140.000,                                  99.833,                                  25.829,                                1019.031,
8/27/2026 10:40:00 PM,   49200.000,                                  99.800,                                  25.976,                                1018.696,
8/27/2026 10:41:00 PM,   49260.000,                                  99.837,                                  25.781,                                1019.070,
8/27/2026 10:42:00 PM,   49320.000,                                  99.783,                                  25.781,                                1018.523,
8/27/2026 10:43:00 PM,   49380.000,                                  99.820,                                  25.927,                                1018.899,
8/27/2026 10:44:00 PM,   49440.000,                                  99.788,                                  25.927,                                1018.571,
8/27/2026 10:45:00 PM,   49500.000,                                  99.822,                                  25.976,                                1018.915,
8/27/2026 10:46:00 PM,   49560.000,                                  99.811,                                  25.976,                                1018.806,
8/27/2026 10:47:00 PM,   49620.000,                                  99.806,                                  25.829,                                1018.758,
8/27/2026 10:48:00 PM,   49680.000,                                  99.801,                                  25.829,                                1018.703,
8/27/2026 10:49:00 PM,   49740.000,                                  99.804,                                  25.781,                                1018.742,
8/27/2026 10:50:00 PM,   49800.000,                                  99.736,                                  25.829,                                1018.045,
8/27/2026 10:51:00 PM,   49860.000,                                  99.811,                                  25.976,                                1018.806,
8/27/2026 10:52:00 PM,   49920.000,                                  99.766,                                  25.927,                                1018.351,
8/27/2026 10:53:00 PM,   49980.000,                                  99.792,                                  25.732,                                1018.616,
8/27/2026 10:54:00 PM,   50040.000,                                  99.759,                                  25.878,                                1018.281,
8/27/2026 10:55:00 PM,   50100.000,                                  99.749,                                  25.878,                                1018.171,
8/27/2026 10:56:00 PM,   50160.000,                                  99.752,                                  25.829,                                1018.210,
8/27/2026 10:57:00 PM,   50220.000,                                  99.728,                                  25.732,                                1017.958,
8/27/2026 10:58:00 PM,   50280.000,                                  99.740,                                  25.781,                                1018.084,
8/27/2026 10:59:00 PM,   50340.000,                                  99.784,                                  25.976,                                1018.532,
8/27/2026 11:00:00 PM,   50400.000,                                  99.715,                                  25.829,                                1017.826,
8/27/2026 11:01:00 PM,   50460.000,                                  99.734,                                  25.927,                                1018.023,
8/27/2026 11:02:00 PM,   50520.000,                                  99.725,                                  25.976,                                1017.929,
8/27/2026 11:03:00 PM,   50580.000,                                  99.708,                                  25.781,                                1017.755,
8/27/2026 11:04:00 PM,   50640.000,                                  99.663,                                  25.878,                                1017.294,
8/27/2026 11:05:00 PM,   50700.000,                                  99.720,                                  25.976,                                1017.874,
8/27/2026 11:06:00 PM,   50760.000,                                  99.713,                                  25.781,                                1017.810,
8/27/2026 11:07:00 PM,   50820.000,                                  99.686,                                  25.927,                                1017.530,
8/27/2026 11:08:00 PM,   50880.000,                                  99.724,                                  25.781,                                1017.920,
8/27/2026 11:09:00 PM,   50940.000,                                  99.690,                                  25.732,                                1017.575,
8/27/2026 11:10:00 PM,   51000.000,                                  99.702,                                  25.927,                                1017.694,
8/27/2026 11:11:00 PM,   51060.000,                                  99.686,                                  25.781,                                1017.536,
8/27/2026 11:12:00 PM,   51120.000,                                  99.679,                                  25.878,                                1017.459,
8/27/2026 11:13:00 PM,   51180.000,                                  99.705,                                  25.683,                                1017.723,
8/27/2026 11:14:00 PM,   51240.000,                                  99.656,                                  25.829,                                1017.224,
8/27/2026 11:15:00 PM,   51300.000,                                  99.713,                                  25.781,                                1017.810,
8/27/2026 11:16:00 PM,   51360.000,                                  99.702,                                  25.781,                                1017.701,
8/27/2026 11:17:00 PM,   51420.000,                                  99.733,                                  25.732,                                1018.013,
8/27/2026 11:18:00 PM,   51480.000,                                  99.726,                                  25.829,                                1017.936,
8/27/2026 11:19:00 PM,   51540.000,                                  99.696,                                  25.927,                                1017.639,
8/27/2026 11:20:00 PM,   51600.000,                                  99.721,                                  25.683,                                1017.888,
8/27/2026 11:21:00 PM,   51660.000,                                  99.707,                                  25.927,                                1017.749,
8/27/2026 11:22:00 PM,   51720.000,                                  99.719,                                  25.634,                                1017.872,
8/27/2026 11:23:00 PM,   51780.000,                                  99.705,                                  25.683,                                1017.723,
8/27/2026 11:24:00 PM,   51840.000,                                  99.696,                                  25.586,                                1017.636,
8/27/2026 11:25:00 PM,   51900.000,                                  99.731,                                  25.488,                                1017.988,
8/27/2026 11:26:00 PM,   51960.000,                                  99.706,                                  25.878,                                1017.733,
8/27/2026 11:27:00 PM,   52020.000,                                  99.752,                                  25.829,                                1018.210,
8/27/2026 11:28:00 PM,   52080.000,                                  99.757,                                  25.488,                                1018.262,
8/27/2026 11:29:00 PM,   52140.000,                                  99.709,                                  25.829,                                1017.772,
8/27/2026 11:30:00 PM,   52200.000,                                  99.756,                                  25.927,                                1018.242,
8/27/2026 11:31:00 PM,   52260.000,                                  99.691,                                  25.586,                                1017.582,
8/27/2026 11:32:00 PM,   52320.000,                                  99.720,                                  25.488,                                1017.878,
8/27/2026 11:33:00 PM,   52380.000,                                  99.739,                                  25.927,                                1018.077,
8/27/2026 11:34:00 PM,   52440.000,                                  99.695,                                  25.878,                                1017.623,
8/27/2026 11:35:00 PM,   52500.000,                                  99.709,                                  25.829,                                1017.772,
8/27/2026 11:36:00 PM,   52560.000,                                  99.676,                                  25.634,                                1017.433,
8/27/2026 11:37:00 PM,   52620.000,                                  99.700,                                  25.878,                                1017.678,
8/27/2026 11:38:00 PM,   52680.000,                                  99.679,                                  25.878,                                1017.459,
8/27/2026 11:39:00 PM,   52740.000,                                  99.673,                                  25.878,                                1017.404,
8/27/2026 11:40:00 PM,   52800.000,                                  99.677,                                  25.829,                                1017.443,
8/27/2026 11:41:00 PM,   52860.000,                                  99.677,                                  25.829,                                1017.443,
8/27/2026 11:42:00 PM,   52920.000,                                  99.642,                                  25.732,                                1017.082,
8/27/2026 11:43:00 PM,   52980.000,                                  99.671,                                  25.634,                                1017.379,
8/27/2026 11:44:00 PM,   53040.000,                                  99.652,                                  25.878,                                1017.185,
8/27/2026 11:45:00 PM,   53100.000,                                  99.637,                                  25.586,                                1017.034,
8/27/2026 11:46:00 PM,   53160.000,                                  99.640,                                  25.829,                                1017.059,
8/27/2026 11:47:00 PM,   53220.000,                                  99.663,                                  25.878,                                1017.294,
8/27/2026 11:48:00 PM,   53280.000,                                  99.625,                                  25.878,                                1016.911,
8/27/2026 11:49:00 PM,   53340.000,                                  99.597,                                  25.683,                                1016.628,
8/27/2026 11:50:00 PM,   53400.000,                                  99.593,                                  25.878,                                1016.582,
8/27/2026 11:51:00 PM,   53460.000,                                  99.588,                                  25.732,                                1016.534,
8/27/2026 11:52:00 PM,   53520.000,                                  99.607,                                  25.829,                                1016.731,
8/27/2026 11:53:00 PM,   53580.000,                                  99.583,                                  25.586,                                1016.486,
8/27/2026 11:54:00 PM,   53640.000,                                  99.604,                                  25.878,                                1016.692,
8/27/2026 11:55:00 PM,   53700.000,                                  99.629,                                  25.829,                                1016.950,
8/27/2026 11:56:00 PM,   53760.000,                                  99.618,                                  25.829,                                1016.840,
8/27/2026 11:57:00 PM,   53820.000,                                  99.594,                                  25.586,                                1016.595,
8/27/2026 11:58:00 PM,   53880.000,                                  99.581,                                  25.829,                                1016.456,
8/27/2026 11:59:00 PM,   53940.000,                                  99.597,                                  25.829,                                1016.621,
8/28/2026 12:00:00 AM,   54000.000,                                  99.551,                                  25.732,                                1016.151,
8/28/2026 12:01:00 AM,   54060.000,                                  99.577,                                  25.732,                                1016.424,
8/28/2026 12:02:00 AM,   54120.000,                                  99.582,                                  25.537,                                1016.470,
8/28/2026 12:03:00 AM,   54180.000,                                  99.631,                                  25.732,                                1016.972,
8/28/2026 12:04:00 AM,   54240.000,                                  99.581,                                  25.829,                                1016.456,
8/28/2026 12:05:00 AM,   54300.000,                                  99.618,                                  25.829,                                1016.840,
8/28/2026 12:06:00 AM,   54360.000,                                  99.580,                                  25.634,                                1016.447,
8/28/2026 12:07:00 AM,   54420.000,                                  99.594,                                  25.586,                                1016.595,
8/28/2026 12:08:00 AM,   54480.000,                                  99.596,                                  25.488,                                1016.618,
8/28/2026 12:09:00 AM,   54540.000,                                  99.634,                                  25.829,                                1017.005,
8/28/2026 12:10:00 AM,   54600.000,                                  99.616,                                  25.586,                                1016.815,
8/28/2026 12:11:00 AM,   54660.000,                                  99.625,                                  25.537,                                1016.908,
8/28/2026 12:12:00 AM,   54720.000,                                  99.630,                                  25.537,                                1016.963,
8/28/2026 12:13:00 AM,   54780.000,                                  99.635,                                  25.683,                                1017.011,
8/28/2026 12:14:00 AM,   54840.000,                                  99.614,                                  25.537,                                1016.799,
8/28/2026 12:15:00 AM,   54900.000,                                  99.641,                                  25.537,                                1017.073,
8/28/2026 12:16:00 AM,   54960.000,                                  99.606,                                  25.781,                                1016.715,
8/28/2026 12:17:00 AM,   55020.000,                                  99.638,                                  25.781,                                1017.043,
8/28/2026 12:18:00 AM,   55080.000,                                  99.602,                                  25.829,                                1016.676,
8/28/2026 12:19:00 AM,   55140.000,                                  99.531,                                  25.634,                                1015.954,
8/28/2026 12:20:00 AM,   55200.000,                                  99.583,                                  25.586,                                1016.486,
8/28/2026 12:21:00 AM,   55260.000,                                  99.597,                                  25.829,                                1016.621,
8/28/2026 12:22:00 AM,   55320.000,                                  99.565,                                  25.683,                                1016.299,
8/28/2026 12:23:00 AM,   55380.000,                                  99.518,                                  25.537,                                1015.813,
8/28/2026 12:24:00 AM,   55440.000,                                  99.542,                                  25.634,                                1016.063,
8/28/2026 12:25:00 AM,   55500.000,                                  99.554,                                  25.829,                                1016.182,
8/28/2026 12:26:00 AM,   55560.000,                                  99.535,                                  25.732,                                1015.986,
8/28/2026 12:27:00 AM,   55620.000,                                  99.511,                                  25.829,                                1015.744,
8/28/2026 12:28:00 AM,   55680.000,                                  99.520,                                  25.781,                                1015.838,
8/28/2026 12:29:00 AM,   55740.000,                                  99.522,                                  25.829,                                1015.854,
8/28/2026 12:30:00 AM,   55800.000,                                  99.484,                                  25.829,                                1015.470,
8/28/2026 12:31:00 AM,   55860.000,                                  99.532,                                  25.829,                                1015.963,
8/28/2026 12:32:00 AM,   55920.000,                                  99.500,                                  25.829,                                1015.635,
8/28/2026 12:33:00 AM,   55980.000,                                  99.485,                                  25.537,                                1015.484,
8/28/2026 12:34:00 AM,   56040.000,                                  99.476,                                  25.586,                                1015.390,
8/28/2026 12:35:00 AM,   56100.000,                                  99.482,                                  25.586,                                1015.445,
8/28/2026 12:36:00 AM,   56160.000,                                  99.498,                                  25.586,                                1015.609,
8/28/2026 12:37:00 AM,   56220.000,                                  99.505,                                  25.829,                                1015.689,
8/28/2026 12:38:00 AM,   56280.000,                                  99.463,                                  25.829,                                1015.251,
8/28/2026 12:39:00 AM,   56340.000,                                  99.436,                                  25.829,                                1014.977,
8/28/2026 12:40:00 AM,   56400.000,                                  99.441,                                  25.829,                                1015.032,
8/28/2026 12:41:00 AM,   56460.000,                                  99.475,                                  25.537,                                1015.374,
8/28/2026 12:42:00 AM,   56520.000,                                  99.457,                                  25.488,                                1015.194,
8/28/2026 12:43:00 AM,   56580.000,                                  99.495,                                  25.829,                                1015.580,
8/28/2026 12:44:00 AM,   56640.000,                                  99.508,                                  25.732,                                1015.712,
8/28/2026 12:45:00 AM,   56700.000,                                  99.554,                                  25.829,                                1016.182,
8/28/2026 12:46:00 AM,   56760.000,                                  99.499,                                  25.781,                                1015.619,
8/28/2026 12:47:00 AM,   56820.000,                                  99.524,                                  25.586,                                1015.883,
8/28/2026 12:48:00 AM,   56880.000,                                  99.554,                                  25.683,                                1016.189,
8/28/2026 12:49:00 AM,   56940.000,                                  99.514,                                  25.586,                                1015.774,
8/28/2026 12:50:00 AM,   57000.000,                                  99.543,                                  25.488,                                1016.070,
8/28/2026 12:51:00 AM,   57060.000,                                  99.507,                                  25.537,                                1015.703,
8/28/2026 12:52:00 AM,   57120.000,                                  99.552,                                  25.781,                                1016.167,
8/28/2026 12:53:00 AM,   57180.000,                                  99.543,                                  25.829,                                1016.073,
8/28/2026 12:54:00 AM,   57240.000,                                  99.581,                                  25.829,                                1016.456,
8/28/2026 12:55:00 AM,   57300.000,                                  99.578,                                  25.586,                                1016.431,
8/28/2026 12:56:00 AM,   57360.000,                                  99.581,                                  25.829,                                1016.456,
8/28/2026 12:57:00 AM,   57420.000,                                  99.618,                                  25.829,                                1016.840,
8/28/2026 12:58:00 AM,   57480.000,                                  99.586,                                  25.829,                                1016.511,
8/28/2026 12:59:00 AM,   57540.000,                                  99.624,                                  25.829,                                1016.895,
8/28/2026 1:00:00 AM ,   57600.000,                                  99.582,                                  25.878,                                1016.472,
8/28/2026 1:01:00 AM ,   57660.000,                                  99.548,                                  25.829,                                1016.128,
8/28/2026 1:02:00 AM ,   57720.000,                                  99.555,                                  25.537,                                1016.196,
8/28/2026 1:03:00 AM ,   57780.000,                                  99.603,                                  25.683,                                1016.682,
8/28/2026 1:04:00 AM ,   57840.000,                                  99.578,                                  25.586,                                1016.431,
8/28/2026 1:05:00 AM ,   57900.000,                                  99.613,                                  25.829,                                1016.785,
8/28/2026 1:06:00 AM ,   57960.000,                                  99.557,                                  25.586,                                1016.212,
8/28/2026 1:07:00 AM ,   58020.000,                                  99.602,                                  25.829,                                1016.676,
8/28/2026 1:08:00 AM ,   58080.000,                                  99.578,                                  25.586,                                1016.431,
8/28/2026 1:09:00 AM ,   58140.000,                                  99.603,                                  25.683,                                1016.682,
8/28/2026 1:10:00 AM ,   58200.000,                                  99.570,                                  25.829,                                1016.347,
8/28/2026 1:11:00 AM ,   58260.000,                                  99.591,                                  25.829,                                1016.566,
8/28/2026 1:12:00 AM ,   58320.000,                                  99.575,                                  25.829,                                1016.402,
8/28/2026 1:13:00 AM ,   58380.000,                                  99.586,                                  25.829,                                1016.511,
8/28/2026 1:14:00 AM ,   58440.000,                                  99.559,                                  25.829,                                1016.237,
8/28/2026 1:15:00 AM ,   58500.000,                                  99.604,                                  25.878,                                1016.692,
8/28/2026 1:16:00 AM ,   58560.000,                                  99.575,                                  25.829,                                1016.402,
8/28/2026 1:17:00 AM ,   58620.000,                                  99.548,                                  25.829,                                1016.128,
8/28/2026 1:18:00 AM ,   58680.000,                                  99.621,                                  25.586,                                1016.869,
8/28/2026 1:19:00 AM ,   58740.000,                                  99.597,                                  25.683,                                1016.628,
8/28/2026 1:20:00 AM ,   58800.000,                                  99.636,                                  25.878,                                1017.021,
8/28/2026 1:21:00 AM ,   58860.000,                                  99.629,                                  25.829,                                1016.950,
8/28/2026 1:22:00 AM ,   58920.000,                                  99.605,                                  25.586,                                1016.705,
8/28/2026 1:23:00 AM ,   58980.000,                                  99.660,                                  25.781,                                1017.262,
8/28/2026 1:24:00 AM ,   59040.000,                                  99.621,                                  25.586,                                1016.869,
8/28/2026 1:25:00 AM ,   59100.000,                                  99.596,                                  25.488,                                1016.618,
8/28/2026 1:26:00 AM ,   59160.000,                                  99.644,                                  25.634,                                1017.105,
8/28/2026 1:27:00 AM ,   59220.000,                                  99.596,                                  25.488,                                1016.618,
8/28/2026 1:28:00 AM ,   59280.000,                                  99.632,                                  25.927,                                1016.982,
8/28/2026 1:29:00 AM ,   59340.000,                                  99.618,                                  25.829,                                1016.840,
8/28/2026 1:30:00 AM ,   59400.000,                                  99.616,                                  25.586,                                1016.815,
8/28/2026 1:31:00 AM ,   59460.000,                                  99.648,                                  25.927,                                1017.146,
8/28/2026 1:32:00 AM ,   59520.000,                                  99.640,                                  25.829,                                1017.059,
8/28/2026 1:33:00 AM ,   59580.000,                                  99.600,                                  25.586,                                1016.650,
8/28/2026 1:34:00 AM ,   59640.000,                                  99.620,                                  25.878,                                1016.856,
8/28/2026 1:35:00 AM ,   59700.000,                                  99.681,                                  25.781,                                1017.482,
8/28/2026 1:36:00 AM ,   59760.000,                                  99.661,                                  25.829,                                1017.278,
8/28/2026 1:37:00 AM ,   59820.000,                                  99.650,                                  25.829,                                1017.169,
8/28/2026 1:38:00 AM ,   59880.000,                                  99.669,                                  25.586,                                1017.363,
8/28/2026 1:39:00 AM ,   59940.000,                                  99.641,                                  25.537,                                1017.073,
8/28/2026 1:40:00 AM ,   60000.000,                                  99.643,                                  25.927,                                1017.091,
8/28/2026 1:41:00 AM ,   60060.000,                                  99.618,                                  25.829,                                1016.840,
8/28/2026 1:42:00 AM ,   60120.000,                                  99.613,                                  25.829,                                1016.785,
8/28/2026 1:43:00 AM ,   60180.000,                                  99.641,                                  25.878,                                1017.075,
8/28/2026 1:44:00 AM ,   60240.000,                                  99.608,                                  25.683,                                1016.737,
8/28/2026 1:45:00 AM ,   60300.000,                                  99.629,                                  25.488,                                1016.947,
8/28/2026 1:46:00 AM ,   60360.000,                                  99.637,                                  25.586,                                1017.034,
8/28/2026 1:47:00 AM ,   60420.000,                                  99.620,                                  25.878,                                1016.856,
8/28/2026 1:48:00 AM ,   60480.000,                                  99.639,                                  25.488,                                1017.056,
8/28/2026 1:49:00 AM ,   60540.000,                                  99.637,                                  25.732,                                1017.027,
8/28/2026 1:50:00 AM ,   60600.000,                                  99.663,                                  25.878,                                1017.294,
8/28/2026 1:51:00 AM ,   60660.000,                                  99.627,                                  25.927,                                1016.927,
8/28/2026 1:52:00 AM ,   60720.000,                                  99.631,                                  25.732,                                1016.972,
8/28/2026 1:53:00 AM ,   60780.000,                                  99.668,                                  25.878,                                1017.349,
8/28/2026 1:54:00 AM ,   60840.000,                                  99.636,                                  25.878,                                1017.021,
8/28/2026 1:55:00 AM ,   60900.000,                                  99.630,                                  25.537,                                1016.963,
8/28/2026 1:56:00 AM ,   60960.000,                                  99.643,                                  25.927,                                1017.091,
8/28/2026 1:57:00 AM ,   61020.000,                                  99.594,                                  25.927,                                1016.598,
8/28/2026 1:58:00 AM ,   61080.000,                                  99.632,                                  25.927,                                1016.982,
8/28/2026 1:59:00 AM ,   61140.000,                                  99.595,                                  25.781,                                1016.605,
8/28/2026 2:00:00 AM ,   61200.000,                                  99.666,                                  25.634,                                1017.324,
8/28/2026 2:01:00 AM ,   61260.000,                                  99.599,                                  25.732,                                1016.644,
8/28/2026 2:02:00 AM ,   61320.000,                                  99.599,                                  25.732,                                1016.644,
8/28/2026 2:03:00 AM ,   61380.000,                                  99.600,                                  25.927,                                1016.653,
8/28/2026 2:04:00 AM ,   61440.000,                                  99.626,                                  25.586,                                1016.924,
8/28/2026 2:05:00 AM ,   61500.000,                                  99.650,                                  25.976,                                1017.162,
8/28/2026 2:06:00 AM ,   61560.000,                                  99.649,                                  25.634,                                1017.159,
8/28/2026 2:07:00 AM ,   61620.000,                                  99.620,                                  25.732,                                1016.863,
8/28/2026 2:08:00 AM ,   61680.000,                                  99.590,                                  25.781,                                1016.550,
8/28/2026 2:09:00 AM ,   61740.000,                                  99.637,                                  25.732,                                1017.027,
8/28/2026 2:10:00 AM ,   61800.000,                                  99.653,                                  25.732,                                1017.192,
8/28/2026 2:11:00 AM ,   61860.000,                                  99.675,                                  25.927,                                1017.420,
8/28/2026 2:12:00 AM ,   61920.000,                                  99.648,                                  25.927,                                1017.146,
8/28/2026 2:13:00 AM ,   61980.000,                                  99.665,                                  25.781,                                1017.317,
8/28/2026 2:14:00 AM ,   62040.000,                                  99.653,                                  25.732,                                1017.192,
8/28/2026 2:15:00 AM ,   62100.000,                                  99.686,                                  25.927,                                1017.530,
8/28/2026 2:16:00 AM ,   62160.000,                                  99.677,                                  25.976,                                1017.436,
8/28/2026 2:17:00 AM ,   62220.000,                                  99.680,                                  25.927,                                1017.475,
8/28/2026 2:18:00 AM ,   62280.000,                                  99.647,                                  25.878,                                1017.130,
8/28/2026 2:19:00 AM ,   62340.000,                                  99.709,                                  25.976,                                1017.765,
8/28/2026 2:20:00 AM ,   62400.000,                                  99.637,                                  25.927,                                1017.036,
8/28/2026 2:21:00 AM ,   62460.000,                                  99.643,                                  25.781,                                1017.098,
8/28/2026 2:22:00 AM ,   62520.000,                                  99.653,                                  25.732,                                1017.192,
8/28/2026 2:23:00 AM ,   62580.000,                                  99.647,                                  25.732,                                1017.137,
8/28/2026 2:24:00 AM ,   62640.000,                                  99.631,                                  25.732,                                1016.972,
8/28/2026 2:25:00 AM ,   62700.000,                                  99.680,                                  25.927,                                1017.475,
8/28/2026 2:26:00 AM ,   62760.000,                                  99.658,                                  25.732,                                1017.246,
8/28/2026 2:27:00 AM ,   62820.000,                                  99.665,                                  25.781,                                1017.317,
8/28/2026 2:28:00 AM ,   62880.000,                                  99.656,                                  25.829,                                1017.224,
8/28/2026 2:29:00 AM ,   62940.000,                                  99.694,                                  25.683,                                1017.614,
8/28/2026 2:30:00 AM ,   63000.000,                                  99.674,                                  25.732,                                1017.411,
8/28/2026 2:31:00 AM ,   63060.000,                                  99.663,                                  25.732,                                1017.301,
8/28/2026 2:32:00 AM ,   63120.000,                                  99.653,                                  25.732,                                1017.192,
8/28/2026 2:33:00 AM ,   63180.000,                                  99.670,                                  25.781,                                1017.372,
8/28/2026 2:34:00 AM ,   63240.000,                                  99.631,                                  25.732,                                1016.972,
8/28/2026 2:35:00 AM ,   63300.000,                                  99.634,                                  25.829,                                1017.005,
8/28/2026 2:36:00 AM ,   63360.000,                                  99.652,                                  25.878,                                1017.185,
8/28/2026 2:37:00 AM ,   63420.000,                                  99.654,                                  25.927,                                1017.201,
8/28/2026 2:38:00 AM ,   63480.000,                                  99.643,                                  25.927,                                1017.091,
8/28/2026 2:39:00 AM ,   63540.000,                                  99.610,                                  25.732,                                1016.753,
8/28/2026 2:40:00 AM ,   63600.000,                                  99.642,                                  25.732,                                1017.082,
8/28/2026 2:41:00 AM ,   63660.000,                                  99.642,                                  25.732,                                1017.082,
8/28/2026 2:42:00 AM ,   63720.000,                                  99.632,                                  25.927,                                1016.982,
8/28/2026 2:43:00 AM ,   63780.000,                                  99.638,                                  25.781,                                1017.043,
8/28/2026 2:44:00 AM ,   63840.000,                                  99.632,                                  25.927,                                1016.982,
8/28/2026 2:45:00 AM ,   63900.000,                                  99.647,                                  25.732,                                1017.137,
8/28/2026 2:46:00 AM ,   63960.000,                                  99.663,                                  25.878,                                1017.294,
8/28/2026 2:47:00 AM ,   64020.000,                                  99.619,                                  25.683,                                1016.847,
8/28/2026 2:48:00 AM ,   64080.000,                                  99.640,                                  25.683,                                1017.066,
8/28/2026 2:49:00 AM ,   64140.000,                                  99.614,                                  25.878,                                1016.801,
8/28/2026 2:50:00 AM ,   64200.000,                                  99.615,                                  25.732,                                1016.808,
8/28/2026 2:51:00 AM ,   64260.000,                                  99.659,                                  25.927,                                1017.256,
8/28/2026 2:52:00 AM ,   64320.000,                                  99.621,                                  25.927,                                1016.872,
8/28/2026 2:53:00 AM ,   64380.000,                                  99.631,                                  25.878,                                1016.966,
8/28/2026 2:54:00 AM ,   64440.000,                                  99.626,                                  25.732,                                1016.918,
8/28/2026 2:55:00 AM ,   64500.000,                                  99.605,                                  25.927,                                1016.708,
8/28/2026 2:56:00 AM ,   64560.000,                                  99.605,                                  25.927,                                1016.708,
8/28/2026 2:57:00 AM ,   64620.000,                                  99.600,                                  25.927,                                1016.653,
8/28/2026 2:58:00 AM ,   64680.000,                                  99.621,                                  25.927,                                1016.872,
8/28/2026 2:59:00 AM ,   64740.000,                                  99.577,                                  25.878,                                1016.418,
8/28/2026 3:00:00 AM ,   64800.000,                                  99.605,                                  25.927,                                1016.708,
8/28/2026 3:01:00 AM ,   64860.000,                                  99.625,                                  25.878,                                1016.911,
8/28/2026 3:02:00 AM ,   64920.000,                                  99.643,                                  25.927,                                1017.091,
8/28/2026 3:03:00 AM ,   64980.000,                                  99.600,                                  25.927,                                1016.653,
8/28/2026 3:04:00 AM ,   65040.000,                                  99.582,                                  25.537,                                1016.470,
8/28/2026 3:05:00 AM ,   65100.000,                                  99.645,                                  25.829,                                1017.114,
8/28/2026 3:06:00 AM ,   65160.000,                                  99.593,                                  25.537,                                1016.579,
8/28/2026 3:07:00 AM ,   65220.000,                                  99.562,                                  25.586,                                1016.267,
8/28/2026 3:08:00 AM ,   65280.000,                                  99.607,                                  25.829,                                1016.731,
8/28/2026 3:09:00 AM ,   65340.000,                                  99.645,                                  25.829,                                1017.114,
8/28/2026 3:10:00 AM ,   65400.000,                                  99.629,                                  25.829,                                1016.950,
8/28/2026 3:11:00 AM ,   65460.000,                                  99.592,                                  25.683,                                1016.573,
8/28/2026 3:12:00 AM ,   65520.000,                                  99.614,                                  25.537,                                1016.799,
8/28/2026 3:13:00 AM ,   65580.000,                                  99.634,                                  25.829,                                1017.005,
8/28/2026 3:14:00 AM ,   65640.000,                                  99.634,                                  25.488,                                1017.002,
8/28/2026 3:15:00 AM ,   65700.000,                                  99.611,                                  25.781,                                1016.769,
8/28/2026 3:16:00 AM ,   65760.000,                                  99.607,                                  25.829,                                1016.731,
8/28/2026 3:17:00 AM ,   65820.000,                                  99.638,                                  25.781,                                1017.043,
8/28/2026 3:18:00 AM ,   65880.000,                                  99.602,                                  25.488,                                1016.673,
8/28/2026 3:19:00 AM ,   65940.000,                                  99.594,                                  25.586,                                1016.595,
8/28/2026 3:20:00 AM ,   66000.000,                                  99.622,                                  25.781,                                1016.879,
8/28/2026 3:21:00 AM ,   66060.000,                                  99.672,                                  25.829,                                1017.388,
8/28/2026 3:22:00 AM ,   66120.000,                                  99.646,                                  25.683,                                1017.121,
8/28/2026 3:23:00 AM ,   66180.000,                                  99.618,                                  25.488,                                1016.837,
8/28/2026 3:24:00 AM ,   66240.000,                                  99.622,                                  25.781,                                1016.879,
8/28/2026 3:25:00 AM ,   66300.000,                                  99.646,                                  25.537,                                1017.127,
8/28/2026 3:26:00 AM ,   66360.000,                                  99.646,                                  25.537,                                1017.127,
8/28/2026 3:27:00 AM ,   66420.000,                                  99.625,                                  25.537,                                1016.908,
8/28/2026 3:28:00 AM ,   66480.000,                                  99.618,                                  25.488,                                1016.837,
8/28/2026 3:29:00 AM ,   66540.000,                                  99.566,                                  25.537,                                1016.306,
8/28/2026 3:30:00 AM ,   66600.000,                                  99.629,                                  25.829,                                1016.950,
8/28/2026 3:31:00 AM ,   66660.000,                                  99.611,                                  25.781,                                1016.769,
8/28/2026 3:32:00 AM ,   66720.000,                                  99.590,                                  25.781,                                1016.550,
8/28/2026 3:33:00 AM ,   66780.000,                                  99.617,                                  25.781,                                1016.824,
8/28/2026 3:34:00 AM ,   66840.000,                                  99.582,                                  25.537,                                1016.470,
8/28/2026 3:35:00 AM ,   66900.000,                                  99.598,                                  25.537,                                1016.634,
8/28/2026 3:36:00 AM ,   66960.000,                                  99.630,                                  25.683,                                1016.956,
8/28/2026 3:37:00 AM ,   67020.000,                                  99.577,                                  25.732,                                1016.424,
8/28/2026 3:38:00 AM ,   67080.000,                                  99.579,                                  25.781,                                1016.440,
8/28/2026 3:39:00 AM ,   67140.000,                                  99.633,                                  25.781,                                1016.988,
8/28/2026 3:40:00 AM ,   67200.000,                                  99.643,                                  25.781,                                1017.098,
8/28/2026 3:41:00 AM ,   67260.000,                                  99.593,                                  25.537,                                1016.579,
8/28/2026 3:42:00 AM ,   67320.000,                                  99.604,                                  25.390,                                1016.696,
8/28/2026 3:43:00 AM ,   67380.000,                                  99.609,                                  25.537,                                1016.744,
8/28/2026 3:44:00 AM ,   67440.000,                                  99.613,                                  25.488,                                1016.783,
8/28/2026 3:45:00 AM ,   67500.000,                                  99.613,                                  25.683,                                1016.792,
8/28/2026 3:46:00 AM ,   67560.000,                                  99.618,                                  25.829,                                1016.840,
8/28/2026 3:47:00 AM ,   67620.000,                                  99.601,                                  25.781,                                1016.660,
8/28/2026 3:48:00 AM ,   67680.000,                                  99.606,                                  25.781,                                1016.715,
8/28/2026 3:49:00 AM ,   67740.000,                                  99.590,                                  25.781,                                1016.550,
8/28/2026 3:50:00 AM ,   67800.000,                                  99.606,                                  25.781,                                1016.715,
8/28/2026 3:51:00 AM ,   67860.000,                                  99.595,                                  25.781,                                1016.605,
8/28/2026 3:52:00 AM ,   67920.000,                                  99.580,                                  25.488,                                1016.454,
8/28/2026 3:53:00 AM ,   67980.000,                                  99.606,                                  25.781,                                1016.715,
8/28/2026 3:54:00 AM ,   68040.000,                                  99.578,                                  25.586,                                1016.431,
8/28/2026 3:55:00 AM ,   68100.000,                                  99.595,                                  25.781,                                1016.605,
8/28/2026 3:56:00 AM ,   68160.000,                                  99.594,                                  25.586,                                1016.595,
8/28/2026 3:57:00 AM ,   68220.000,                                  99.593,                                  25.390,                                1016.586,
8/28/2026 3:58:00 AM ,   68280.000,                                  99.574,                                  25.781,                                1016.386,
8/28/2026 3:59:00 AM ,   68340.000,                                  99.601,                                  25.781,                                1016.660,
8/28/2026 4:00:00 AM ,   68400.000,                                  99.610,                                  25.732,                                1016.753,
8/28/2026 4:01:00 AM ,   68460.000,                                  99.623,                                  25.634,                                1016.885,
8/28/2026 4:02:00 AM ,   68520.000,                                  99.568,                                  25.781,                                1016.331,
8/28/2026 4:03:00 AM ,   68580.000,                                  99.530,                                  25.439,                                1015.945,
8/28/2026 4:04:00 AM ,   68640.000,                                  99.541,                                  25.781,                                1016.057,
8/28/2026 4:05:00 AM ,   68700.000,                                  99.594,                                  25.732,                                1016.589,
8/28/2026 4:06:00 AM ,   68760.000,                                  99.527,                                  25.488,                                1015.906,
8/28/2026 4:07:00 AM ,   68820.000,                                  99.583,                                  25.732,                                1016.479,
8/28/2026 4:08:00 AM ,   68880.000,                                  99.563,                                  25.781,                                1016.276,
8/28/2026 4:09:00 AM ,   68940.000,                                  99.536,                                  25.781,                                1016.002,
8/28/2026 4:10:00 AM ,   69000.000,                                  99.567,                                  25.732,                                1016.315,
8/28/2026 4:11:00 AM ,   69060.000,                                  99.611,                                  25.781,                                1016.769,
8/28/2026 4:12:00 AM ,   69120.000,                                  99.563,                                  25.781,                                1016.276,
8/28/2026 4:13:00 AM ,   69180.000,                                  99.574,                                  25.781,                                1016.386,
8/28/2026 4:14:00 AM ,   69240.000,                                  99.588,                                  25.732,                                1016.534,
8/28/2026 4:15:00 AM ,   69300.000,                                  99.545,                                  25.732,                                1016.096,
8/28/2026 4:16:00 AM ,   69360.000,                                  99.534,                                  25.390,                                1015.983,
8/28/2026 4:17:00 AM ,   69420.000,                                  99.524,                                  25.390,                                1015.874,
8/28/2026 4:18:00 AM ,   69480.000,                                  99.530,                                  25.586,                                1015.938,
8/28/2026 4:19:00 AM ,   69540.000,                                  99.540,                                  25.390,                                1016.038,
8/28/2026 4:20:00 AM ,   69600.000,                                  99.549,                                  25.683,                                1016.134,
8/28/2026 4:21:00 AM ,   69660.000,                                  99.535,                                  25.732,                                1015.986,
8/28/2026 4:22:00 AM ,   69720.000,                                  99.535,                                  25.732,                                1015.986,
8/28/2026 4:23:00 AM ,   69780.000,                                  99.513,                                  25.732,                                1015.767,
8/28/2026 4:24:00 AM ,   69840.000,                                  99.560,                                  25.683,                                1016.244,
8/28/2026 4:25:00 AM ,   69900.000,                                  99.512,                                  25.683,                                1015.751,
8/28/2026 4:26:00 AM ,   69960.000,                                  99.556,                                  25.732,                                1016.205,
8/28/2026 4:27:00 AM ,   70020.000,                                  99.544,                                  25.683,                                1016.080,
8/28/2026 4:28:00 AM ,   70080.000,                                  99.486,                                  25.390,                                1015.491,
8/28/2026 4:29:00 AM ,   70140.000,                                  99.530,                                  25.439,                                1015.945,
8/28/2026 4:30:00 AM ,   70200.000,                                  99.527,                                  25.342,                                1015.913,
8/28/2026 4:31:00 AM ,   70260.000,                                  99.553,                                  25.634,                                1016.173,
8/28/2026 4:32:00 AM ,   70320.000,                                  99.508,                                  25.586,                                1015.719,
8/28/2026 4:33:00 AM ,   70380.000,                                  99.471,                                  25.439,                                1015.342,
8/28/2026 4:34:00 AM ,   70440.000,                                  99.492,                                  25.732,                                1015.548,
8/28/2026 4:35:00 AM ,   70500.000,                                  99.538,                                  25.683,                                1016.025,
8/28/2026 4:36:00 AM ,   70560.000,                                  99.518,                                  25.732,                                1015.822,
8/28/2026 4:37:00 AM ,   70620.000,                                  99.529,                                  25.732,                                1015.932,
8/28/2026 4:38:00 AM ,   70680.000,                                  99.509,                                  25.439,                                1015.726,
8/28/2026 4:39:00 AM ,   70740.000,                                  99.560,                                  25.537,                                1016.251,
8/28/2026 4:40:00 AM ,   70800.000,                                  99.522,                                  25.683,                                1015.861,
8/28/2026 4:41:00 AM ,   70860.000,                                  99.522,                                  25.683,                                1015.861,
8/28/2026 4:42:00 AM ,   70920.000,                                  99.522,                                  25.683,                                1015.861,
8/28/2026 4:43:00 AM ,   70980.000,                                  99.491,                                  25.390,                                1015.545,
8/28/2026 4:44:00 AM ,   71040.000,                                  99.526,                                  25.634,                                1015.899,
8/28/2026 4:45:00 AM ,   71100.000,                                  99.534,                                  25.390,                                1015.983,
8/28/2026 4:46:00 AM ,   71160.000,                                  99.512,                                  25.683,                                1015.751,
8/28/2026 4:47:00 AM ,   71220.000,                                  99.537,                                  25.293,                                1016.006,
8/28/2026 4:48:00 AM ,   71280.000,                                  99.583,                                  25.586,                                1016.486,
8/28/2026 4:49:00 AM ,   71340.000,                                  99.560,                                  25.683,                                1016.244,
8/28/2026 4:50:00 AM ,   71400.000,                                  99.531,                                  25.293,                                1015.951,
8/28/2026 4:51:00 AM ,   71460.000,                                  99.569,                                  25.634,                                1016.337,
8/28/2026 4:52:00 AM ,   71520.000,                                  99.562,                                  25.244,                                1016.264,
8/28/2026 4:53:00 AM ,   71580.000,                                  99.587,                                  25.683,                                1016.518,
8/28/2026 4:54:00 AM ,   71640.000,                                  99.532,                                  25.488,                                1015.961,
8/28/2026 4:55:00 AM ,   71700.000,                                  99.574,                                  25.293,                                1016.389,
8/28/2026 4:56:00 AM ,   71760.000,                                  99.543,                                  25.488,                                1016.070,
8/28/2026 4:57:00 AM ,   71820.000,                                  99.589,                                  25.586,                                1016.541,
8/28/2026 4:58:00 AM ,   71880.000,                                  99.590,                                  25.634,                                1016.557,
8/28/2026 4:59:00 AM ,   71940.000,                                  99.610,                                  25.586,                                1016.760,
8/28/2026 5:00:00 AM ,   72000.000,                                  99.596,                                  25.634,                                1016.611,
8/28/2026 5:01:00 AM ,   72060.000,                                  99.576,                                  25.683,                                1016.408,
8/28/2026 5:02:00 AM ,   72120.000,                                  99.544,                                  25.537,                                1016.086,
8/28/2026 5:03:00 AM ,   72180.000,                                  99.528,                                  25.537,                                1015.922,
8/28/2026 5:04:00 AM ,   72240.000,                                  99.573,                                  25.586,                                1016.376,
8/28/2026 5:05:00 AM ,   72300.000,                                  99.571,                                  25.537,                                1016.360,
8/28/2026 5:06:00 AM ,   72360.000,                                  99.533,                                  25.342,                                1015.967,
8/28/2026 5:07:00 AM ,   72420.000,                                  99.601,                                  25.634,                                1016.666,
8/28/2026 5:08:00 AM ,   72480.000,                                  99.592,                                  25.683,                                1016.573,
8/28/2026 5:09:00 AM ,   72540.000,                                  99.566,                                  25.537,                                1016.306,
8/28/2026 5:10:00 AM ,   72600.000,                                  99.564,                                  25.634,                                1016.283,
8/28/2026 5:11:00 AM ,   72660.000,                                  99.573,                                  25.586,                                1016.376,
8/28/2026 5:12:00 AM ,   72720.000,                                  99.540,                                  25.244,                                1016.045,
8/28/2026 5:13:00 AM ,   72780.000,                                  99.560,                                  25.537,                                1016.251,
8/28/2026 5:14:00 AM ,   72840.000,                                  99.555,                                  25.537,                                1016.196,
8/28/2026 5:15:00 AM ,   72900.000,                                  99.544,                                  25.537,                                1016.086,
8/28/2026 5:16:00 AM ,   72960.000,                                  99.601,                                  25.293,                                1016.664,
8/28/2026 5:17:00 AM ,   73020.000,                                  99.544,                                  25.683,                                1016.080,
8/28/2026 5:18:00 AM ,   73080.000,                                  99.560,                                  25.537,                                1016.251,
8/28/2026 5:19:00 AM ,   73140.000,                                  99.517,                                  25.683,                                1015.806,
8/28/2026 5:20:00 AM ,   73200.000,                                  99.555,                                  25.537,                                1016.196,
8/28/2026 5:21:00 AM ,   73260.000,                                  99.564,                                  25.634,                                1016.283,
8/28/2026 5:22:00 AM ,   73320.000,                                  99.514,                                  25.586,                                1015.774,
8/28/2026 5:23:00 AM ,   73380.000,                                  99.547,                                  25.293,                                1016.116,
8/28/2026 5:24:00 AM ,   73440.000,                                  99.543,                                  25.488,                                1016.070,
8/28/2026 5:25:00 AM ,   73500.000,                                  99.524,                                  25.586,                                1015.883,
8/28/2026 5:26:00 AM ,   73560.000,                                  99.567,                                  25.586,                                1016.322,
8/28/2026 5:27:00 AM ,   73620.000,                                  99.546,                                  25.586,                                1016.102,
8/28/2026 5:28:00 AM ,   73680.000,                                  99.534,                                  25.537,                                1015.977,
8/28/2026 5:29:00 AM ,   73740.000,                                  99.565,                                  25.683,                                1016.299,
8/28/2026 5:30:00 AM ,   73800.000,                                  99.523,                                  25.537,                                1015.867,
8/28/2026 5:31:00 AM ,   73860.000,                                  99.533,                                  25.683,                                1015.970,
8/28/2026 5:32:00 AM ,   73920.000,                                  99.508,                                  25.586,                                1015.719,
8/28/2026 5:33:00 AM ,   73980.000,                                  99.490,                                  25.342,                                1015.529,
8/28/2026 5:34:00 AM ,   74040.000,                                  99.462,                                  25.488,                                1015.249,
8/28/2026 5:35:00 AM ,   74100.000,                                  99.514,                                  25.586,                                1015.774,
8/28/2026 5:36:00 AM ,   74160.000,                                  99.469,                                  25.537,                                1015.320,
8/28/2026 5:37:00 AM ,   74220.000,                                  99.534,                                  25.537,                                1015.977,
8/28/2026 5:38:00 AM ,   74280.000,                                  99.501,                                  25.537,                                1015.648,
8/28/2026 5:39:00 AM ,   74340.000,                                  99.485,                                  25.683,                                1015.477,
8/28/2026 5:40:00 AM ,   74400.000,                                  99.485,                                  25.537,                                1015.484,
8/28/2026 5:41:00 AM ,   74460.000,                                  99.489,                                  25.146,                                1015.520,
8/28/2026 5:42:00 AM ,   74520.000,                                  99.512,                                  25.537,                                1015.758,
8/28/2026 5:43:00 AM ,   74580.000,                                  99.528,                                  25.683,                                1015.915,
8/28/2026 5:44:00 AM ,   74640.000,                                  99.512,                                  25.537,                                1015.758,
8/28/2026 5:45:00 AM ,   74700.000,                                  99.534,                                  25.537,                                1015.977,
8/28/2026 5:46:00 AM ,   74760.000,                                  99.560,                                  25.537,                                1016.251,
8/28/2026 5:47:00 AM ,   74820.000,                                  99.498,                                  25.586,                                1015.609,
8/28/2026 5:48:00 AM ,   74880.000,                                  99.554,                                  25.488,                                1016.180,
8/28/2026 5:49:00 AM ,   74940.000,                                  99.531,                                  25.634,                                1015.954,
8/28/2026 5:50:00 AM ,   75000.000,                                  99.518,                                  25.537,                                1015.813,
8/28/2026 5:51:00 AM ,   75060.000,                                  99.546,                                  25.586,                                1016.102,
8/28/2026 5:52:00 AM ,   75120.000,                                  99.511,                                  25.488,                                1015.741,
8/28/2026 5:53:00 AM ,   75180.000,                                  99.544,                                  25.683,                                1016.080,
8/28/2026 5:54:00 AM ,   75240.000,                                  99.541,                                  25.439,                                1016.054,
8/28/2026 5:55:00 AM ,   75300.000,                                  99.590,                                  25.439,                                1016.547,
8/28/2026 5:56:00 AM ,   75360.000,                                  99.587,                                  25.537,                                1016.525,
8/28/2026 5:57:00 AM ,   75420.000,                                  99.552,                                  25.439,                                1016.164,
8/28/2026 5:58:00 AM ,   75480.000,                                  99.566,                                  25.537,                                1016.306,
8/28/2026 5:59:00 AM ,   75540.000,                                  99.573,                                  25.586,                                1016.376,
8/28/2026 6:00:00 AM ,   75600.000,                                  99.582,                                  25.537,                                1016.470,
8/28/2026 6:01:00 AM ,   75660.000,                                  99.621,                                  25.586,                                1016.869,
8/28/2026 6:02:00 AM ,   75720.000,                                  99.623,                                  25.488,                                1016.892,
8/28/2026 6:03:00 AM ,   75780.000,                                  99.643,                                  25.439,                                1017.095,
8/28/2026 6:04:00 AM ,   75840.000,                                  99.618,                                  25.488,                                1016.837,
8/28/2026 6:05:00 AM ,   75900.000,                                  99.584,                                  25.439,                                1016.493,
8/28/2026 6:06:00 AM ,   75960.000,                                  99.598,                                  25.537,                                1016.634,
8/28/2026 6:07:00 AM ,   76020.000,                                  99.571,                                  25.537,                                1016.360,
8/28/2026 6:08:00 AM ,   76080.000,                                  99.618,                                  25.488,                                1016.837,
8/28/2026 6:09:00 AM ,   76140.000,                                  99.573,                                  25.439,                                1016.383,
8/28/2026 6:10:00 AM ,   76200.000,                                  99.577,                                  25.537,                                1016.415,
8/28/2026 6:11:00 AM ,   76260.000,                                  99.559,                                  25.488,                                1016.235,
8/28/2026 6:12:00 AM ,   76320.000,                                  99.539,                                  25.537,                                1016.032,
8/28/2026 6:13:00 AM ,   76380.000,                                  99.567,                                  25.586,                                1016.322,
8/28/2026 6:14:00 AM ,   76440.000,                                  99.534,                                  25.537,                                1015.977,
8/28/2026 6:15:00 AM ,   76500.000,                                  99.550,                                  25.537,                                1016.141,
8/28/2026 6:16:00 AM ,   76560.000,                                  99.518,                                  25.537,                                1015.813,
8/28/2026 6:17:00 AM ,   76620.000,                                  99.548,                                  25.488,                                1016.125,
8/28/2026 6:18:00 AM ,   76680.000,                                  99.494,                                  25.488,                                1015.577,
8/28/2026 6:19:00 AM ,   76740.000,                                  99.504,                                  25.439,                                1015.671,
8/28/2026 6:20:00 AM ,   76800.000,                                  99.485,                                  25.537,                                1015.484,
8/28/2026 6:21:00 AM ,   76860.000,                                  99.523,                                  25.537,                                1015.867,
8/28/2026 6:22:00 AM ,   76920.000,                                  99.534,                                  25.537,                                1015.977,
8/28/2026 6:23:00 AM ,   76980.000,                                  99.552,                                  25.439,                                1016.164,
8/28/2026 6:24:00 AM ,   77040.000,                                  99.560,                                  25.537,                                1016.251,
8/28/2026 6:25:00 AM ,   77100.000,                                  99.527,                                  25.488,                                1015.906,
8/28/2026 6:26:00 AM ,   77160.000,                                  99.523,                                  25.537,                                1015.867,
8/28/2026 6:27:00 AM ,   77220.000,                                  99.544,                                  25.537,                                1016.086,
8/28/2026 6:28:00 AM ,   77280.000,                                  99.559,                                  25.488,                                1016.235,
8/28/2026 6:29:00 AM ,   77340.000,                                  99.557,                                  25.439,                                1016.219,
8/28/2026 6:30:00 AM ,   77400.000,                                  99.554,                                  25.488,                                1016.180,
8/28/2026 6:31:00 AM ,   77460.000,                                  99.560,                                  25.537,                                1016.251,
8/28/2026 6:32:00 AM ,   77520.000,                                  99.537,                                  25.488,                                1016.015,
8/28/2026 6:33:00 AM ,   77580.000,                                  99.623,                                  25.488,                                1016.892,
8/28/2026 6:34:00 AM ,   77640.000,                                  99.575,                                  25.488,                                1016.399,
8/28/2026 6:35:00 AM ,   77700.000,                                  99.596,                                  25.488,                                1016.618,
8/28/2026 6:36:00 AM ,   77760.000,                                  99.591,                                  25.488,                                1016.563,
8/28/2026 6:37:00 AM ,   77820.000,                                  99.571,                                  25.537,                                1016.360,
8/28/2026 6:38:00 AM ,   77880.000,                                  99.619,                                  25.537,                                1016.853,
8/28/2026 6:39:00 AM ,   77940.000,                                  99.623,                                  25.488,                                1016.892,
8/28/2026 6:40:00 AM ,   78000.000,                                  99.596,                                  25.488,                                1016.618,
8/28/2026 6:41:00 AM ,   78060.000,                                  99.615,                                  25.390,                                1016.805,
8/28/2026 6:42:00 AM ,   78120.000,                                  99.589,                                  25.586,                                1016.541,
8/28/2026 6:43:00 AM ,   78180.000,                                  99.598,                                  25.537,                                1016.634,
8/28/2026 6:44:00 AM ,   78240.000,                                  99.618,                                  25.488,                                1016.837,
8/28/2026 6:45:00 AM ,   78300.000,                                  99.607,                                  25.488,                                1016.728,
8/28/2026 6:46:00 AM ,   78360.000,                                  99.632,                                  25.439,                                1016.986,
8/28/2026 6:47:00 AM ,   78420.000,                                  99.593,                                  25.390,                                1016.586,
8/28/2026 6:48:00 AM ,   78480.000,                                  99.596,                                  25.488,                                1016.618,
8/28/2026 6:49:00 AM ,   78540.000,                                  99.597,                                  25.342,                                1016.625,
8/28/2026 6:50:00 AM ,   78600.000,                                  99.611,                                  25.439,                                1016.766,
8/28/2026 6:51:00 AM ,   78660.000,                                  99.594,                                  25.586,                                1016.595,
8/28/2026 6:52:00 AM ,   78720.000,                                  99.599,                                  25.390,                                1016.641,
8/28/2026 6:53:00 AM ,   78780.000,                                  99.619,                                  25.342,                                1016.844,
8/28/2026 6:54:00 AM ,   78840.000,                                  99.610,                                  25.586,                                1016.760,
8/28/2026 6:55:00 AM ,   78900.000,                                  99.580,                                  25.488,                                1016.454,
8/28/2026 6:56:00 AM ,   78960.000,                                  99.556,                                  25.244,                                1016.209,
8/28/2026 6:57:00 AM ,   79020.000,                                  99.586,                                  25.488,                                1016.509,
8/28/2026 6:58:00 AM ,   79080.000,                                  99.587,                                  25.537,                                1016.525,
8/28/2026 6:59:00 AM ,   79140.000,                                  99.627,                                  25.439,                                1016.931,
8/28/2026 7:00:00 AM ,   79200.000,                                  99.609,                                  25.195,                                1016.741,
8/28/2026 7:01:00 AM ,   79260.000,                                  99.586,                                  25.488,                                1016.509,
8/28/2026 7:02:00 AM ,   79320.000,                                  99.582,                                  25.195,                                1016.467,
8/28/2026 7:03:00 AM ,   79380.000,                                  99.626,                                  25.244,                                1016.921,
8/28/2026 7:04:00 AM ,   79440.000,                                  99.630,                                  25.537,                                1016.963,
8/28/2026 7:05:00 AM ,   79500.000,                                  99.576,                                  25.342,                                1016.406,
8/28/2026 7:06:00 AM ,   79560.000,                                  99.589,                                  25.244,                                1016.538,
8/28/2026 7:07:00 AM ,   79620.000,                                  99.587,                                  25.195,                                1016.522,
8/28/2026 7:08:00 AM ,   79680.000,                                  99.652,                                  25.537,                                1017.182,
8/28/2026 7:09:00 AM ,   79740.000,                                  99.571,                                  25.537,                                1016.360,
8/28/2026 7:10:00 AM ,   79800.000,                                  99.594,                                  25.244,                                1016.593,
8/28/2026 7:11:00 AM ,   79860.000,                                  99.614,                                  25.537,                                1016.799,
8/28/2026 7:12:00 AM ,   79920.000,                                  99.533,                                  25.342,                                1015.967,
8/28/2026 7:13:00 AM ,   79980.000,                                  99.605,                                  25.244,                                1016.702,
8/28/2026 7:14:00 AM ,   80040.000,                                  99.590,                                  25.439,                                1016.547,
8/28/2026 7:15:00 AM ,   80100.000,                                  99.544,                                  25.537,                                1016.086,
8/28/2026 7:16:00 AM ,   80160.000,                                  99.530,                                  25.244,                                1015.935,
8/28/2026 7:17:00 AM ,   80220.000,                                  99.574,                                  25.293,                                1016.389,
8/28/2026 7:18:00 AM ,   80280.000,                                  99.592,                                  25.342,                                1016.570,
8/28/2026 7:19:00 AM ,   80340.000,                                  99.569,                                  25.293,                                1016.335,
8/28/2026 7:20:00 AM ,   80400.000,                                  99.606,                                  25.439,                                1016.712,
8/28/2026 7:21:00 AM ,   80460.000,                                  99.608,                                  25.342,                                1016.734,
8/28/2026 7:22:00 AM ,   80520.000,                                  99.564,                                  25.488,                                1016.289,
8/28/2026 7:23:00 AM ,   80580.000,                                  99.569,                                  25.293,                                1016.335,
8/28/2026 7:24:00 AM ,   80640.000,                                  99.553,                                  25.293,                                1016.171,
8/28/2026 7:25:00 AM ,   80700.000,                                  99.609,                                  25.537,                                1016.744,
8/28/2026 7:26:00 AM ,   80760.000,                                  99.562,                                  25.244,                                1016.264,
8/28/2026 7:27:00 AM ,   80820.000,                                  99.586,                                  25.488,                                1016.509,
8/28/2026 7:28:00 AM ,   80880.000,                                  99.583,                                  25.244,                                1016.483,
8/28/2026 7:29:00 AM ,   80940.000,                                  99.619,                                  25.342,                                1016.844,
8/28/2026 7:30:00 AM ,   81000.000,                                  99.593,                                  25.390,                                1016.586,
8/28/2026 7:31:00 AM ,   81060.000,                                  99.600,                                  25.439,                                1016.657,
8/28/2026 7:32:00 AM ,   81120.000,                                  99.602,                                  25.342,                                1016.680,
8/28/2026 7:33:00 AM ,   81180.000,                                  99.572,                                  25.390,                                1016.367,
8/28/2026 7:34:00 AM ,   81240.000,                                  99.590,                                  25.293,                                1016.554,
8/28/2026 7:35:00 AM ,   81300.000,                                  99.548,                                  25.488,                                1016.125,
8/28/2026 7:36:00 AM ,   81360.000,                                  99.570,                                  25.488,                                1016.344,
8/28/2026 7:37:00 AM ,   81420.000,                                  99.550,                                  25.537,                                1016.141,
8/28/2026 7:38:00 AM ,   81480.000,                                  99.544,                                  25.537,                                1016.086,
8/28/2026 7:39:00 AM ,   81540.000,                                  99.558,                                  25.293,                                1016.225,
8/28/2026 7:40:00 AM ,   81600.000,                                  99.566,                                  25.537,                                1016.306,
8/28/2026 7:41:00 AM ,   81660.000,                                  99.584,                                  25.439,                                1016.493,
8/28/2026 7:42:00 AM ,   81720.000,                                  99.614,                                  25.537,                                1016.799,
8/28/2026 7:43:00 AM ,   81780.000,                                  99.587,                                  25.195,                                1016.522,
8/28/2026 7:44:00 AM ,   81840.000,                                  99.578,                                  25.244,                                1016.428,
8/28/2026 7:45:00 AM ,   81900.000,                                  99.563,                                  25.293,                                1016.280,
8/28/2026 7:46:00 AM ,   81960.000,                                  99.590,                                  25.293,                                1016.554,
8/28/2026 7:47:00 AM ,   82020.000,                                  99.563,                                  25.293,                                1016.280,
8/28/2026 7:48:00 AM ,   82080.000,                                  99.556,                                  25.244,                                1016.209,
8/28/2026 7:49:00 AM ,   82140.000,                                  99.577,                                  25.537,                                1016.415,
8/28/2026 7:50:00 AM ,   82200.000,                                  99.553,                                  25.293,                                1016.171,
8/28/2026 7:51:00 AM ,   82260.000,                                  99.574,                                  25.293,                                1016.389,
8/28/2026 7:52:00 AM ,   82320.000,                                  99.579,                                  25.293,                                1016.444,
8/28/2026 7:53:00 AM ,   82380.000,                                  99.566,                                  25.537,                                1016.306,
8/28/2026 7:54:00 AM ,   82440.000,                                  99.609,                                  25.537,                                1016.744,
8/28/2026 7:55:00 AM ,   82500.000,                                  99.543,                                  25.342,                                1016.077,
8/28/2026 7:56:00 AM ,   82560.000,                                  99.588,                                  25.390,                                1016.531,
8/28/2026 7:57:00 AM ,   82620.000,                                  99.569,                                  25.293,                                1016.335,
8/28/2026 7:58:00 AM ,   82680.000,                                  99.564,                                  25.488,                                1016.289,
8/28/2026 7:59:00 AM ,   82740.000,                                  99.629,                                  25.342,                                1016.953,
8/28/2026 8:00:00 AM ,   82800.000,                                  99.613,                                  25.488,                                1016.783,
8/28/2026 8:01:00 AM ,   82860.000,                                  99.568,                                  25.439,                                1016.328,
8/28/2026 8:02:00 AM ,   82920.000,                                  99.575,                                  25.488,                                1016.399,
8/28/2026 8:03:00 AM ,   82980.000,                                  99.609,                                  25.390,                                1016.750,
8/28/2026 8:04:00 AM ,   83040.000,                                  99.655,                                  25.488,                                1017.221,
8/28/2026 8:05:00 AM ,   83100.000,                                  99.615,                                  25.390,                                1016.805,
8/28/2026 8:06:00 AM ,   83160.000,                                  99.577,                                  25.390,                                1016.422,
8/28/2026 8:07:00 AM ,   83220.000,                                  99.596,                                  25.488,                                1016.618,
8/28/2026 8:08:00 AM ,   83280.000,                                  99.600,                                  25.439,                                1016.657,
8/28/2026 8:09:00 AM ,   83340.000,                                  99.646,                                  25.537,                                1017.127,
8/28/2026 8:10:00 AM ,   83400.000,                                  99.626,                                  25.586,                                1016.924,
8/28/2026 8:11:00 AM ,   83460.000,                                  99.622,                                  25.439,                                1016.876,
8/28/2026 8:12:00 AM ,   83520.000,                                  99.607,                                  25.488,                                1016.728,
8/28/2026 8:13:00 AM ,   83580.000,                                  99.630,                                  25.537,                                1016.963,
8/28/2026 8:14:00 AM ,   83640.000,                                  99.622,                                  25.439,                                1016.876,
8/28/2026 8:15:00 AM ,   83700.000,                                  99.603,                                  25.537,                                1016.689,
8/28/2026 8:16:00 AM ,   83760.000,                                  99.570,                                  25.488,                                1016.344,
8/28/2026 8:17:00 AM ,   83820.000,                                  99.564,                                  25.488,                                1016.289,
8/28/2026 8:18:00 AM ,   83880.000,                                  99.607,                                  25.488,                                1016.728,
8/28/2026 8:19:00 AM ,   83940.000,                                  99.602,                                  25.488,                                1016.673,
8/28/2026 8:20:00 AM ,   84000.000,                                  99.580,                                  25.488,                                1016.454,
8/28/2026 8:21:00 AM ,   84060.000,                                  99.598,                                  25.537,                                1016.634,
8/28/2026 8:22:00 AM ,   84120.000,                                  99.559,                                  25.488,                                1016.235,
8/28/2026 8:23:00 AM ,   84180.000,                                  99.621,                                  25.586,                                1016.869,
8/28/2026 8:24:00 AM ,   84240.000,                                  99.620,                                  25.390,                                1016.860,
8/28/2026 8:25:00 AM ,   84300.000,                                  99.614,                                  25.537,                                1016.799,
8/28/2026 8:26:00 AM ,   84360.000,                                  99.617,                                  25.634,                                1016.830,
8/28/2026 8:27:00 AM ,   84420.000,                                  99.610,                                  25.586,                                1016.760,
8/28/2026 8:28:00 AM ,   84480.000,                                  99.586,                                  25.342,                                1016.515,
8/28/2026 8:29:00 AM ,   84540.000,                                  99.598,                                  25.537,                                1016.634,
8/28/2026 8:30:00 AM ,   84600.000,                                  99.631,                                  25.390,                                1016.970,
8/28/2026 8:31:00 AM ,   84660.000,                                  99.605,                                  25.586,                                1016.705,
8/28/2026 8:32:00 AM ,   84720.000,                                  99.608,                                  25.342,                                1016.734,
8/28/2026 8:33:00 AM ,   84780.000,                                  99.602,                                  25.488,                                1016.673,
8/28/2026 8:34:00 AM ,   84840.000,                                  99.602,                                  25.488,                                1016.673,
8/28/2026 8:35:00 AM ,   84900.000,                                  99.574,                                  25.634,                                1016.392,
8/28/2026 8:36:00 AM ,   84960.000,                                  99.570,                                  25.488,                                1016.344,
8/28/2026 8:37:00 AM ,   85020.000,                                  99.605,                                  25.586,                                1016.705,
8/28/2026 8:38:00 AM ,   85080.000,                                  99.596,                                  25.634,                                1016.611,
8/28/2026 8:39:00 AM ,   85140.000,                                  99.603,                                  25.683,                                1016.682,
8/28/2026 8:40:00 AM ,   85200.000,                                  99.596,                                  25.634,                                1016.611,
8/28/2026 8:41:00 AM ,   85260.000,                                  99.628,                                  25.634,                                1016.940,
8/28/2026 8:42:00 AM ,   85320.000,                                  99.613,                                  25.683,                                1016.792,
8/28/2026 8:43:00 AM ,   85380.000,                                  99.647,                                  25.732,                                1017.137,
8/28/2026 8:44:00 AM ,   85440.000,                                  99.610,                                  25.732,                                1016.753,
8/28/2026 8:45:00 AM ,   85500.000,                                  99.554,                                  25.488,                                1016.180,
8/28/2026 8:46:00 AM ,   85560.000,                                  99.594,                                  25.586,                                1016.595,
8/28/2026 8:47:00 AM ,   85620.000,                                  99.631,                                  25.732,                                1016.972,
8/28/2026 8:48:00 AM ,   85680.000,                                  99.590,                                  25.439,                                1016.547,
8/28/2026 8:49:00 AM ,   85740.000,                                  99.635,                                  25.683,                                1017.011,
8/28/2026 8:50:00 AM ,   85800.000,                                  99.617,                                  25.781,                                1016.824,
8/28/2026 8:51:00 AM ,   85860.000,                                  99.586,                                  25.488,                                1016.509,
8/28/2026 8:52:00 AM ,   85920.000,                                  99.623,                                  25.634,                                1016.885,
8/28/2026 8:53:00 AM ,   85980.000,                                  99.600,                                  25.439,                                1016.657,
8/28/2026 8:54:00 AM ,   86040.000,                                  99.603,                                  25.537,                                1016.689,
8/28/2026 8:55:00 AM ,   86100.000,                                  99.627,                                  25.781,                                1016.934,
8/28/2026 8:56:00 AM ,   86160.000,                                  99.592,                                  25.683,                                1016.573,
8/28/2026 8:57:00 AM ,   86220.000,                                  99.638,                                  25.781,                                1017.043,
8/28/2026 8:58:00 AM ,   86280.000,                                  99.624,                                  25.829,                                1016.895,
8/28/2026 8:59:00 AM ,   86340.000,                                  99.640,                                  25.829,                                1017.059,
8/28/2026 9:00:00 AM ,   86400.000,                                  99.631,                                  25.732,                                1016.972,
8/28/2026 9:01:00 AM ,   86460.000,                                  99.585,                                  25.634,                                1016.502,
8/28/2026 9:02:00 AM ,   86520.000,                                  99.634,                                  25.829,                                1017.005,
8/28/2026 9:03:00 AM ,   86580.000,                                  99.609,                                  25.878,                                1016.747,
8/28/2026 9:04:00 AM ,   86640.000,                                  99.552,                                  25.781,                                1016.167,
8/28/2026 9:05:00 AM ,   86700.000,                                  99.579,                                  25.781,                                1016.440,
8/28/2026 9:06:00 AM ,   86760.000,                                  99.631,                                  25.878,                                1016.966,
8/28/2026 9:07:00 AM ,   86820.000,                                  99.627,                                  25.927,                                1016.927,
8/28/2026 9:08:00 AM ,   86880.000,                                  99.612,                                  25.634,                                1016.776,
8/28/2026 9:09:00 AM ,   86940.000,                                  99.584,                                  25.781,                                1016.495,
8/28/2026 9:10:00 AM ,   87000.000,                                  99.612,                                  25.976,                                1016.779,
8/28/2026 9:11:00 AM ,   87060.000,                                  99.587,                                  26.024,                                1016.521,
8/28/2026 9:12:00 AM ,   87120.000,                                  99.614,                                  26.024,                                1016.795,
8/28/2026 9:13:00 AM ,   87180.000,                                  99.623,                                  25.976,                                1016.888,
8/28/2026 9:14:00 AM ,   87240.000,                                  99.614,                                  26.024,                                1016.795,
8/28/2026 9:15:00 AM ,   87300.000,                                  99.631,                                  26.073,                                1016.975,
8/28/2026 9:16:00 AM ,   87360.000,                                  99.630,                                  26.024,                                1016.959,
8/28/2026 9:17:00 AM ,   87420.000,                                  99.583,                                  25.732,                                1016.479,
8/28/2026 9:18:00 AM ,   87480.000,                                  99.619,                                  26.024,                                1016.849,
8/28/2026 9:19:00 AM ,   87540.000,                                  99.615,                                  25.732,                                1016.808,
8/28/2026 9:20:00 AM ,   87600.000,                                  99.611,                                  25.927,                                1016.762,
8/28/2026 9:21:00 AM ,   87660.000,                                  99.605,                                  26.073,                                1016.701,
8/28/2026 9:22:00 AM ,   87720.000,                                  99.622,                                  25.781,                                1016.879,
8/28/2026 9:23:00 AM ,   87780.000,                                  99.621,                                  26.073,                                1016.865,
8/28/2026 9:24:00 AM ,   87840.000,                                  99.637,                                  26.073,                                1017.030,
8/28/2026 9:25:00 AM ,   87900.000,                                  99.605,                                  26.073,                                1016.701,
8/28/2026 9:26:00 AM ,   87960.000,                                  99.601,                                  26.122,                                1016.662,
8/28/2026 9:27:00 AM ,   88020.000,                                  99.582,                                  26.024,                                1016.466,
8/28/2026 9:28:00 AM ,   88080.000,                                  99.599,                                  26.073,                                1016.646,
8/28/2026 9:29:00 AM ,   88140.000,                                  99.578,                                  25.927,                                1016.434,
8/28/2026 9:30:00 AM ,   88200.000,                                  99.596,                                  25.976,                                1016.614,
8/28/2026 9:31:00 AM ,   88260.000,                                  99.614,                                  26.024,                                1016.795,
8/28/2026 9:32:00 AM ,   88320.000,                                  99.576,                                  26.024,                                1016.411,
8/28/2026 9:33:00 AM ,   88380.000,                                  99.625,                                  25.878,                                1016.911,
8/28/2026 9:34:00 AM ,   88440.000,                                  99.574,                                  25.781,                                1016.386,
8/28/2026 9:35:00 AM ,   88500.000,                                  99.638,                                  26.122,                                1017.046,
8/28/2026 9:36:00 AM ,   88560.000,                                  99.649,                                  26.122,                                1017.155,
8/28/2026 9:37:00 AM ,   88620.000,                                  99.637,                                  26.073,                                1017.030,
8/28/2026 9:38:00 AM ,   88680.000,                                  99.641,                                  26.024,                                1017.069,
8/28/2026 9:39:00 AM ,   88740.000,                                  99.654,                                  26.122,                                1017.210,
8/28/2026 9:40:00 AM ,   88800.000,                                  99.637,                                  25.927,                                1017.036,
8/28/2026 9:41:00 AM ,   88860.000,                                  99.677,                                  26.170,                                1017.445,
8/28/2026 9:42:00 AM ,   88920.000,                                  99.685,                                  26.073,                                1017.523,
8/28/2026 9:43:00 AM ,   88980.000,                                  99.660,                                  25.976,                                1017.272,
8/28/2026 9:44:00 AM ,   89040.000,                                  99.622,                                  25.781,                                1016.879,
8/28/2026 9:45:00 AM ,   89100.000,                                  99.648,                                  25.927,                                1017.146,
8/28/2026 9:46:00 AM ,   89160.000,                                  99.676,                                  25.781,                                1017.427,
8/28/2026 9:47:00 AM ,   89220.000,                                  99.651,                                  26.170,                                1017.171,
8/28/2026 9:48:00 AM ,   89280.000,                                  99.628,                                  26.122,                                1016.936,
8/28/2026 9:49:00 AM ,   89340.000,                                  99.664,                                  26.073,                                1017.304,
8/28/2026 9:50:00 AM ,   89400.000,                                  99.662,                                  26.024,                                1017.288,
8/28/2026 9:51:00 AM ,   89460.000,                                  99.628,                                  26.122,                                1016.936,
8/28/2026 9:52:00 AM ,   89520.000,                                  99.667,                                  26.170,                                1017.336,
8/28/2026 9:53:00 AM ,   89580.000,                                  99.620,                                  26.219,                                1016.859,
8/28/2026 9:54:00 AM ,   89640.000,                                  99.651,                                  26.170,                                1017.171,
8/28/2026 9:55:00 AM ,   89700.000,                                  99.656,                                  26.170,                                1017.226,
8/28/2026 9:56:00 AM ,   89760.000,                                  99.665,                                  25.781,                                1017.317,
8/28/2026 9:57:00 AM ,   89820.000,                                  99.644,                                  26.122,                                1017.101,
8/28/2026 9:58:00 AM ,   89880.000,                                  99.688,                                  26.170,                                1017.555,
8/28/2026 9:59:00 AM ,   89940.000,                                  99.661,                                  26.170,                                1017.281,
8/28/2026 10:00:00 AM,   90000.000,                                  99.677,                                  25.976,                                1017.436,
8/28/2026 10:01:00 AM,   90060.000,                                  99.660,                                  25.976,                                1017.272,
8/28/2026 10:02:00 AM,   90120.000,                                  99.608,                                  26.024,                                1016.740,
8/28/2026 10:03:00 AM,   90180.000,                                  99.623,                                  25.976,                                1016.888,
8/28/2026 10:04:00 AM,   90240.000,                                  99.636,                                  26.219,                                1017.023,
8/28/2026 10:05:00 AM,   90300.000,                                  99.624,                                  26.024,                                1016.904,
8/28/2026 10:06:00 AM,   90360.000,                                  99.594,                                  26.073,                                1016.592,
8/28/2026 10:07:00 AM,   90420.000,                                  99.658,                                  26.073,                                1017.249,
8/28/2026 10:08:00 AM,   90480.000,                                  99.657,                                  26.024,                                1017.233,
8/28/2026 10:09:00 AM,   90540.000,                                  99.642,                                  26.073,                                1017.085,
8/28/2026 10:10:00 AM,   90600.000,                                  99.608,                                  26.024,                                1016.740,
8/28/2026 10:11:00 AM,   90660.000,                                  99.615,                                  26.073,                                1016.811,
8/28/2026 10:12:00 AM,   90720.000,                                  99.654,                                  26.268,                                1017.203,
8/28/2026 10:13:00 AM,   90780.000,                                  99.635,                                  26.024,                                1017.014,
8/28/2026 10:14:00 AM,   90840.000,                                  99.628,                                  26.122,                                1016.936,
8/28/2026 10:15:00 AM,   90900.000,                                  99.633,                                  26.122,                                1016.991,
8/28/2026 10:16:00 AM,   90960.000,                                  99.667,                                  26.024,                                1017.342,
8/28/2026 10:17:00 AM,   91020.000,                                  99.637,                                  26.073,                                1017.030,
8/28/2026 10:18:00 AM,   91080.000,                                  99.676,                                  26.122,                                1017.429,
8/28/2026 10:19:00 AM,   91140.000,                                  99.624,                                  26.170,                                1016.897,
8/28/2026 10:20:00 AM,   91200.000,                                  99.658,                                  26.219,                                1017.242,
8/28/2026 10:21:00 AM,   91260.000,                                  99.634,                                  26.316,                                1017.000,
8/28/2026 10:22:00 AM,   91320.000,                                  99.669,                                  26.073,                                1017.359,
8/28/2026 10:23:00 AM,   91380.000,                                  99.652,                                  26.219,                                1017.187,
8/28/2026 10:24:00 AM,   91440.000,                                  99.654,                                  26.122,                                1017.210,
8/28/2026 10:25:00 AM,   91500.000,                                  99.602,                                  26.316,                                1016.672,
8/28/2026 10:26:00 AM,   91560.000,                                  99.609,                                  26.219,                                1016.749,
8/28/2026 10:27:00 AM,   91620.000,                                  99.599,                                  26.219,                                1016.639,
8/28/2026 10:28:00 AM,   91680.000,                                  99.623,                                  26.316,                                1016.891,
8/28/2026 10:29:00 AM,   91740.000,                                  99.628,                                  26.122,                                1016.936,
8/28/2026 10:30:00 AM,   91800.000,                                  99.586,                                  26.511,                                1016.516,
8/28/2026 10:31:00 AM,   91860.000,                                  99.626,                                  26.414,                                1016.923,
8/28/2026 10:32:00 AM,   91920.000,                                  99.622,                                  26.462,                                1016.884,
8/28/2026 10:33:00 AM,   91980.000,                                  99.621,                                  26.414,                                1016.868,
8/28/2026 10:34:00 AM,   92040.000,                                  99.583,                                  26.559,                                1016.477,
8/28/2026 10:35:00 AM,   92100.000,                                  99.617,                                  26.462,                                1016.829,
8/28/2026 10:36:00 AM,   92160.000,                                  99.608,                                  26.511,                                1016.735,
8/28/2026 10:37:00 AM,   92220.000,                                  99.601,                                  26.462,                                1016.665,
8/28/2026 10:38:00 AM,   92280.000,                                  99.565,                                  26.511,                                1016.297,
8/28/2026 10:39:00 AM,   92340.000,                                  99.570,                                  26.657,                                1016.345,
8/28/2026 10:40:00 AM,   92400.000,                                  99.618,                                  26.657,                                1016.838,
8/28/2026 10:41:00 AM,   92460.000,                                  99.597,                                  26.511,                                1016.626,
8/28/2026 10:42:00 AM,   92520.000,                                  99.591,                                  26.657,                                1016.564,
8/28/2026 10:43:00 AM,   92580.000,                                  99.622,                                  26.608,                                1016.877,
8/28/2026 10:44:00 AM,   92640.000,                                  99.593,                                  26.705,                                1016.580,
8/28/2026 10:45:00 AM,   92700.000,                                  99.605,                                  26.754,                                1016.706,
8/28/2026 10:46:00 AM,   92760.000,                                  99.600,                                  26.754,                                1016.651,
8/28/2026 10:47:00 AM,   92820.000,                                  99.627,                                  26.754,                                1016.925,
8/28/2026 10:48:00 AM,   92880.000,                                  99.573,                                  26.754,                                1016.377,
8/28/2026 10:49:00 AM,   92940.000,                                  99.629,                                  26.657,                                1016.948,
8/28/2026 10:50:00 AM,   93000.000,                                  99.622,                                  26.608,                                1016.877,
8/28/2026 10:51:00 AM,   93060.000,                                  99.609,                                  26.705,                                1016.745,
8/28/2026 10:52:00 AM,   93120.000,                                  99.557,                                  26.608,                                1016.220,
8/28/2026 10:53:00 AM,   93180.000,                                  99.580,                                  26.802,                                1016.448,
8/28/2026 10:54:00 AM,   93240.000,                                  99.591,                                  26.802,                                1016.557,
8/28/2026 10:55:00 AM,   93300.000,                                  99.605,                                  26.754,                                1016.706,
8/28/2026 10:56:00 AM,   93360.000,                                  99.603,                                  26.851,                                1016.683,
8/28/2026 10:57:00 AM,   93420.000,                                  99.587,                                  26.851,                                1016.519,
8/28/2026 10:58:00 AM,   93480.000,                                  99.565,                                  26.851,                                1016.300,
8/28/2026 10:59:00 AM,   93540.000,                                  99.581,                                  26.851,                                1016.464,
8/28/2026 11:00:00 AM,   93600.000,                                  99.609,                                  26.705,                                1016.745,
8/28/2026 11:01:00 AM,   93660.000,                                  99.598,                                  26.705,                                1016.635,
8/28/2026 11:02:00 AM,   93720.000,                                  99.600,                                  26.754,                                1016.651,
8/28/2026 11:03:00 AM,   93780.000,                                  99.576,                                  26.851,                                1016.409,
8/28/2026 11:04:00 AM,   93840.000,                                  99.614,                                  26.851,                                1016.793,
8/28/2026 11:05:00 AM,   93900.000,                                  99.563,                                  26.948,                                1016.277,
8/28/2026 11:06:00 AM,   93960.000,                                  99.590,                                  26.948,                                1016.551,
8/28/2026 11:07:00 AM,   94020.000,                                  99.598,                                  27.045,                                1016.637,
8/28/2026 11:08:00 AM,   94080.000,                                  99.591,                                  26.996,                                1016.566,
8/28/2026 11:09:00 AM,   94140.000,                                  99.594,                                  26.899,                                1016.590,
8/28/2026 11:10:00 AM,   94200.000,                                  99.617,                                  26.948,                                1016.824,
8/28/2026 11:11:00 AM,   94260.000,                                  99.581,                                  26.996,                                1016.457,
8/28/2026 11:12:00 AM,   94320.000,                                  99.587,                                  26.851,                                1016.519,
8/28/2026 11:13:00 AM,   94380.000,                                  99.608,                                  26.996,                                1016.731,
8/28/2026 11:14:00 AM,   94440.000,                                  99.565,                                  26.851,                                1016.300,
8/28/2026 11:15:00 AM,   94500.000,                                  99.608,                                  26.996,                                1016.731,
8/28/2026 11:16:00 AM,   94560.000,                                  99.612,                                  27.142,                                1016.779,
8/28/2026 11:17:00 AM,   94620.000,                                  99.606,                                  26.948,                                1016.715,
8/28/2026 11:18:00 AM,   94680.000,                                  99.600,                                  27.093,                                1016.653,
8/28/2026 11:19:00 AM,   94740.000,                                  99.595,                                  27.093,                                1016.598,
8/28/2026 11:20:00 AM,   94800.000,                                  99.598,                                  27.190,                                1016.630,
8/28/2026 11:21:00 AM,   94860.000,                                  99.641,                                  27.190,                                1017.069,
8/28/2026 11:22:00 AM,   94920.000,                                  99.602,                                  26.996,                                1016.676,
8/28/2026 11:23:00 AM,   94980.000,                                  99.604,                                  27.045,                                1016.692,
8/28/2026 11:24:00 AM,   95040.000,                                  99.575,                                  27.142,                                1016.395,
8/28/2026 11:25:00 AM,   95100.000,                                  99.569,                                  27.142,                                1016.340,
8/28/2026 11:26:00 AM,   95160.000,                                  99.569,                                  27.142,                                1016.340,
8/28/2026 11:27:00 AM,   95220.000,                                  99.592,                                  27.190,                                1016.575,
8/28/2026 11:28:00 AM,   95280.000,                                  99.619,                                  27.190,                                1016.850,
8/28/2026 11:29:00 AM,   95340.000,                                  99.608,                                  27.190,                                1016.740,
8/28/2026 11:30:00 AM,   95400.000,                                  99.555,                                  27.190,                                1016.192,
8/28/2026 11:31:00 AM,   95460.000,                                  99.553,                                  27.142,                                1016.176,
8/28/2026 11:32:00 AM,   95520.000,                                  99.575,                                  27.142,                                1016.395,
8/28/2026 11:33:00 AM,   95580.000,                                  99.619,                                  27.190,                                1016.850,
8/28/2026 11:34:00 AM,   95640.000,                                  99.575,                                  27.142,                                1016.395,
8/28/2026 11:35:00 AM,   95700.000,                                  99.555,                                  27.190,                                1016.192,
8/28/2026 11:36:00 AM,   95760.000,                                  99.521,                                  27.142,                                1015.847,
8/28/2026 11:37:00 AM,   95820.000,                                  99.542,                                  27.142,                                1016.066,
8/28/2026 11:38:00 AM,   95880.000,                                  99.553,                                  27.142,                                1016.176,
8/28/2026 11:39:00 AM,   95940.000,                                  99.582,                                  27.190,                                1016.466,
8/28/2026 11:40:00 AM,   96000.000,                                  99.553,                                  27.142,                                1016.176,
8/28/2026 11:41:00 AM,   96060.000,                                  99.549,                                  27.190,                                1016.137,
8/28/2026 11:42:00 AM,   96120.000,                                  99.592,                                  27.190,                                1016.575,
8/28/2026 11:43:00 AM,   96180.000,                                  99.565,                                  27.190,                                1016.301,
8/28/2026 11:44:00 AM,   96240.000,                                  99.580,                                  27.142,                                1016.450,
8/28/2026 11:45:00 AM,   96300.000,                                  99.560,                                  27.190,                                1016.247,
8/28/2026 11:46:00 AM,   96360.000,                                  99.580,                                  27.142,                                1016.450,
8/28/2026 11:47:00 AM,   96420.000,                                  99.612,                                  27.142,                                1016.779,
8/28/2026 11:48:00 AM,   96480.000,                                  99.580,                                  27.142,                                1016.450,
8/28/2026 11:49:00 AM,   96540.000,                                  99.575,                                  27.142,                                1016.395,
8/28/2026 11:50:00 AM,   96600.000,                                  99.532,                                  27.142,                                1015.956,
8/28/2026 11:51:00 AM,   96660.000,                                  99.575,                                  27.142,                                1016.395,
8/28/2026 11:52:00 AM,   96720.000,                                  99.569,                                  27.142,                                1016.340,
8/28/2026 11:53:00 AM,   96780.000,                                  99.568,                                  27.093,                                1016.324,
8/28/2026 11:54:00 AM,   96840.000,                                  99.553,                                  27.142,                                1016.176,
8/28/2026 11:55:00 AM,   96900.000,                                  99.573,                                  27.093,                                1016.379,
8/28/2026 11:56:00 AM,   96960.000,                                  99.569,                                  27.142,                                1016.340,
8/28/2026 11:57:00 AM,   97020.000,                                  99.596,                                  27.142,                                1016.614,
8/28/2026 11:58:00 AM,   97080.000,                                  99.562,                                  27.093,                                1016.269,
8/28/2026 11:59:00 AM,   97140.000,                                  99.561,                                  27.045,                                1016.254,
8/28/2026 12:00:00 PM,   97200.000,                                  99.580,                                  27.142,                                1016.450,
8/28/2026 12:01:00 PM,   97260.000,                                  99.541,                                  27.093,                                1016.050,
8/28/2026 12:02:00 PM,   97320.000,                                  99.580,                                  27.142,                                1016.450,
8/28/2026 12:03:00 PM,   97380.000,                                  99.553,                                  27.142,                                1016.176,
8/28/2026 12:04:00 PM,   97440.000,                                  99.519,                                  27.093,                                1015.831,
8/28/2026 12:05:00 PM,   97500.000,                                  99.541,                                  27.093,                                1016.050,
8/28/2026 12:06:00 PM,   97560.000,                                  99.535,                                  27.093,                                1015.996,
8/28/2026 12:07:00 PM,   97620.000,                                  99.546,                                  27.093,                                1016.105,
8/28/2026 12:08:00 PM,   97680.000,                                  99.542,                                  27.142,                                1016.066,
8/28/2026 12:09:00 PM,   97740.000,                                  99.546,                                  27.093,                                1016.105,
8/28/2026 12:10:00 PM,   97800.000,                                  99.573,                                  27.093,                                1016.379,
8/28/2026 12:11:00 PM,   97860.000,                                  99.541,                                  27.093,                                1016.050,
8/28/2026 12:12:00 PM,   97920.000,                                  99.578,                                  27.093,                                1016.434,
8/28/2026 12:13:00 PM,   97980.000,                                  99.498,                                  27.093,                                1015.612,
8/28/2026 12:14:00 PM,   98040.000,                                  99.503,                                  27.093,                                1015.667,
8/28/2026 12:15:00 PM,   98100.000,                                  99.552,                                  27.093,                                1016.160,
8/28/2026 12:16:00 PM,   98160.000,                                  99.541,                                  27.093,                                1016.050,
8/28/2026 12:17:00 PM,   98220.000,                                  99.530,                                  27.093,                                1015.941,
8/28/2026 12:18:00 PM,   98280.000,                                  99.562,                                  27.093,                                1016.269,
8/28/2026 12:19:00 PM,   98340.000,                                  99.598,                                  27.045,                                1016.637,
8/28/2026 12:20:00 PM,   98400.000,                                  99.604,                                  27.045,                                1016.692,
8/28/2026 12:21:00 PM,   98460.000,                                  99.552,                                  27.093,                                1016.160,
8/28/2026 12:22:00 PM,   98520.000,                                  99.550,                                  27.045,                                1016.144,
8/28/2026 12:23:00 PM,   98580.000,                                  99.535,                                  27.093,                                1015.996,
8/28/2026 12:24:00 PM,   98640.000,                                  99.566,                                  27.045,                                1016.309,
8/28/2026 12:25:00 PM,   98700.000,                                  99.529,                                  27.045,                                1015.925,
8/28/2026 12:26:00 PM,   98760.000,                                  99.523,                                  27.045,                                1015.870,
8/28/2026 12:27:00 PM,   98820.000,                                  99.545,                                  27.045,                                1016.089,
8/28/2026 12:28:00 PM,   98880.000,                                  99.507,                                  27.045,                                1015.706,
8/28/2026 12:29:00 PM,   98940.000,                                  99.502,                                  27.045,                                1015.651,
8/28/2026 12:30:00 PM,   99000.000,                                  99.571,                                  27.045,                                1016.363,
8/28/2026 12:31:00 PM,   99060.000,                                  99.535,                                  27.093,                                1015.996,
8/28/2026 12:32:00 PM,   99120.000,                                  99.477,                                  26.948,                                1015.400,
8/28/2026 12:33:00 PM,   99180.000,                                  99.520,                                  26.948,                                1015.838,
8/28/2026 12:34:00 PM,   99240.000,                                  99.534,                                  27.045,                                1015.980,
8/28/2026 12:35:00 PM,   99300.000,                                  99.529,                                  27.045,                                1015.925,
8/28/2026 12:36:00 PM,   99360.000,                                  99.534,                                  27.045,                                1015.980,
8/28/2026 12:37:00 PM,   99420.000,                                  99.580,                                  27.142,                                1016.450,
8/28/2026 12:38:00 PM,   99480.000,                                  99.532,                                  27.142,                                1015.956,
8/28/2026 12:39:00 PM,   99540.000,                                  99.519,                                  27.093,                                1015.831,
8/28/2026 12:40:00 PM,   99600.000,                                  99.565,                                  26.996,                                1016.293,
8/28/2026 12:41:00 PM,   99660.000,                                  99.553,                                  27.142,                                1016.176,
8/28/2026 12:42:00 PM,   99720.000,                                  99.554,                                  26.996,                                1016.183,
8/28/2026 12:43:00 PM,   99780.000,                                  99.553,                                  27.142,                                1016.176,
8/28/2026 12:44:00 PM,   99840.000,                                  99.518,                                  27.045,                                1015.815,
8/28/2026 12:45:00 PM,   99900.000,                                  99.539,                                  27.045,                                1016.034,
8/28/2026 12:46:00 PM,   99960.000,                                  99.516,                                  27.142,                                1015.792,
8/28/2026 12:47:00 PM,  100020.000,                                  99.558,                                  26.948,                                1016.222,
8/28/2026 12:48:00 PM,  100080.000,                                  99.509,                                  26.948,                                1015.728,
8/28/2026 12:49:00 PM,  100140.000,                                  99.590,                                  26.948,                                1016.551,
8/28/2026 12:50:00 PM,  100200.000,                                  99.575,                                  26.996,                                1016.402,
8/28/2026 12:51:00 PM,  100260.000,                                  99.568,                                  26.948,                                1016.331,
8/28/2026 12:52:00 PM,  100320.000,                                  99.539,                                  27.045,                                1016.034,
8/28/2026 12:53:00 PM,  100380.000,                                  99.523,                                  27.045,                                1015.870,
8/28/2026 12:54:00 PM,  100440.000,                                  99.560,                                  27.190,                                1016.247,
8/28/2026 12:55:00 PM,  100500.000,                                  99.575,                                  27.142,                                1016.395,
8/28/2026 12:56:00 PM,  100560.000,                                  99.565,                                  26.996,                                1016.293,
8/28/2026 12:57:00 PM,  100620.000,                                  99.576,                                  27.190,                                1016.411,
8/28/2026 12:58:00 PM,  100680.000,                                  99.593,                                  27.045,                                1016.582,
8/28/2026 12:59:00 PM,  100740.000,                                  99.559,                                  26.996,                                1016.238,
8/28/2026 1:00:00 PM ,  100800.000,                                  99.569,                                  27.142,                                1016.340,
8/28/2026 1:01:00 PM ,  100860.000,                                  99.564,                                  27.142,                                1016.286,
8/28/2026 1:02:00 PM ,  100920.000,                                  99.552,                                  27.093,                                1016.160,
8/28/2026 1:03:00 PM ,  100980.000,                                  99.589,                                  27.093,                                1016.543,
8/28/2026 1:04:00 PM ,  101040.000,                                  99.585,                                  27.142,                                1016.505,
8/28/2026 1:05:00 PM ,  101100.000,                                  99.573,                                  27.093,                                1016.379,
8/28/2026 1:06:00 PM ,  101160.000,                                  99.553,                                  27.142,                                1016.176,
8/28/2026 1:07:00 PM ,  101220.000,                                  99.564,                                  27.142,                                1016.286,
8/28/2026 1:08:00 PM ,  101280.000,                                  99.532,                                  27.142,                                1015.956,
8/28/2026 1:09:00 PM ,  101340.000,                                  99.560,                                  27.190,                                1016.247,
8/28/2026 1:10:00 PM ,  101400.000,                                  99.565,                                  27.190,                                1016.301,
8/28/2026 1:11:00 PM ,  101460.000,                                  99.544,                                  27.190,                                1016.082,
8/28/2026 1:12:00 PM ,  101520.000,                                  99.539,                                  27.190,                                1016.028,
8/28/2026 1:13:00 PM ,  101580.000,                                  99.559,                                  27.142,                                1016.231,
8/28/2026 1:14:00 PM ,  101640.000,                                  99.582,                                  27.190,                                1016.466,
8/28/2026 1:15:00 PM ,  101700.000,                                  99.528,                                  27.190,                                1015.918,
8/28/2026 1:16:00 PM ,  101760.000,                                  99.559,                                  27.142,                                1016.231,
8/28/2026 1:17:00 PM ,  101820.000,                                  99.524,                                  27.239,                                1015.879,
8/28/2026 1:18:00 PM ,  101880.000,                                  99.529,                                  27.239,                                1015.934,
8/28/2026 1:19:00 PM ,  101940.000,                                  99.533,                                  27.190,                                1015.973,
8/28/2026 1:20:00 PM ,  102000.000,                                  99.565,                                  27.190,                                1016.301,
8/28/2026 1:21:00 PM ,  102060.000,                                  99.529,                                  27.239,                                1015.934,
8/28/2026 1:22:00 PM ,  102120.000,                                  99.539,                                  27.190,                                1016.028,
8/28/2026 1:23:00 PM ,  102180.000,                                  99.501,                                  27.190,                                1015.644,
8/28/2026 1:24:00 PM ,  102240.000,                                  99.522,                                  27.190,                                1015.863,
8/28/2026 1:25:00 PM ,  102300.000,                                  99.549,                                  27.190,                                1016.137,
8/28/2026 1:26:00 PM ,  102360.000,                                  99.517,                                  27.190,                                1015.808,
8/28/2026 1:27:00 PM ,  102420.000,                                  99.539,                                  27.190,                                1016.028,
8/28/2026 1:28:00 PM ,  102480.000,                                  99.519,                                  27.239,                                1015.824,
8/28/2026 1:29:00 PM ,  102540.000,                                  99.556,                                  27.239,                                1016.208,
8/28/2026 1:30:00 PM ,  102600.000,                                  99.540,                                  27.239,                                1016.043,
8/28/2026 1:31:00 PM ,  102660.000,                                  99.556,                                  27.239,                                1016.208,
8/28/2026 1:32:00 PM ,  102720.000,                                  99.535,                                  27.239,                                1015.988,
8/28/2026 1:33:00 PM ,  102780.000,                                  99.542,                                  27.287,                                1016.059,
8/28/2026 1:34:00 PM ,  102840.000,                                  99.526,                                  27.287,                                1015.895,
8/28/2026 1:35:00 PM ,  102900.000,                                  99.542,                                  27.287,                                1016.059,
8/28/2026 1:36:00 PM ,  102960.000,                                  99.563,                                  27.287,                                1016.279,
8/28/2026 1:37:00 PM ,  103020.000,                                  99.569,                                  27.287,                                1016.333,
8/28/2026 1:38:00 PM ,  103080.000,                                  99.516,                                  27.336,                                1015.801,
8/28/2026 1:39:00 PM ,  103140.000,                                  99.511,                                  27.336,                                1015.746,
8/28/2026 1:40:00 PM ,  103200.000,                                  99.540,                                  27.239,                                1016.043,
8/28/2026 1:41:00 PM ,  103260.000,                                  99.538,                                  27.336,                                1016.020,
8/28/2026 1:42:00 PM ,  103320.000,                                  99.542,                                  27.287,                                1016.059,
8/28/2026 1:43:00 PM ,  103380.000,                                  99.549,                                  27.336,                                1016.130,
8/28/2026 1:44:00 PM ,  103440.000,                                  99.556,                                  27.239,                                1016.208,
8/28/2026 1:45:00 PM ,  103500.000,                                  99.562,                                  27.239,                                1016.263,
8/28/2026 1:46:00 PM ,  103560.000,                                  99.538,                                  27.336,                                1016.020,
8/28/2026 1:47:00 PM ,  103620.000,                                  99.558,                                  27.287,                                1016.224,
8/28/2026 1:48:00 PM ,  103680.000,                                  99.542,                                  27.287,                                1016.059,
8/28/2026 1:49:00 PM ,  103740.000,                                  99.561,                                  27.384,                                1016.255,
8/28/2026 1:50:00 PM ,  103800.000,                                  99.550,                                  27.384,                                1016.146,
8/28/2026 1:51:00 PM ,  103860.000,                                  99.569,                                  27.287,                                1016.333,
8/28/2026 1:52:00 PM ,  103920.000,                                  99.559,                                  27.336,                                1016.240,
8/28/2026 1:53:00 PM ,  103980.000,                                  99.572,                                  27.384,                                1016.365,
8/28/2026 1:54:00 PM ,  104040.000,                                  99.569,                                  27.287,                                1016.333,
8/28/2026 1:55:00 PM ,  104100.000,                                  99.579,                                  27.433,                                1016.436,
8/28/2026 1:56:00 PM ,  104160.000,                                  99.579,                                  27.433,                                1016.436,
8/28/2026 1:57:00 PM ,  104220.000,                                  99.550,                                  27.384,                                1016.146,
8/28/2026 1:58:00 PM ,  104280.000,                                  99.545,                                  27.384,                                1016.091,
8/28/2026 1:59:00 PM ,  104340.000,                                  99.575,                                  27.336,                                1016.404,
8/28/2026 2:00:00 PM ,  104400.000,                                  99.566,                                  27.384,                                1016.311,
8/28/2026 2:01:00 PM ,  104460.000,                                  99.534,                                  27.384,                                1015.981,
8/28/2026 2:02:00 PM ,  104520.000,                                  99.577,                                  27.384,                                1016.420,
8/28/2026 2:03:00 PM ,  104580.000,                                  99.591,                                  27.481,                                1016.562,
8/28/2026 2:04:00 PM ,  104640.000,                                  99.582,                                  27.384,                                1016.475,
8/28/2026 2:05:00 PM ,  104700.000,                                  99.541,                                  27.433,                                1016.052,
8/28/2026 2:06:00 PM ,  104760.000,                                  99.584,                                  27.433,                                1016.491,
8/28/2026 2:07:00 PM ,  104820.000,                                  99.600,                                  27.433,                                1016.655,
8/28/2026 2:08:00 PM ,  104880.000,                                  99.591,                                  27.481,                                1016.562,
8/28/2026 2:09:00 PM ,  104940.000,                                  99.586,                                  27.481,                                1016.507,
8/28/2026 2:10:00 PM ,  105000.000,                                  99.586,                                  27.481,                                1016.507,
8/28/2026 2:11:00 PM ,  105060.000,                                  99.596,                                  27.481,                                1016.616,
8/28/2026 2:12:00 PM ,  105120.000,                                  99.580,                                  27.481,                                1016.452,
8/28/2026 2:13:00 PM ,  105180.000,                                  99.586,                                  27.481,                                1016.507,
8/28/2026 2:14:00 PM ,  105240.000,                                  99.634,                                  27.481,                                1017.000,
8/28/2026 2:15:00 PM ,  105300.000,                                  99.602,                                  27.481,                                1016.671,
8/28/2026 2:16:00 PM ,  105360.000,                                  99.576,                                  27.529,                                1016.413,
8/28/2026 2:17:00 PM ,  105420.000,                                  99.575,                                  27.481,                                1016.397,
8/28/2026 2:18:00 PM ,  105480.000,                                  99.602,                                  27.481,                                1016.671,
8/28/2026 2:19:00 PM ,  105540.000,                                  99.614,                                  27.529,                                1016.797,
8/28/2026 2:20:00 PM ,  105600.000,                                  99.566,                                  27.529,                                1016.303,
8/28/2026 2:21:00 PM ,  105660.000,                                  99.582,                                  27.529,                                1016.468,
8/28/2026 2:22:00 PM ,  105720.000,                                  99.576,                                  27.529,                                1016.413,
8/28/2026 2:23:00 PM ,  105780.000,                                  99.550,                                  27.529,                                1016.139,
8/28/2026 2:24:00 PM ,  105840.000,                                  99.556,                                  27.578,                                1016.210,
8/28/2026 2:25:00 PM ,  105900.000,                                  99.594,                                  27.578,                                1016.593,
8/28/2026 2:26:00 PM ,  105960.000,                                  99.578,                                  27.578,                                1016.429,
8/28/2026 2:27:00 PM ,  106020.000,                                  99.567,                                  27.578,                                1016.319,
8/28/2026 2:28:00 PM ,  106080.000,                                  99.578,                                  27.578,                                1016.429,
8/28/2026 2:29:00 PM ,  106140.000,                                  99.605,                                  27.578,                                1016.703,
8/28/2026 2:30:00 PM ,  106200.000,                                  99.621,                                  27.578,                                1016.867,
8/28/2026 2:31:00 PM ,  106260.000,                                  99.562,                                  27.578,                                1016.264,
8/28/2026 2:32:00 PM ,  106320.000,                                  99.610,                                  27.578,                                1016.758,
8/28/2026 2:33:00 PM ,  106380.000,                                  99.537,                                  27.626,                                1016.006,
8/28/2026 2:34:00 PM ,  106440.000,                                  99.578,                                  27.578,                                1016.429,
8/28/2026 2:35:00 PM ,  106500.000,                                  99.569,                                  27.626,                                1016.335,
8/28/2026 2:36:00 PM ,  106560.000,                                  99.556,                                  27.578,                                1016.210,
8/28/2026 2:37:00 PM ,  106620.000,                                  99.594,                                  27.578,                                1016.593,
8/28/2026 2:38:00 PM ,  106680.000,                                  99.553,                                  27.626,                                1016.171,
8/28/2026 2:39:00 PM ,  106740.000,                                  99.578,                                  27.578,                                1016.429,
8/28/2026 2:40:00 PM ,  106800.000,                                  99.596,                                  27.626,                                1016.609,
8/28/2026 2:41:00 PM ,  106860.000,                                  99.569,                                  27.626,                                1016.335,
8/28/2026 2:42:00 PM ,  106920.000,                                  99.590,                                  27.626,                                1016.554,
8/28/2026 2:43:00 PM ,  106980.000,                                  99.594,                                  27.578,                                1016.593,
8/28/2026 2:44:00 PM ,  107040.000,                                  99.579,                                  27.626,                                1016.445,
8/28/2026 2:45:00 PM ,  107100.000,                                  99.579,                                  27.626,                                1016.445,
8/28/2026 2:46:00 PM ,  107160.000,                                  99.574,                                  27.626,                                1016.390,
8/28/2026 2:47:00 PM ,  107220.000,                                  99.573,                                  27.578,                                1016.374,
8/28/2026 2:48:00 PM ,  107280.000,                                  99.589,                                  27.578,                                1016.539,
8/28/2026 2:49:00 PM ,  107340.000,                                  99.594,                                  27.578,                                1016.593,
8/28/2026 2:50:00 PM ,  107400.000,                                  99.551,                                  27.578,                                1016.155,
8/28/2026 2:51:00 PM ,  107460.000,                                  99.596,                                  27.626,                                1016.609,
8/28/2026 2:52:00 PM ,  107520.000,                                  99.569,                                  27.626,                                1016.335,
8/28/2026 2:53:00 PM ,  107580.000,                                  99.569,                                  27.626,                                1016.335,
8/28/2026 2:54:00 PM ,  107640.000,                                  99.578,                                  27.578,                                1016.429,
8/28/2026 2:55:00 PM ,  107700.000,                                  99.551,                                  27.578,                                1016.155,
8/28/2026 2:56:00 PM ,  107760.000,                                  99.601,                                  27.626,                                1016.664,
8/28/2026 2:57:00 PM ,  107820.000,                                  99.590,                                  27.626,                                1016.554,
8/28/2026 2:58:00 PM ,  107880.000,                                  99.596,                                  27.626,                                1016.609,
8/28/2026 2:59:00 PM ,  107940.000,                                  99.644,                                  27.626,                                1017.103,
8/28/2026 3:00:00 PM ,  108000.000,                                  99.606,                                  27.626,                                1016.719,
8/28/2026 3:01:00 PM ,  108060.000,                                  99.590,                                  27.626,                                1016.554,
8/28/2026 3:02:00 PM ,  108120.000,                                  99.601,                                  27.626,                                1016.664,
8/28/2026 3:03:00 PM ,  108180.000,                                  99.579,                                  27.626,                                1016.445,
8/28/2026 3:04:00 PM ,  108240.000,                                  99.649,                                  27.626,                                1017.157,
8/28/2026 3:05:00 PM ,  108300.000,                                  99.621,                                  27.578,                                1016.867,
8/28/2026 3:06:00 PM ,  108360.000,                                  99.633,                                  27.626,                                1016.993,
8/28/2026 3:07:00 PM ,  108420.000,                                  99.579,                                  27.626,                                1016.445,
8/28/2026 3:08:00 PM ,  108480.000,                                  99.644,                                  27.626,                                1017.103,
8/28/2026 3:09:00 PM ,  108540.000,                                  99.622,                                  27.626,                                1016.883,
8/28/2026 3:10:00 PM ,  108600.000,                                  99.660,                                  27.626,                                1017.267,
8/28/2026 3:11:00 PM ,  108660.000,                                  99.632,                                  27.578,                                1016.977,
8/28/2026 3:12:00 PM ,  108720.000,                                  99.621,                                  27.578,                                1016.867,
8/28/2026 3:13:00 PM ,  108780.000,                                  99.616,                                  27.578,                                1016.813,
8/28/2026 3:14:00 PM ,  108840.000,                                  99.632,                                  27.578,                                1016.977,
8/28/2026 3:15:00 PM ,  108900.000,                                  99.605,                                  27.578,                                1016.703,
8/28/2026 3:16:00 PM ,  108960.000,                                  99.603,                                  27.529,                                1016.687,
8/28/2026 3:17:00 PM ,  109020.000,                                  99.621,                                  27.578,                                1016.867,
8/28/2026 3:18:00 PM ,  109080.000,                                  99.610,                                  27.578,                                1016.758,
8/28/2026 3:19:00 PM ,  109140.000,                                  99.599,                                  27.578,                                1016.648,
8/28/2026 3:20:00 PM ,  109200.000,                                  99.637,                                  27.578,                                1017.032,
8/28/2026 3:21:00 PM ,  109260.000,                                  99.605,                                  27.578,                                1016.703,
8/28/2026 3:22:00 PM ,  109320.000,                                  99.614,                                  27.529,                                1016.797,
8/28/2026 3:23:00 PM ,  109380.000,                                  99.594,                                  27.578,                                1016.593,
8/28/2026 3:24:00 PM ,  109440.000,                                  99.578,                                  27.578,                                1016.429,
8/28/2026 3:25:00 PM ,  109500.000,                                  99.589,                                  27.578,                                1016.539,
8/28/2026 3:26:00 PM ,  109560.000,                                  99.589,                                  27.578,                                1016.539,
8/28/2026 3:27:00 PM ,  109620.000,                                  99.583,                                  27.578,                                1016.484,
8/28/2026 3:28:00 PM ,  109680.000,                                  99.560,                                  27.529,                                1016.249,
8/28/2026 3:29:00 PM ,  109740.000,                                  99.605,                                  27.578,                                1016.703,
8/28/2026 3:30:00 PM ,  109800.000,                                  99.573,                                  27.578,                                1016.374,
8/28/2026 3:31:00 PM ,  109860.000,                                  99.567,                                  27.578,                                1016.319,
8/28/2026 3:32:00 PM ,  109920.000,                                  99.582,                                  27.529,                                1016.468,
8/28/2026 3:33:00 PM ,  109980.000,                                  99.598,                                  27.529,                                1016.632,
8/28/2026 3:34:00 PM ,  110040.000,                                  99.587,                                  27.529,                                1016.523,
8/28/2026 3:35:00 PM ,  110100.000,                                  99.619,                                  27.529,                                1016.851,
8/28/2026 3:36:00 PM ,  110160.000,                                  99.566,                                  27.529,                                1016.303,
8/28/2026 3:37:00 PM ,  110220.000,                                  99.621,                                  27.578,                                1016.867,
8/28/2026 3:38:00 PM ,  110280.000,                                  99.610,                                  27.578,                                1016.758,
8/28/2026 3:39:00 PM ,  110340.000,                                  99.632,                                  27.578,                                1016.977,
8/28/2026 3:40:00 PM ,  110400.000,                                  99.583,                                  27.578,                                1016.484,
8/28/2026 3:41:00 PM ,  110460.000,                                  99.599,                                  27.578,                                1016.648,
8/28/2026 3:42:00 PM ,  110520.000,                                  99.599,                                  27.578,                                1016.648,
8/28/2026 3:43:00 PM ,  110580.000,                                  99.637,                                  27.578,                                1017.032,
8/28/2026 3:44:00 PM ,  110640.000,                                  99.578,                                  27.578,                                1016.429,
8/28/2026 3:45:00 PM ,  110700.000,                                  99.583,                                  27.578,                                1016.484,
8/28/2026 3:46:00 PM ,  110760.000,                                  99.594,                                  27.578,                                1016.593,
8/28/2026 3:47:00 PM ,  110820.000,                                  99.589,                                  27.578,                                1016.539,
8/28/2026 3:48:00 PM ,  110880.000,                                  99.599,                                  27.578,                                1016.648,
8/28/2026 3:49:00 PM ,  110940.000,                                  99.626,                                  27.578,                                1016.922,
8/28/2026 3:50:00 PM ,  111000.000,                                  99.562,                                  27.578,                                1016.264,
8/28/2026 3:51:00 PM ,  111060.000,                                  99.583,                                  27.578,                                1016.484,
8/28/2026 3:52:00 PM ,  111120.000,                                  99.617,                                  27.626,                                1016.828,
8/28/2026 3:53:00 PM ,  111180.000,                                  99.594,                                  27.578,                                1016.593,
8/28/2026 3:54:00 PM ,  111240.000,                                  99.594,                                  27.578,                                1016.593,
8/28/2026 3:55:00 PM ,  111300.000,                                  99.610,                                  27.578,                                1016.758,
8/28/2026 3:56:00 PM ,  111360.000,                                  99.589,                                  27.578,                                1016.539,
8/28/2026 3:57:00 PM ,  111420.000,                                  99.573,                                  27.578,                                1016.374,
8/28/2026 3:58:00 PM ,  111480.000,                                  99.579,                                  27.626,                                1016.445,
8/28/2026 3:59:00 PM ,  111540.000,                                  99.599,                                  27.578,                                1016.648,
8/28/2026 4:00:00 PM ,  111600.000,                                  99.605,                                  27.578,                                1016.703,
8/28/2026 4:01:00 PM ,  111660.000,                                  99.622,                                  27.626,                                1016.883,
8/28/2026 4:02:00 PM ,  111720.000,                                  99.578,                                  27.578,                                1016.429,
8/28/2026 4:03:00 PM ,  111780.000,                                  99.587,                                  27.529,                                1016.523,
8/28/2026 4:04:00 PM ,  111840.000,                                  99.594,                                  27.578,                                1016.593,
8/28/2026 4:05:00 PM ,  111900.000,                                  99.606,                                  27.626,                                1016.719,
8/28/2026 4:06:00 PM ,  111960.000,                                  99.562,                                  27.578,                                1016.264,
8/28/2026 4:07:00 PM ,  112020.000,                                  99.556,                                  27.578,                                1016.210,
8/28/2026 4:08:00 PM ,  112080.000,                                  99.585,                                  27.626,                                1016.500,
8/28/2026 4:09:00 PM ,  112140.000,                                  99.573,                                  27.578,                                1016.374,
8/28/2026 4:10:00 PM ,  112200.000,                                  99.589,                                  27.578,                                1016.539,
8/28/2026 4:11:00 PM ,  112260.000,                                  99.599,                                  27.578,                                1016.648,
8/28/2026 4:12:00 PM ,  112320.000,                                  99.569,                                  27.626,                                1016.335,
8/28/2026 4:13:00 PM ,  112380.000,                                  99.632,                                  27.578,                                1016.977,
8/28/2026 4:14:00 PM ,  112440.000,                                  99.598,                                  27.529,                                1016.632,
8/28/2026 4:15:00 PM ,  112500.000,                                  99.606,                                  27.626,                                1016.719,
8/28/2026 4:16:00 PM ,  112560.000,                                  99.594,                                  27.578,                                1016.593,
8/28/2026 4:17:00 PM ,  112620.000,                                  99.614,                                  27.529,                                1016.797,
8/28/2026 4:18:00 PM ,  112680.000,                                  99.599,                                  27.578,                                1016.648,
8/28/2026 4:19:00 PM ,  112740.000,                                  99.621,                                  27.578,                                1016.867,
8/28/2026 4:20:00 PM ,  112800.000,                                  99.632,                                  27.578,                                1016.977,
8/28/2026 4:21:00 PM ,  112860.000,                                  99.626,                                  27.578,                                1016.922,
8/28/2026 4:22:00 PM ,  112920.000,                                  99.583,                                  27.578,                                1016.484,
8/28/2026 4:23:00 PM ,  112980.000,                                  99.635,                                  27.529,                                1017.016,
8/28/2026 4:24:00 PM ,  113040.000,                                  99.626,                                  27.578,                                1016.922,
8/28/2026 4:25:00 PM ,  113100.000,                                  99.616,                                  27.578,                                1016.813,
8/28/2026 4:26:00 PM ,  113160.000,                                  99.635,                                  27.529,                                1017.016,
8/28/2026 4:27:00 PM ,  113220.000,                                  99.594,                                  27.578,                                1016.593,
8/28/2026 4:28:00 PM ,  113280.000,                                  99.610,                                  27.578,                                1016.758,
8/28/2026 4:29:00 PM ,  113340.000,                                  99.668,                                  27.529,                                1017.345,
8/28/2026 4:30:00 PM ,  113400.000,                                  99.614,                                  27.529,                                1016.797,
8/28/2026 4:31:00 PM ,  113460.000,                                  99.684,                                  27.529,                                1017.509,
8/28/2026 4:32:00 PM ,  113520.000,                                  99.641,                                  27.529,                                1017.071,
8/28/2026 4:33:00 PM ,  113580.000,                                  99.650,                                  27.481,                                1017.164,
8/28/2026 4:34:00 PM ,  113640.000,                                  99.646,                                  27.529,                                1017.125,
8/28/2026 4:35:00 PM ,  113700.000,                                  99.639,                                  27.481,                                1017.055,
8/28/2026 4:36:00 PM ,  113760.000,                                  99.603,                                  27.529,                                1016.687,
8/28/2026 4:37:00 PM ,  113820.000,                                  99.662,                                  27.529,                                1017.290,
8/28/2026 4:38:00 PM ,  113880.000,                                  99.639,                                  27.481,                                1017.055,
8/28/2026 4:39:00 PM ,  113940.000,                                  99.688,                                  27.481,                                1017.548,
8/28/2026 4:40:00 PM ,  114000.000,                                  99.650,                                  27.481,                                1017.164,
8/28/2026 4:41:00 PM ,  114060.000,                                  99.655,                                  27.481,                                1017.219,
8/28/2026 4:42:00 PM ,  114120.000,                                  99.639,                                  27.481,                                1017.055,
8/28/2026 4:43:00 PM ,  114180.000,                                  99.625,                                  27.529,                                1016.906,
8/28/2026 4:44:00 PM ,  114240.000,                                  99.650,                                  27.481,                                1017.164,
8/28/2026 4:45:00 PM ,  114300.000,                                  99.634,                                  27.481,                                1017.000,
8/28/2026 4:46:00 PM ,  114360.000,                                  99.661,                                  27.481,                                1017.274,
8/28/2026 4:47:00 PM ,  114420.000,                                  99.657,                                  27.529,                                1017.235,
8/28/2026 4:48:00 PM ,  114480.000,                                  99.641,                                  27.529,                                1017.071,
8/28/2026 4:49:00 PM ,  114540.000,                                  99.618,                                  27.481,                                1016.835,
8/28/2026 4:50:00 PM ,  114600.000,                                  99.650,                                  27.481,                                1017.164,
8/28/2026 4:51:00 PM ,  114660.000,                                  99.623,                                  27.481,                                1016.890,
8/28/2026 4:52:00 PM ,  114720.000,                                  99.632,                                  27.433,                                1016.984,
8/28/2026 4:53:00 PM ,  114780.000,                                  99.622,                                  27.433,                                1016.875,
8/28/2026 4:54:00 PM ,  114840.000,                                  99.600,                                  27.433,                                1016.655,
8/28/2026 4:55:00 PM ,  114900.000,                                  99.638,                                  27.433,                                1017.039,
8/28/2026 4:56:00 PM ,  114960.000,                                  99.655,                                  27.481,                                1017.219,
8/28/2026 4:57:00 PM ,  115020.000,                                  99.675,                                  27.433,                                1017.422,
8/28/2026 4:58:00 PM ,  115080.000,                                  99.643,                                  27.433,                                1017.094,
8/28/2026 4:59:00 PM ,  115140.000,                                  99.648,                                  27.433,                                1017.148,
8/28/2026 5:00:00 PM ,  115200.000,                                  99.645,                                  27.481,                                1017.109,
8/28/2026 5:01:00 PM ,  115260.000,                                  99.645,                                  27.481,                                1017.109,
8/28/2026 5:02:00 PM ,  115320.000,                                  99.620,                                  27.384,                                1016.858,
8/28/2026 5:03:00 PM ,  115380.000,                                  99.661,                                  27.481,                                1017.274,
8/28/2026 5:04:00 PM ,  115440.000,                                  99.675,                                  27.433,                                1017.422,
8/28/2026 5:05:00 PM ,  115500.000,                                  99.670,                                  27.433,                                1017.368,
8/28/2026 5:06:00 PM ,  115560.000,                                  99.596,                                  27.481,                                1016.616,
8/28/2026 5:07:00 PM ,  115620.000,                                  99.663,                                  27.384,                                1017.297,
8/28/2026 5:08:00 PM ,  115680.000,                                  99.623,                                  27.481,                                1016.890,
8/28/2026 5:09:00 PM ,  115740.000,                                  99.641,                                  27.384,                                1017.078,
8/28/2026 5:10:00 PM ,  115800.000,                                  99.638,                                  27.433,                                1017.039,
8/28/2026 5:11:00 PM ,  115860.000,                                  99.624,                                  27.336,                                1016.897,
8/28/2026 5:12:00 PM ,  115920.000,                                  99.668,                                  27.384,                                1017.352,
8/28/2026 5:13:00 PM ,  115980.000,                                  99.615,                                  27.384,                                1016.803,
8/28/2026 5:14:00 PM ,  116040.000,                                  99.620,                                  27.384,                                1016.858,
8/28/2026 5:15:00 PM ,  116100.000,                                  99.640,                                  27.336,                                1017.062,
8/28/2026 5:16:00 PM ,  116160.000,                                  99.624,                                  27.336,                                1016.897,
8/28/2026 5:17:00 PM ,  116220.000,                                  99.624,                                  27.336,                                1016.897,
8/28/2026 5:18:00 PM ,  116280.000,                                  99.627,                                  27.433,                                1016.929,
8/28/2026 5:19:00 PM ,  116340.000,                                  99.635,                                  27.336,                                1017.007,
8/28/2026 5:20:00 PM ,  116400.000,                                  99.659,                                  27.433,                                1017.258,
8/28/2026 5:21:00 PM ,  116460.000,                                  99.647,                                  27.384,                                1017.132,
8/28/2026 5:22:00 PM ,  116520.000,                                  99.663,                                  27.384,                                1017.297,
8/28/2026 5:23:00 PM ,  116580.000,                                  99.617,                                  27.287,                                1016.827,
8/28/2026 5:24:00 PM ,  116640.000,                                  99.647,                                  27.384,                                1017.132,
8/28/2026 5:25:00 PM ,  116700.000,                                  99.649,                                  27.287,                                1017.156,
8/28/2026 5:26:00 PM ,  116760.000,                                  99.622,                                  27.287,                                1016.881,
8/28/2026 5:27:00 PM ,  116820.000,                                  99.608,                                  27.336,                                1016.733,
8/28/2026 5:28:00 PM ,  116880.000,                                  99.622,                                  27.287,                                1016.881,
8/28/2026 5:29:00 PM ,  116940.000,                                  99.628,                                  27.287,                                1016.936,
8/28/2026 5:30:00 PM ,  117000.000,                                  99.599,                                  27.239,                                1016.646,
8/28/2026 5:31:00 PM ,  117060.000,                                  99.621,                                  27.239,                                1016.866,
8/28/2026 5:32:00 PM ,  117120.000,                                  99.613,                                  27.336,                                1016.788,
8/28/2026 5:33:00 PM ,  117180.000,                                  99.597,                                  27.336,                                1016.623,
8/28/2026 5:34:00 PM ,  117240.000,                                  99.622,                                  27.287,                                1016.881,
8/28/2026 5:35:00 PM ,  117300.000,                                  99.644,                                  27.287,                                1017.101,
8/28/2026 5:36:00 PM ,  117360.000,                                  99.651,                                  27.336,                                1017.172,
8/28/2026 5:37:00 PM ,  117420.000,                                  99.631,                                  27.239,                                1016.975,
8/28/2026 5:38:00 PM ,  117480.000,                                  99.612,                                  27.287,                                1016.772,
8/28/2026 5:39:00 PM ,  117540.000,                                  99.606,                                  27.287,                                1016.717,
8/28/2026 5:40:00 PM ,  117600.000,                                  99.606,                                  27.287,                                1016.717,
8/28/2026 5:41:00 PM ,  117660.000,                                  99.615,                                  27.239,                                1016.811,
8/28/2026 5:42:00 PM ,  117720.000,                                  99.610,                                  27.239,                                1016.756,
8/28/2026 5:43:00 PM ,  117780.000,                                  99.594,                                  27.239,                                1016.591,
8/28/2026 5:44:00 PM ,  117840.000,                                  99.633,                                  27.287,                                1016.991,
8/28/2026 5:45:00 PM ,  117900.000,                                  99.631,                                  27.239,                                1016.975,
8/28/2026 5:46:00 PM ,  117960.000,                                  99.635,                                  27.190,                                1017.014,
8/28/2026 5:47:00 PM ,  118020.000,                                  99.624,                                  27.190,                                1016.904,
8/28/2026 5:48:00 PM ,  118080.000,                                  99.624,                                  27.190,                                1016.904,
8/28/2026 5:49:00 PM ,  118140.000,                                  99.662,                                  27.190,                                1017.288,
8/28/2026 5:50:00 PM ,  118200.000,                                  99.648,                                  27.239,                                1017.139,
8/28/2026 5:51:00 PM ,  118260.000,                                  99.646,                                  27.190,                                1017.124,
8/28/2026 5:52:00 PM ,  118320.000,                                  99.626,                                  27.239,                                1016.920,
8/28/2026 5:53:00 PM ,  118380.000,                                  99.635,                                  27.190,                                1017.014,
8/28/2026 5:54:00 PM ,  118440.000,                                  99.642,                                  27.239,                                1017.085,
8/28/2026 5:55:00 PM ,  118500.000,                                  99.646,                                  27.190,                                1017.124,
8/28/2026 5:56:00 PM ,  118560.000,                                  99.646,                                  27.190,                                1017.124,
8/28/2026 5:57:00 PM ,  118620.000,                                  99.667,                                  27.190,                                1017.343,
8/28/2026 5:58:00 PM ,  118680.000,                                  99.623,                                  27.142,                                1016.888,
8/28/2026 5:59:00 PM ,  118740.000,                                  99.628,                                  27.142,                                1016.943,
8/28/2026 6:00:00 PM ,  118800.000,                                  99.619,                                  27.190,                                1016.850,
8/28/2026 6:01:00 PM ,  118860.000,                                  99.639,                                  27.142,                                1017.053,
8/28/2026 6:02:00 PM ,  118920.000,                                  99.639,                                  27.142,                                1017.053,
8/28/2026 6:03:00 PM ,  118980.000,                                  99.644,                                  27.142,                                1017.108,
8/28/2026 6:04:00 PM ,  119040.000,                                  99.682,                                  27.142,                                1017.491,
8/28/2026 6:05:00 PM ,  119100.000,                                  99.632,                                  27.093,                                1016.982,
8/28/2026 6:06:00 PM ,  119160.000,                                  99.621,                                  27.093,                                1016.872,
8/28/2026 6:07:00 PM ,  119220.000,                                  99.648,                                  27.093,                                1017.146,
8/28/2026 6:08:00 PM ,  119280.000,                                  99.654,                                  27.093,                                1017.201,
8/28/2026 6:09:00 PM ,  119340.000,                                  99.661,                                  27.142,                                1017.272,
8/28/2026 6:10:00 PM ,  119400.000,                                  99.648,                                  27.093,                                1017.146,
8/28/2026 6:11:00 PM ,  119460.000,                                  99.637,                                  27.093,                                1017.037,
8/28/2026 6:12:00 PM ,  119520.000,                                  99.654,                                  27.093,                                1017.201,
8/28/2026 6:13:00 PM ,  119580.000,                                  99.643,                                  27.093,                                1017.092,
8/28/2026 6:14:00 PM ,  119640.000,                                  99.675,                                  27.093,                                1017.421,
8/28/2026 6:15:00 PM ,  119700.000,                                  99.659,                                  27.093,                                1017.256,
8/28/2026 6:16:00 PM ,  119760.000,                                  99.674,                                  27.045,                                1017.405,
8/28/2026 6:17:00 PM ,  119820.000,                                  99.641,                                  27.045,                                1017.076,
8/28/2026 6:18:00 PM ,  119880.000,                                  99.695,                                  27.045,                                1017.624,
8/28/2026 6:19:00 PM ,  119940.000,                                  99.675,                                  27.093,                                1017.421,
8/28/2026 6:20:00 PM ,  120000.000,                                  99.657,                                  27.045,                                1017.240,
8/28/2026 6:21:00 PM ,  120060.000,                                  99.657,                                  27.045,                                1017.240,
8/28/2026 6:22:00 PM ,  120120.000,                                  99.689,                                  26.851,                                1017.560,
8/28/2026 6:23:00 PM ,  120180.000,                                  99.677,                                  26.996,                                1017.443,
8/28/2026 6:24:00 PM ,  120240.000,                                  99.687,                                  27.142,                                1017.546,
8/28/2026 6:25:00 PM ,  120300.000,                                  99.641,                                  27.045,                                1017.076,
8/28/2026 6:26:00 PM ,  120360.000,                                  99.677,                                  26.996,                                1017.443,
8/28/2026 6:27:00 PM ,  120420.000,                                  99.636,                                  27.045,                                1017.021,
8/28/2026 6:28:00 PM ,  120480.000,                                  99.668,                                  27.045,                                1017.350,
8/28/2026 6:29:00 PM ,  120540.000,                                  99.676,                                  26.948,                                1017.427,
8/28/2026 6:30:00 PM ,  120600.000,                                  99.701,                                  26.899,                                1017.685,
8/28/2026 6:31:00 PM ,  120660.000,                                  99.681,                                  26.948,                                1017.482,
8/28/2026 6:32:00 PM ,  120720.000,                                  99.699,                                  26.851,                                1017.669,
8/28/2026 6:33:00 PM ,  120780.000,                                  99.720,                                  26.996,                                1017.882,
8/28/2026 6:34:00 PM ,  120840.000,                                  99.693,                                  26.996,                                1017.608,
8/28/2026 6:35:00 PM ,  120900.000,                                  99.693,                                  26.996,                                1017.608,
8/28/2026 6:36:00 PM ,  120960.000,                                  99.665,                                  26.948,                                1017.318,
8/28/2026 6:37:00 PM ,  121020.000,                                  99.670,                                  26.948,                                1017.373,
8/28/2026 6:38:00 PM ,  121080.000,                                  99.724,                                  26.948,                                1017.921,
8/28/2026 6:39:00 PM ,  121140.000,                                  99.710,                                  26.996,                                1017.772,
8/28/2026 6:40:00 PM ,  121200.000,                                  99.720,                                  26.996,                                1017.882,
8/28/2026 6:41:00 PM ,  121260.000,                                  99.703,                                  26.948,                                1017.701,
8/28/2026 6:42:00 PM ,  121320.000,                                  99.693,                                  26.996,                                1017.608,
8/28/2026 6:43:00 PM ,  121380.000,                                  99.722,                                  26.899,                                1017.905,
8/28/2026 6:44:00 PM ,  121440.000,                                  99.719,                                  26.802,                                1017.872,
8/28/2026 6:45:00 PM ,  121500.000,                                  99.713,                                  26.948,                                1017.811,
8/28/2026 6:46:00 PM ,  121560.000,                                  99.690,                                  26.899,                                1017.576,
8/28/2026 6:47:00 PM ,  121620.000,                                  99.701,                                  26.899,                                1017.685,
8/28/2026 6:48:00 PM ,  121680.000,                                  99.712,                                  26.899,                                1017.795,
8/28/2026 6:49:00 PM ,  121740.000,                                  99.713,                                  26.948,                                1017.811,
8/28/2026 6:50:00 PM ,  121800.000,                                  99.690,                                  26.899,                                1017.576,
8/28/2026 6:51:00 PM ,  121860.000,                                  99.685,                                  26.899,                                1017.521,
8/28/2026 6:52:00 PM ,  121920.000,                                  99.709,                                  26.802,                                1017.763,
8/28/2026 6:53:00 PM ,  121980.000,                                  99.724,                                  26.948,                                1017.921,
8/28/2026 6:54:00 PM ,  122040.000,                                  99.712,                                  26.899,                                1017.795,
8/28/2026 6:55:00 PM ,  122100.000,                                  99.724,                                  26.948,                                1017.921,
8/28/2026 6:56:00 PM ,  122160.000,                                  99.722,                                  26.899,                                1017.905,
8/28/2026 6:57:00 PM ,  122220.000,                                  99.755,                                  26.754,                                1018.240,
8/28/2026 6:58:00 PM ,  122280.000,                                  99.730,                                  26.802,                                1017.982,
8/28/2026 6:59:00 PM ,  122340.000,                                  99.755,                                  26.754,                                1018.240,
8/28/2026 7:00:00 PM ,  122400.000,                                  99.715,                                  26.657,                                1017.825,
8/28/2026 7:01:00 PM ,  122460.000,                                  99.719,                                  26.802,                                1017.872,
8/28/2026 7:02:00 PM ,  122520.000,                                  99.709,                                  26.657,                                1017.770,
8/28/2026 7:03:00 PM ,  122580.000,                                  99.749,                                  26.899,                                1018.179,
8/28/2026 7:04:00 PM ,  122640.000,                                  99.752,                                  26.657,                                1018.208,
8/28/2026 7:05:00 PM ,  122700.000,                                  99.729,                                  26.754,                                1017.966,
8/28/2026 7:06:00 PM ,  122760.000,                                  99.741,                                  26.802,                                1018.092,
8/28/2026 7:07:00 PM ,  122820.000,                                  99.700,                                  26.705,                                1017.676,
8/28/2026 7:08:00 PM ,  122880.000,                                  99.782,                                  26.899,                                1018.508,
8/28/2026 7:09:00 PM ,  122940.000,                                  99.771,                                  26.899,                                1018.398,
8/28/2026 7:10:00 PM ,  123000.000,                                  99.729,                                  26.754,                                1017.966,
8/28/2026 7:11:00 PM ,  123060.000,                                  99.748,                                  26.705,                                1018.169,
8/28/2026 7:12:00 PM ,  123120.000,                                  99.728,                                  26.899,                                1017.960,
8/28/2026 7:13:00 PM ,  123180.000,                                  99.709,                                  26.802,                                1017.763,
8/28/2026 7:14:00 PM ,  123240.000,                                  99.742,                                  26.851,                                1018.108,
8/28/2026 7:15:00 PM ,  123300.000,                                  99.742,                                  26.851,                                1018.108,
8/28/2026 7:16:00 PM ,  123360.000,                                  99.747,                                  26.657,                                1018.154,
8/28/2026 7:17:00 PM ,  123420.000,                                  99.759,                                  26.705,                                1018.279,
8/28/2026 7:18:00 PM ,  123480.000,                                  99.794,                                  26.608,                                1018.630,
8/28/2026 7:19:00 PM ,  123540.000,                                  99.774,                                  26.657,                                1018.427,
8/28/2026 7:20:00 PM ,  123600.000,                                  99.762,                                  26.802,                                1018.311,
8/28/2026 7:21:00 PM ,  123660.000,                                  99.765,                                  26.705,                                1018.334,
8/28/2026 7:22:00 PM ,  123720.000,                                  99.773,                                  26.802,                                1018.421,
8/28/2026 7:23:00 PM ,  123780.000,                                  99.771,                                  26.754,                                1018.405,
8/28/2026 7:24:00 PM ,  123840.000,                                  99.768,                                  26.802,                                1018.366,
8/28/2026 7:25:00 PM ,  123900.000,                                  99.757,                                  26.802,                                1018.256,
8/28/2026 7:26:00 PM ,  123960.000,                                  99.768,                                  26.802,                                1018.366,
8/28/2026 7:27:00 PM ,  124020.000,                                  99.799,                                  26.608,                                1018.686,
8/28/2026 7:28:00 PM ,  124080.000,                                  99.729,                                  26.754,                                1017.966,
8/28/2026 7:29:00 PM ,  124140.000,                                  99.757,                                  26.802,                                1018.256,
8/28/2026 7:30:00 PM ,  124200.000,                                  99.741,                                  26.657,                                1018.099,
8/28/2026 7:31:00 PM ,  124260.000,                                  99.744,                                  26.559,                                1018.122,
8/28/2026 7:32:00 PM ,  124320.000,                                  99.751,                                  26.608,                                1018.192,
8/28/2026 7:33:00 PM ,  124380.000,                                  99.807,                                  26.705,                                1018.772,
8/28/2026 7:34:00 PM ,  124440.000,                                  99.797,                                  26.705,                                1018.663,
8/28/2026 7:35:00 PM ,  124500.000,                                  99.746,                                  26.462,                                1018.144,
8/28/2026 7:36:00 PM ,  124560.000,                                  99.777,                                  26.414,                                1018.457,
8/28/2026 7:37:00 PM ,  124620.000,                                  99.820,                                  26.608,                                1018.905,
8/28/2026 7:38:00 PM ,  124680.000,                                  99.801,                                  26.511,                                1018.708,
8/28/2026 7:39:00 PM ,  124740.000,                                  99.772,                                  26.608,                                1018.411,
8/28/2026 7:40:00 PM ,  124800.000,                                  99.814,                                  26.754,                                1018.843,
8/28/2026 7:41:00 PM ,  124860.000,                                  99.780,                                  26.511,                                1018.489,
8/28/2026 7:42:00 PM ,  124920.000,                                  99.760,                                  26.559,                                1018.286,
8/28/2026 7:43:00 PM ,  124980.000,                                  99.834,                                  26.705,                                1019.046,
8/28/2026 7:44:00 PM ,  125040.000,                                  99.792,                                  26.559,                                1018.615,
8/28/2026 7:45:00 PM ,  125100.000,                                  99.820,                                  26.754,                                1018.898,
8/28/2026 7:46:00 PM ,  125160.000,                                  99.829,                                  26.705,                                1018.991,
8/28/2026 7:47:00 PM ,  125220.000,                                  99.785,                                  26.511,                                1018.544,
8/28/2026 7:48:00 PM ,  125280.000,                                  99.829,                                  26.705,                                1018.991,
8/28/2026 7:49:00 PM ,  125340.000,                                  99.789,                                  26.462,                                1018.582,
8/28/2026 7:50:00 PM ,  125400.000,                                  99.834,                                  26.705,                                1019.046,
8/28/2026 7:51:00 PM ,  125460.000,                                  99.775,                                  26.705,                                1018.443,
8/28/2026 7:52:00 PM ,  125520.000,                                  99.829,                                  26.705,                                1018.991,
8/28/2026 7:53:00 PM ,  125580.000,                                  99.801,                                  26.511,                                1018.708,
8/28/2026 7:54:00 PM ,  125640.000,                                  99.792,                                  26.559,                                1018.615,
8/28/2026 7:55:00 PM ,  125700.000,                                  99.803,                                  26.559,                                1018.724,
8/28/2026 7:56:00 PM ,  125760.000,                                  99.794,                                  26.608,                                1018.630,
8/28/2026 7:57:00 PM ,  125820.000,                                  99.820,                                  26.414,                                1018.896,
8/28/2026 7:58:00 PM ,  125880.000,                                  99.831,                                  26.608,                                1019.014,
8/28/2026 7:59:00 PM ,  125940.000,                                  99.826,                                  26.608,                                1018.960,
8/28/2026 8:00:00 PM ,  126000.000,                                  99.844,                                  26.511,                                1019.146,
8/28/2026 8:01:00 PM ,  126060.000,                                  99.810,                                  26.608,                                1018.795,
8/28/2026 8:02:00 PM ,  126120.000,                                  99.886,                                  26.657,                                1019.578,
8/28/2026 8:03:00 PM ,  126180.000,                                  99.807,                                  26.511,                                1018.763,
8/28/2026 8:04:00 PM ,  126240.000,                                  99.796,                                  26.511,                                1018.654,
8/28/2026 8:05:00 PM ,  126300.000,                                  99.835,                                  26.559,                                1019.053,
8/28/2026 8:06:00 PM ,  126360.000,                                  99.828,                                  26.511,                                1018.982,
8/28/2026 8:07:00 PM ,  126420.000,                                  99.803,                                  26.559,                                1018.724,
8/28/2026 8:08:00 PM ,  126480.000,                                  99.819,                                  26.559,                                1018.889,
8/28/2026 8:09:00 PM ,  126540.000,                                  99.808,                                  26.559,                                1018.779,
8/28/2026 8:10:00 PM ,  126600.000,                                  99.840,                                  26.559,                                1019.108,
8/28/2026 8:11:00 PM ,  126660.000,                                  99.863,                                  26.608,                                1019.343,
8/28/2026 8:12:00 PM ,  126720.000,                                  99.833,                                  26.511,                                1019.037,
8/28/2026 8:13:00 PM ,  126780.000,                                  99.823,                                  26.511,                                1018.927,
8/28/2026 8:14:00 PM ,  126840.000,                                  99.857,                                  26.414,                                1019.279,
8/28/2026 8:15:00 PM ,  126900.000,                                  99.862,                                  26.414,                                1019.334,
8/28/2026 8:16:00 PM ,  126960.000,                                  99.850,                                  26.511,                                1019.201,
8/28/2026 8:17:00 PM ,  127020.000,                                  99.871,                                  26.511,                                1019.421,
8/28/2026 8:18:00 PM ,  127080.000,                                  99.868,                                  26.414,                                1019.389,
8/28/2026 8:19:00 PM ,  127140.000,                                  99.857,                                  26.414,                                1019.279,
8/28/2026 8:20:00 PM ,  127200.000,                                  99.866,                                  26.511,                                1019.366,
8/28/2026 8:21:00 PM ,  127260.000,                                  99.883,                                  26.559,                                1019.546,
8/28/2026 8:22:00 PM ,  127320.000,                                  99.866,                                  26.511,                                1019.366,
8/28/2026 8:23:00 PM ,  127380.000,                                  99.848,                                  26.462,                                1019.185,
8/28/2026 8:24:00 PM ,  127440.000,                                  99.860,                                  26.511,                                1019.311,
8/28/2026 8:25:00 PM ,  127500.000,                                  99.820,                                  26.414,                                1018.896,
8/28/2026 8:26:00 PM ,  127560.000,                                  99.814,                                  26.559,                                1018.834,
8/28/2026 8:27:00 PM ,  127620.000,                                  99.846,                                  26.414,                                1019.169,
8/28/2026 8:28:00 PM ,  127680.000,                                  99.800,                                  26.316,                                1018.699,
8/28/2026 8:29:00 PM ,  127740.000,                                  99.836,                                  26.414,                                1019.060,
8/28/2026 8:30:00 PM ,  127800.000,                                  99.832,                                  26.462,                                1019.021,
8/28/2026 8:31:00 PM ,  127860.000,                                  99.857,                                  26.414,                                1019.279,
8/28/2026 8:32:00 PM ,  127920.000,                                  99.803,                                  26.414,                                1018.731,
8/28/2026 8:33:00 PM ,  127980.000,                                  99.809,                                  26.414,                                1018.786,
8/28/2026 8:34:00 PM ,  128040.000,                                  99.822,                                  26.316,                                1018.918,
8/28/2026 8:35:00 PM ,  128100.000,                                  99.823,                                  26.365,                                1018.934,
8/28/2026 8:36:00 PM ,  128160.000,                                  99.818,                                  26.365,                                1018.879,
8/28/2026 8:37:00 PM ,  128220.000,                                  99.823,                                  26.365,                                1018.934,
8/28/2026 8:38:00 PM ,  128280.000,                                  99.800,                                  26.316,                                1018.699,
8/28/2026 8:39:00 PM ,  128340.000,                                  99.820,                                  26.414,                                1018.896,
8/28/2026 8:40:00 PM ,  128400.000,                                  99.862,                                  26.559,                                1019.327,
8/28/2026 8:41:00 PM ,  128460.000,                                  99.814,                                  26.414,                                1018.841,
8/28/2026 8:42:00 PM ,  128520.000,                                  99.827,                                  26.316,                                1018.973,
8/28/2026 8:43:00 PM ,  128580.000,                                  99.853,                                  26.462,                                1019.240,
8/28/2026 8:44:00 PM ,  128640.000,                                  99.830,                                  26.559,                                1018.998,
8/28/2026 8:45:00 PM ,  128700.000,                                  99.871,                                  26.511,                                1019.421,
8/28/2026 8:46:00 PM ,  128760.000,                                  99.848,                                  26.122,                                1019.183,
8/28/2026 8:47:00 PM ,  128820.000,                                  99.860,                                  26.511,                                1019.311,
8/28/2026 8:48:00 PM ,  128880.000,                                  99.829,                                  26.219,                                1018.996,
8/28/2026 8:49:00 PM ,  128940.000,                                  99.888,                                  26.365,                                1019.592,
8/28/2026 8:50:00 PM ,  129000.000,                                  99.876,                                  26.170,                                1019.472,
8/28/2026 8:51:00 PM ,  129060.000,                                  99.854,                                  26.316,                                1019.247,
8/28/2026 8:52:00 PM ,  129120.000,                                  99.853,                                  26.122,                                1019.237,
8/28/2026 8:53:00 PM ,  129180.000,                                  99.862,                                  26.414,                                1019.334,
8/28/2026 8:54:00 PM ,  129240.000,                                  99.860,                                  26.511,                                1019.311,
8/28/2026 8:55:00 PM ,  129300.000,                                  99.868,                                  26.414,                                1019.389,
8/28/2026 8:56:00 PM ,  129360.000,                                  99.902,                                  26.462,                                1019.734,
8/28/2026 8:57:00 PM ,  129420.000,                                  99.822,                                  26.316,                                1018.918,
8/28/2026 8:58:00 PM ,  129480.000,                                  99.855,                                  26.511,                                1019.256,
8/28/2026 8:59:00 PM ,  129540.000,                                  99.859,                                  26.462,                                1019.295,
8/28/2026 9:00:00 PM ,  129600.000,                                  99.855,                                  26.511,                                1019.256,
8/28/2026 9:01:00 PM ,  129660.000,                                  99.875,                                  26.462,                                1019.459,
8/28/2026 9:02:00 PM ,  129720.000,                                  99.880,                                  26.462,                                1019.514,
8/28/2026 9:03:00 PM ,  129780.000,                                  99.850,                                  26.365,                                1019.208,
8/28/2026 9:04:00 PM ,  129840.000,                                  99.856,                                  26.365,                                1019.263,
8/28/2026 9:05:00 PM ,  129900.000,                                  99.878,                                  26.219,                                1019.489,
8/28/2026 9:06:00 PM ,  129960.000,                                  99.854,                                  26.316,                                1019.247,
8/28/2026 9:07:00 PM ,  130020.000,                                  99.851,                                  26.219,                                1019.215,
8/28/2026 9:08:00 PM ,  130080.000,                                  99.827,                                  26.316,                                1018.973,
8/28/2026 9:09:00 PM ,  130140.000,                                  99.842,                                  26.122,                                1019.128,
8/28/2026 9:10:00 PM ,  130200.000,                                  99.894,                                  26.219,                                1019.653,
8/28/2026 9:11:00 PM ,  130260.000,                                  99.878,                                  26.219,                                1019.489,
8/28/2026 9:12:00 PM ,  130320.000,                                  99.822,                                  26.170,                                1018.925,
8/28/2026 9:13:00 PM ,  130380.000,                                  99.860,                                  26.170,                                1019.308,
8/28/2026 9:14:00 PM ,  130440.000,                                  99.852,                                  26.268,                                1019.231,
8/28/2026 9:15:00 PM ,  130500.000,                                  99.836,                                  26.414,                                1019.060,
8/28/2026 9:16:00 PM ,  130560.000,                                  99.850,                                  26.365,                                1019.208,
8/28/2026 9:17:00 PM ,  130620.000,                                  99.852,                                  26.414,                                1019.224,
8/28/2026 9:18:00 PM ,  130680.000,                                  99.844,                                  26.170,                                1019.144,
8/28/2026 9:19:00 PM ,  130740.000,                                  99.866,                                  26.365,                                1019.373,
8/28/2026 9:20:00 PM ,  130800.000,                                  99.862,                                  26.414,                                1019.334,
8/28/2026 9:21:00 PM ,  130860.000,                                  99.858,                                  26.122,                                1019.292,
8/28/2026 9:22:00 PM ,  130920.000,                                  99.874,                                  26.268,                                1019.450,
8/28/2026 9:23:00 PM ,  130980.000,                                  99.827,                                  26.316,                                1018.973,
8/28/2026 9:24:00 PM ,  131040.000,                                  99.836,                                  26.414,                                1019.060,
8/28/2026 9:25:00 PM ,  131100.000,                                  99.884,                                  26.414,                                1019.553,
8/28/2026 9:26:00 PM ,  131160.000,                                  99.900,                                  26.414,                                1019.717,
8/28/2026 9:27:00 PM ,  131220.000,                                  99.868,                                  26.414,                                1019.389,
8/28/2026 9:28:00 PM ,  131280.000,                                  99.836,                                  26.268,                                1019.066,
8/28/2026 9:29:00 PM ,  131340.000,                                  99.841,                                  26.414,                                1019.114,
8/28/2026 9:30:00 PM ,  131400.000,                                  99.839,                                  26.365,                                1019.098,
8/28/2026 9:31:00 PM ,  131460.000,                                  99.824,                                  26.219,                                1018.941,
8/28/2026 9:32:00 PM ,  131520.000,                                  99.822,                                  26.170,                                1018.925,
8/28/2026 9:33:00 PM ,  131580.000,                                  99.817,                                  26.170,                                1018.870,
8/28/2026 9:34:00 PM ,  131640.000,                                  99.815,                                  26.268,                                1018.847,
8/28/2026 9:35:00 PM ,  131700.000,                                  99.850,                                  26.365,                                1019.208,
8/28/2026 9:36:00 PM ,  131760.000,                                  99.845,                                  26.024,                                1019.151,
8/28/2026 9:37:00 PM ,  131820.000,                                  99.858,                                  26.122,                                1019.292,
8/28/2026 9:38:00 PM ,  131880.000,                                  99.860,                                  26.170,                                1019.308,
8/28/2026 9:39:00 PM ,  131940.000,                                  99.839,                                  26.365,                                1019.098,
8/28/2026 9:40:00 PM ,  132000.000,                                  99.849,                                  26.316,                                1019.192,
8/28/2026 9:41:00 PM ,  132060.000,                                  99.851,                                  26.219,                                1019.215,
8/28/2026 9:42:00 PM ,  132120.000,                                  99.846,                                  26.073,                                1019.167,
8/28/2026 9:43:00 PM ,  132180.000,                                  99.830,                                  26.414,                                1019.005,
8/28/2026 9:44:00 PM ,  132240.000,                                  99.802,                                  26.024,                                1018.712,
8/28/2026 9:45:00 PM ,  132300.000,                                  99.839,                                  26.365,                                1019.098,
8/28/2026 9:46:00 PM ,  132360.000,                                  99.824,                                  26.219,                                1018.941,
8/28/2026 9:47:00 PM ,  132420.000,                                  99.814,                                  26.073,                                1018.838,
8/28/2026 9:48:00 PM ,  132480.000,                                  99.823,                                  26.024,                                1018.931,
8/28/2026 9:49:00 PM ,  132540.000,                                  99.829,                                  26.365,                                1018.989,
8/28/2026 9:50:00 PM ,  132600.000,                                  99.808,                                  26.219,                                1018.777,
8/28/2026 9:51:00 PM ,  132660.000,                                  99.818,                                  26.365,                                1018.879,
8/28/2026 9:52:00 PM ,  132720.000,                                  99.799,                                  26.268,                                1018.683,
8/28/2026 9:53:00 PM ,  132780.000,                                  99.835,                                  26.219,                                1019.050,
8/28/2026 9:54:00 PM ,  132840.000,                                  99.833,                                  26.170,                                1019.034,
8/28/2026 9:55:00 PM ,  132900.000,                                  99.815,                                  26.122,                                1018.854,
8/28/2026 9:56:00 PM ,  132960.000,                                  99.822,                                  26.316,                                1018.918,
8/28/2026 9:57:00 PM ,  133020.000,                                  99.845,                                  26.365,                                1019.153,
8/28/2026 9:58:00 PM ,  133080.000,                                  99.855,                                  26.024,                                1019.260,
8/28/2026 9:59:00 PM ,  133140.000,                                  99.858,                                  25.927,                                1019.283,
8/28/2026 10:00:00 PM,  133200.000,                                  99.825,                                  26.073,                                1018.947,
8/28/2026 10:01:00 PM,  133260.000,                                  99.834,                                  25.878,                                1019.047,
8/28/2026 10:02:00 PM,  133320.000,                                  99.864,                                  26.122,                                1019.347,
8/28/2026 10:03:00 PM,  133380.000,                                  99.854,                                  26.316,                                1019.247,
8/28/2026 10:04:00 PM,  133440.000,                                  99.829,                                  26.219,                                1018.996,
8/28/2026 10:05:00 PM,  133500.000,                                  99.852,                                  26.073,                                1019.221,
8/28/2026 10:06:00 PM,  133560.000,                                  99.859,                                  26.316,                                1019.302,
8/28/2026 10:07:00 PM,  133620.000,                                  99.833,                                  26.316,                                1019.028,
8/28/2026 10:08:00 PM,  133680.000,                                  99.867,                                  26.219,                                1019.379,
8/28/2026 10:09:00 PM,  133740.000,                                  99.862,                                  26.219,                                1019.324,
8/28/2026 10:10:00 PM,  133800.000,                                  99.850,                                  26.024,                                1019.205,
8/28/2026 10:11:00 PM,  133860.000,                                  99.856,                                  26.219,                                1019.269,
8/28/2026 10:12:00 PM,  133920.000,                                  99.862,                                  26.073,                                1019.331,
8/28/2026 10:13:00 PM,  133980.000,                                  99.816,                                  26.316,                                1018.863,
8/28/2026 10:14:00 PM,  134040.000,                                  99.852,                                  26.073,                                1019.221,
8/28/2026 10:15:00 PM,  134100.000,                                  99.869,                                  26.268,                                1019.395,
8/28/2026 10:16:00 PM,  134160.000,                                  99.843,                                  26.316,                                1019.137,
8/28/2026 10:17:00 PM,  134220.000,                                  99.854,                                  26.316,                                1019.247,
8/28/2026 10:18:00 PM,  134280.000,                                  99.901,                                  26.268,                                1019.724,
8/28/2026 10:19:00 PM,  134340.000,                                  99.822,                                  26.316,                                1018.918,
8/28/2026 10:20:00 PM,  134400.000,                                  99.885,                                  26.268,                                1019.560,
8/28/2026 10:21:00 PM,  134460.000,                                  99.895,                                  26.268,                                1019.669,
8/28/2026 10:22:00 PM,  134520.000,                                  99.881,                                  26.316,                                1019.521,
8/28/2026 10:23:00 PM,  134580.000,                                  99.858,                                  26.122,                                1019.292,
8/28/2026 10:24:00 PM,  134640.000,                                  99.854,                                  26.316,                                1019.247,
8/28/2026 10:25:00 PM,  134700.000,                                  99.901,                                  26.268,                                1019.724,
8/28/2026 10:26:00 PM,  134760.000,                                  99.856,                                  26.219,                                1019.269,
8/28/2026 10:27:00 PM,  134820.000,                                  99.810,                                  26.122,                                1018.799,
8/28/2026 10:28:00 PM,  134880.000,                                  99.865,                                  26.316,                                1019.357,
8/28/2026 10:29:00 PM,  134940.000,                                  99.858,                                  26.268,                                1019.285,
8/28/2026 10:30:00 PM,  135000.000,                                  99.875,                                  26.122,                                1019.457,
8/28/2026 10:31:00 PM,  135060.000,                                  99.887,                                  26.170,                                1019.582,
8/28/2026 10:32:00 PM,  135120.000,                                  99.877,                                  25.878,                                1019.486,
8/28/2026 10:33:00 PM,  135180.000,                                  99.844,                                  26.170,                                1019.144,
8/28/2026 10:34:00 PM,  135240.000,                                  99.849,                                  26.170,                                1019.199,
8/28/2026 10:35:00 PM,  135300.000,                                  99.886,                                  25.976,                                1019.573,
8/28/2026 10:36:00 PM,  135360.000,                                  99.874,                                  25.781,                                1019.454,
8/28/2026 10:37:00 PM,  135420.000,                                  99.879,                                  25.927,                                1019.502,
8/28/2026 10:38:00 PM,  135480.000,                                  99.881,                                  26.316,                                1019.521,
8/28/2026 10:39:00 PM,  135540.000,                                  99.869,                                  26.268,                                1019.395,
8/28/2026 10:40:00 PM,  135600.000,                                  99.869,                                  26.268,                                1019.395,
8/28/2026 10:41:00 PM,  135660.000,                                  99.900,                                  25.927,                                1019.721,
8/28/2026 10:42:00 PM,  135720.000,                                  99.891,                                  26.122,                                1019.621,
8/28/2026 10:43:00 PM,  135780.000,                                  99.880,                                  26.122,                                1019.512,
8/28/2026 10:44:00 PM,  135840.000,                                  99.875,                                  26.122,                                1019.457,
8/28/2026 10:45:00 PM,  135900.000,                                  99.874,                                  26.268,                                1019.450,
8/28/2026 10:46:00 PM,  135960.000,                                  99.911,                                  26.268,                                1019.834,
8/28/2026 10:47:00 PM,  136020.000,                                  99.855,                                  26.170,                                1019.253,
8/28/2026 10:48:00 PM,  136080.000,                                  99.901,                                  26.268,                                1019.724,
8/28/2026 10:49:00 PM,  136140.000,                                  99.862,                                  26.073,                                1019.331,
8/28/2026 10:50:00 PM,  136200.000,                                  99.894,                                  26.219,                                1019.653,
8/28/2026 10:51:00 PM,  136260.000,                                  99.869,                                  26.268,                                1019.395,
8/28/2026 10:52:00 PM,  136320.000,                                  99.842,                                  26.268,                                1019.121,
8/28/2026 10:53:00 PM,  136380.000,                                  99.864,                                  26.122,                                1019.347,
8/28/2026 10:54:00 PM,  136440.000,                                  99.879,                                  26.268,                                1019.505,
8/28/2026 10:55:00 PM,  136500.000,                                  99.885,                                  26.268,                                1019.560,
8/28/2026 10:56:00 PM,  136560.000,                                  99.890,                                  26.268,                                1019.615,
8/28/2026 10:57:00 PM,  136620.000,                                  99.901,                                  26.268,                                1019.724,
8/28/2026 10:58:00 PM,  136680.000,                                  99.869,                                  26.122,                                1019.402,
8/28/2026 10:59:00 PM,  136740.000,                                  99.890,                                  26.268,                                1019.615,
8/28/2026 11:00:00 PM,  136800.000,                                  99.888,                                  26.219,                                1019.598,
8/28/2026 11:01:00 PM,  136860.000,                                  99.872,                                  26.219,                                1019.434,
8/28/2026 11:02:00 PM,  136920.000,                                  99.899,                                  26.219,                                1019.708,
8/28/2026 11:03:00 PM,  136980.000,                                  99.868,                                  25.927,                                1019.392,
8/28/2026 11:04:00 PM,  137040.000,                                  99.871,                                  26.170,                                1019.418,
8/28/2026 11:05:00 PM,  137100.000,                                  99.876,                                  25.683,                                1019.476,
8/28/2026 11:06:00 PM,  137160.000,                                  99.888,                                  26.219,                                1019.598,
8/28/2026 11:07:00 PM,  137220.000,                                  99.906,                                  26.268,                                1019.779,
8/28/2026 11:08:00 PM,  137280.000,                                  99.884,                                  25.927,                                1019.557,
8/28/2026 11:09:00 PM,  137340.000,                                  99.910,                                  26.219,                                1019.818,
8/28/2026 11:10:00 PM,  137400.000,                                  99.876,                                  25.829,                                1019.470,
8/28/2026 11:11:00 PM,  137460.000,                                  99.864,                                  25.976,                                1019.354,
8/28/2026 11:12:00 PM,  137520.000,                                  99.869,                                  25.781,                                1019.399,
8/28/2026 11:13:00 PM,  137580.000,                                  99.896,                                  25.781,                                1019.673,
8/28/2026 11:14:00 PM,  137640.000,                                  99.905,                                  26.219,                                1019.763,
8/28/2026 11:15:00 PM,  137700.000,                                  99.830,                                  26.073,                                1019.002,
8/28/2026 11:16:00 PM,  137760.000,                                  99.868,                                  25.927,                                1019.392,
8/28/2026 11:17:00 PM,  137820.000,                                  99.866,                                  25.683,                                1019.367,
8/28/2026 11:18:00 PM,  137880.000,                                  99.871,                                  25.683,                                1019.422,
8/28/2026 11:19:00 PM,  137940.000,                                  99.888,                                  25.878,                                1019.595,
8/28/2026 11:20:00 PM,  138000.000,                                  99.858,                                  26.268,                                1019.285,
8/28/2026 11:21:00 PM,  138060.000,                                  99.860,                                  25.683,                                1019.312,
8/28/2026 11:22:00 PM,  138120.000,                                  99.865,                                  26.170,                                1019.363,
8/28/2026 11:23:00 PM,  138180.000,                                  99.882,                                  25.683,                                1019.531,
8/28/2026 11:24:00 PM,  138240.000,                                  99.892,                                  26.170,                                1019.637,
8/28/2026 11:25:00 PM,  138300.000,                                  99.858,                                  25.781,                                1019.289,
8/28/2026 11:26:00 PM,  138360.000,                                  99.844,                                  25.683,                                1019.148,
8/28/2026 11:27:00 PM,  138420.000,                                  99.844,                                  25.683,                                1019.148,
8/28/2026 11:28:00 PM,  138480.000,                                  99.851,                                  26.219,                                1019.215,
8/28/2026 11:29:00 PM,  138540.000,                                  99.851,                                  25.732,                                1019.218,
8/28/2026 11:30:00 PM,  138600.000,                                  99.858,                                  26.268,                                1019.285,
8/28/2026 11:31:00 PM,  138660.000,                                  99.878,                                  26.219,                                1019.489,
8/28/2026 11:32:00 PM,  138720.000,                                  99.866,                                  26.024,                                1019.370,
8/28/2026 11:33:00 PM,  138780.000,                                  99.864,                                  26.122,                                1019.347,
8/28/2026 11:34:00 PM,  138840.000,                                  99.886,                                  25.976,                                1019.573,
8/28/2026 11:35:00 PM,  138900.000,                                  99.839,                                  26.170,                                1019.089,
8/28/2026 11:36:00 PM,  138960.000,                                  99.869,                                  26.122,                                1019.402,
8/28/2026 11:37:00 PM,  139020.000,                                  99.858,                                  26.122,                                1019.292,
8/28/2026 11:38:00 PM,  139080.000,                                  99.834,                                  25.683,                                1019.038,
8/28/2026 11:39:00 PM,  139140.000,                                  99.860,                                  25.683,                                1019.312,
8/28/2026 11:40:00 PM,  139200.000,                                  99.860,                                  26.170,                                1019.308,
8/28/2026 11:41:00 PM,  139260.000,                                  99.864,                                  26.122,                                1019.347,
8/28/2026 11:42:00 PM,  139320.000,                                  99.827,                                  25.976,                                1018.970,
8/28/2026 11:43:00 PM,  139380.000,                                  99.856,                                  26.219,                                1019.269,
8/28/2026 11:44:00 PM,  139440.000,                                  99.846,                                  26.073,                                1019.167,
8/28/2026 11:45:00 PM,  139500.000,                                  99.814,                                  26.073,                                1018.838,
8/28/2026 11:46:00 PM,  139560.000,                                  99.818,                                  26.024,                                1018.876,
8/28/2026 11:47:00 PM,  139620.000,                                  99.848,                                  25.976,                                1019.189,
8/28/2026 11:48:00 PM,  139680.000,                                  99.839,                                  26.024,                                1019.096,
8/28/2026 11:49:00 PM,  139740.000,                                  99.882,                                  26.024,                                1019.534,
8/28/2026 11:50:00 PM,  139800.000,                                  99.866,                                  26.024,                                1019.370,
8/28/2026 11:51:00 PM,  139860.000,                                  99.842,                                  26.122,                                1019.128,
8/28/2026 11:52:00 PM,  139920.000,                                  99.889,                                  26.073,                                1019.605,
8/28/2026 11:53:00 PM,  139980.000,                                  99.876,                                  26.170,                                1019.472,
8/28/2026 11:54:00 PM,  140040.000,                                  99.834,                                  26.024,                                1019.041,
8/28/2026 11:55:00 PM,  140100.000,                                  99.843,                                  25.976,                                1019.134,
8/28/2026 11:56:00 PM,  140160.000,                                  99.864,                                  26.122,                                1019.347,
8/28/2026 11:57:00 PM,  140220.000,                                  99.819,                                  26.219,                                1018.886,
8/28/2026 11:58:00 PM,  140280.000,                                  99.832,                                  25.976,                                1019.025,
8/28/2026 11:59:00 PM,  140340.000,                                  99.825,                                  26.073,                                1018.947,
8/29/2026 12:00:00 AM,  140400.000,                                  99.841,                                  26.073,                                1019.112,
8/29/2026 12:01:00 AM,  140460.000,                                  99.828,                                  26.024,                                1018.986,
8/29/2026 12:02:00 AM,  140520.000,                                  99.839,                                  26.170,                                1019.089,
8/29/2026 12:03:00 AM,  140580.000,                                  99.875,                                  25.976,                                1019.463,
8/29/2026 12:04:00 AM,  140640.000,                                  99.849,                                  26.170,                                1019.199,
8/29/2026 12:05:00 AM,  140700.000,                                  99.827,                                  25.976,                                1018.970,
8/29/2026 12:06:00 AM,  140760.000,                                  99.848,                                  25.976,                                1019.189,
8/29/2026 12:07:00 AM,  140820.000,                                  99.871,                                  26.024,                                1019.425,
8/29/2026 12:08:00 AM,  140880.000,                                  99.837,                                  26.122,                                1019.073,
8/29/2026 12:09:00 AM,  140940.000,                                  99.866,                                  26.024,                                1019.370,
8/29/2026 12:10:00 AM,  141000.000,                                  99.884,                                  26.073,                                1019.550,
8/29/2026 12:11:00 AM,  141060.000,                                  99.850,                                  26.024,                                1019.205,
8/29/2026 12:12:00 AM,  141120.000,                                  99.866,                                  26.024,                                1019.370,
8/29/2026 12:13:00 AM,  141180.000,                                  99.821,                                  26.122,                                1018.909,
8/29/2026 12:14:00 AM,  141240.000,                                  99.846,                                  26.073,                                1019.167,
8/29/2026 12:15:00 AM,  141300.000,                                  99.863,                                  25.927,                                1019.338,
8/29/2026 12:16:00 AM,  141360.000,                                  99.847,                                  25.927,                                1019.173,
8/29/2026 12:17:00 AM,  141420.000,                                  99.858,                                  26.122,                                1019.292,
8/29/2026 12:18:00 AM,  141480.000,                                  99.868,                                  26.073,                                1019.386,
8/29/2026 12:19:00 AM,  141540.000,                                  99.831,                                  25.927,                                1019.009,
8/29/2026 12:20:00 AM,  141600.000,                                  99.876,                                  26.170,                                1019.472,
8/29/2026 12:21:00 AM,  141660.000,                                  99.833,                                  26.170,                                1019.034,
8/29/2026 12:22:00 AM,  141720.000,                                  99.872,                                  26.219,                                1019.434,
8/29/2026 12:23:00 AM,  141780.000,                                  99.855,                                  26.024,                                1019.260,
8/29/2026 12:24:00 AM,  141840.000,                                  99.858,                                  26.122,                                1019.292,
8/29/2026 12:25:00 AM,  141900.000,                                  99.849,                                  26.170,                                1019.199,
8/29/2026 12:26:00 AM,  141960.000,                                  99.857,                                  26.073,                                1019.276,
8/29/2026 12:27:00 AM,  142020.000,                                  99.838,                                  25.976,                                1019.080,
8/29/2026 12:28:00 AM,  142080.000,                                  99.844,                                  26.170,                                1019.144,
8/29/2026 12:29:00 AM,  142140.000,                                  99.861,                                  25.878,                                1019.322,
8/29/2026 12:30:00 AM,  142200.000,                                  99.839,                                  26.024,                                1019.096,
8/29/2026 12:31:00 AM,  142260.000,                                  99.854,                                  25.976,                                1019.244,
8/29/2026 12:32:00 AM,  142320.000,                                  99.855,                                  26.170,                                1019.253,
8/29/2026 12:33:00 AM,  142380.000,                                  99.844,                                  26.170,                                1019.144,
8/29/2026 12:34:00 AM,  142440.000,                                  99.834,                                  25.878,                                1019.047,
8/29/2026 12:35:00 AM,  142500.000,                                  99.886,                                  25.976,                                1019.573,
8/29/2026 12:36:00 AM,  142560.000,                                  99.872,                                  25.878,                                1019.431,
8/29/2026 12:37:00 AM,  142620.000,                                  99.828,                                  26.170,                                1018.980,
8/29/2026 12:38:00 AM,  142680.000,                                  99.836,                                  25.927,                                1019.064,
8/29/2026 12:39:00 AM,  142740.000,                                  99.837,                                  26.122,                                1019.073,
8/29/2026 12:40:00 AM,  142800.000,                                  99.834,                                  25.878,                                1019.047,
8/29/2026 12:41:00 AM,  142860.000,                                  99.854,                                  25.976,                                1019.244,
8/29/2026 12:42:00 AM,  142920.000,                                  99.818,                                  26.024,                                1018.876,
8/29/2026 12:43:00 AM,  142980.000,                                  99.876,                                  26.170,                                1019.472,
8/29/2026 12:44:00 AM,  143040.000,                                  99.841,                                  25.927,                                1019.118,
8/29/2026 12:45:00 AM,  143100.000,                                  99.829,                                  25.878,                                1018.993,
8/29/2026 12:46:00 AM,  143160.000,                                  99.885,                                  26.122,                                1019.566,
8/29/2026 12:47:00 AM,  143220.000,                                  99.825,                                  25.927,                                1018.954,
8/29/2026 12:48:00 AM,  143280.000,                                  99.827,                                  25.976,                                1018.970,
8/29/2026 12:49:00 AM,  143340.000,                                  99.836,                                  25.927,                                1019.064,
8/29/2026 12:50:00 AM,  143400.000,                                  99.834,                                  25.878,                                1019.047,
8/29/2026 12:51:00 AM,  143460.000,                                  99.875,                                  25.976,                                1019.463,
8/29/2026 12:52:00 AM,  143520.000,                                  99.829,                                  25.878,                                1018.993,
8/29/2026 12:53:00 AM,  143580.000,                                  99.841,                                  25.927,                                1019.118,
8/29/2026 12:54:00 AM,  143640.000,                                  99.825,                                  25.927,                                1018.954,
8/29/2026 12:55:00 AM,  143700.000,                                  99.860,                                  25.829,                                1019.306,
8/29/2026 12:56:00 AM,  143760.000,                                  99.857,                                  26.073,                                1019.276,
8/29/2026 12:57:00 AM,  143820.000,                                  99.816,                                  25.976,                                1018.861,
8/29/2026 12:58:00 AM,  143880.000,                                  99.848,                                  25.976,                                1019.189,
8/29/2026 12:59:00 AM,  143940.000,                                  99.816,                                  25.976,                                1018.861,
8/29/2026 1:00:00 AM ,  144000.000,                                  99.861,                                  25.878,                                1019.322,
8/29/2026 1:01:00 AM ,  144060.000,                                  99.802,                                  25.878,                                1018.719,
8/29/2026 1:02:00 AM ,  144120.000,                                  99.845,                                  26.024,                                1019.151,
8/29/2026 1:03:00 AM ,  144180.000,                                  99.852,                                  26.073,                                1019.221,
8/29/2026 1:04:00 AM ,  144240.000,                                  99.843,                                  25.976,                                1019.134,
8/29/2026 1:05:00 AM ,  144300.000,                                  99.874,                                  25.927,                                1019.447,
8/29/2026 1:06:00 AM ,  144360.000,                                  99.838,                                  25.976,                                1019.080,
8/29/2026 1:07:00 AM ,  144420.000,                                  99.818,                                  25.878,                                1018.883,
8/29/2026 1:08:00 AM ,  144480.000,                                  99.851,                                  25.878,                                1019.212,
8/29/2026 1:09:00 AM ,  144540.000,                                  99.819,                                  26.073,                                1018.893,
8/29/2026 1:10:00 AM ,  144600.000,                                  99.846,                                  26.073,                                1019.167,
8/29/2026 1:11:00 AM ,  144660.000,                                  99.841,                                  25.927,                                1019.118,
8/29/2026 1:12:00 AM ,  144720.000,                                  99.881,                                  25.829,                                1019.525,
8/29/2026 1:13:00 AM ,  144780.000,                                  99.841,                                  26.073,                                1019.112,
8/29/2026 1:14:00 AM ,  144840.000,                                  99.872,                                  25.878,                                1019.431,
8/29/2026 1:15:00 AM ,  144900.000,                                  99.810,                                  26.122,                                1018.799,
8/29/2026 1:16:00 AM ,  144960.000,                                  99.848,                                  26.122,                                1019.183,
8/29/2026 1:17:00 AM ,  145020.000,                                  99.843,                                  25.976,                                1019.134,
8/29/2026 1:18:00 AM ,  145080.000,                                  99.876,                                  25.829,                                1019.470,
8/29/2026 1:19:00 AM ,  145140.000,                                  99.858,                                  25.927,                                1019.283,
8/29/2026 1:20:00 AM ,  145200.000,                                  99.839,                                  26.024,                                1019.096,
8/29/2026 1:21:00 AM ,  145260.000,                                  99.811,                                  25.829,                                1018.812,
8/29/2026 1:22:00 AM ,  145320.000,                                  99.870,                                  25.976,                                1019.408,
8/29/2026 1:23:00 AM ,  145380.000,                                  99.875,                                  26.122,                                1019.457,
8/29/2026 1:24:00 AM ,  145440.000,                                  99.872,                                  25.878,                                1019.431,
8/29/2026 1:25:00 AM ,  145500.000,                                  99.861,                                  25.878,                                1019.322,
8/29/2026 1:26:00 AM ,  145560.000,                                  99.881,                                  25.829,                                1019.525,
8/29/2026 1:27:00 AM ,  145620.000,                                  99.868,                                  26.073,                                1019.386,
8/29/2026 1:28:00 AM ,  145680.000,                                  99.870,                                  25.976,                                1019.408,
8/29/2026 1:29:00 AM ,  145740.000,                                  99.818,                                  26.024,                                1018.876,
8/29/2026 1:30:00 AM ,  145800.000,                                  99.834,                                  26.024,                                1019.041,
8/29/2026 1:31:00 AM ,  145860.000,                                  99.840,                                  25.878,                                1019.102,
8/29/2026 1:32:00 AM ,  145920.000,                                  99.802,                                  26.024,                                1018.712,
8/29/2026 1:33:00 AM ,  145980.000,                                  99.845,                                  26.024,                                1019.151,
8/29/2026 1:34:00 AM ,  146040.000,                                  99.852,                                  26.073,                                1019.221,
8/29/2026 1:35:00 AM ,  146100.000,                                  99.839,                                  26.024,                                1019.096,
8/29/2026 1:36:00 AM ,  146160.000,                                  99.878,                                  26.073,                                1019.495,
8/29/2026 1:37:00 AM ,  146220.000,                                  99.866,                                  26.024,                                1019.370,
8/29/2026 1:38:00 AM ,  146280.000,                                  99.899,                                  25.878,                                1019.705,
8/29/2026 1:39:00 AM ,  146340.000,                                  99.835,                                  26.073,                                1019.057,
8/29/2026 1:40:00 AM ,  146400.000,                                  99.872,                                  25.878,                                1019.431,
8/29/2026 1:41:00 AM ,  146460.000,                                  99.838,                                  25.976,                                1019.080,
8/29/2026 1:42:00 AM ,  146520.000,                                  99.818,                                  26.024,                                1018.876,
8/29/2026 1:43:00 AM ,  146580.000,                                  99.848,                                  26.122,                                1019.183,
8/29/2026 1:44:00 AM ,  146640.000,                                  99.841,                                  26.073,                                1019.112,
8/29/2026 1:45:00 AM ,  146700.000,                                  99.854,                                  25.976,                                1019.244,
8/29/2026 1:46:00 AM ,  146760.000,                                  99.865,                                  25.829,                                1019.360,
8/29/2026 1:47:00 AM ,  146820.000,                                  99.837,                                  25.781,                                1019.070,
8/29/2026 1:48:00 AM ,  146880.000,                                  99.786,                                  25.878,                                1018.555,
8/29/2026 1:49:00 AM ,  146940.000,                                  99.831,                                  25.781,                                1019.016,
8/29/2026 1:50:00 AM ,  147000.000,                                  99.864,                                  26.122,                                1019.347,
8/29/2026 1:51:00 AM ,  147060.000,                                  99.841,                                  26.073,                                1019.112,
8/29/2026 1:52:00 AM ,  147120.000,                                  99.836,                                  25.927,                                1019.064,
8/29/2026 1:53:00 AM ,  147180.000,                                  99.864,                                  25.976,                                1019.354,
8/29/2026 1:54:00 AM ,  147240.000,                                  99.815,                                  25.927,                                1018.844,
8/29/2026 1:55:00 AM ,  147300.000,                                  99.841,                                  25.927,                                1019.118,
8/29/2026 1:56:00 AM ,  147360.000,                                  99.828,                                  26.024,                                1018.986,
8/29/2026 1:57:00 AM ,  147420.000,                                  99.829,                                  25.878,                                1018.993,
8/29/2026 1:58:00 AM ,  147480.000,                                  99.893,                                  26.024,                                1019.644,
8/29/2026 1:59:00 AM ,  147540.000,                                  99.846,                                  26.073,                                1019.167,
8/29/2026 2:00:00 AM ,  147600.000,                                  99.835,                                  26.073,                                1019.057,
8/29/2026 2:01:00 AM ,  147660.000,                                  99.833,                                  25.829,                                1019.031,
8/29/2026 2:02:00 AM ,  147720.000,                                  99.821,                                  25.781,                                1018.906,
8/29/2026 2:03:00 AM ,  147780.000,                                  99.858,                                  25.927,                                1019.283,
8/29/2026 2:04:00 AM ,  147840.000,                                  99.850,                                  26.024,                                1019.205,
8/29/2026 2:05:00 AM ,  147900.000,                                  99.833,                                  25.829,                                1019.031,
8/29/2026 2:06:00 AM ,  147960.000,                                  99.876,                                  25.829,                                1019.470,
8/29/2026 2:07:00 AM ,  148020.000,                                  99.844,                                  25.829,                                1019.141,
8/29/2026 2:08:00 AM ,  148080.000,                                  99.833,                                  25.829,                                1019.031,
8/29/2026 2:09:00 AM ,  148140.000,                                  99.843,                                  25.976,                                1019.134,
8/29/2026 2:10:00 AM ,  148200.000,                                  99.853,                                  25.781,                                1019.235,
8/29/2026 2:11:00 AM ,  148260.000,                                  99.842,                                  25.781,                                1019.125,
8/29/2026 2:12:00 AM ,  148320.000,                                  99.856,                                  25.878,                                1019.267,
8/29/2026 2:13:00 AM ,  148380.000,                                  99.872,                                  25.878,                                1019.431,
8/29/2026 2:14:00 AM ,  148440.000,                                  99.818,                                  25.878,                                1018.883,
8/29/2026 2:15:00 AM ,  148500.000,                                  99.847,                                  25.781,                                1019.180,
8/29/2026 2:16:00 AM ,  148560.000,                                  99.850,                                  26.024,                                1019.205,
8/29/2026 2:17:00 AM ,  148620.000,                                  99.884,                                  26.073,                                1019.550,
8/29/2026 2:18:00 AM ,  148680.000,                                  99.839,                                  26.024,                                1019.096,
8/29/2026 2:19:00 AM ,  148740.000,                                  99.846,                                  26.073,                                1019.167,
8/29/2026 2:20:00 AM ,  148800.000,                                  99.863,                                  25.927,                                1019.338,
8/29/2026 2:21:00 AM ,  148860.000,                                  99.827,                                  25.976,                                1018.970,
8/29/2026 2:22:00 AM ,  148920.000,                                  99.846,                                  26.073,                                1019.167,
8/29/2026 2:23:00 AM ,  148980.000,                                  99.854,                                  25.976,                                1019.244,
8/29/2026 2:24:00 AM ,  149040.000,                                  99.865,                                  25.829,                                1019.360,
8/29/2026 2:25:00 AM ,  149100.000,                                  99.855,                                  26.024,                                1019.260,
8/29/2026 2:26:00 AM ,  149160.000,                                  99.855,                                  26.024,                                1019.260,
8/29/2026 2:27:00 AM ,  149220.000,                                  99.884,                                  26.073,                                1019.550,
8/29/2026 2:28:00 AM ,  149280.000,                                  99.796,                                  26.024,                                1018.657,
8/29/2026 2:29:00 AM ,  149340.000,                                  99.813,                                  25.878,                                1018.828,
8/29/2026 2:30:00 AM ,  149400.000,                                  99.828,                                  26.024,                                1018.986,
8/29/2026 2:31:00 AM ,  149460.000,                                  99.815,                                  25.927,                                1018.844,
8/29/2026 2:32:00 AM ,  149520.000,                                  99.846,                                  25.732,                                1019.164,
8/29/2026 2:33:00 AM ,  149580.000,                                  99.855,                                  26.024,                                1019.260,
8/29/2026 2:34:00 AM ,  149640.000,                                  99.840,                                  25.878,                                1019.102,
8/29/2026 2:35:00 AM ,  149700.000,                                  99.851,                                  25.878,                                1019.212,
8/29/2026 2:36:00 AM ,  149760.000,                                  99.825,                                  25.927,                                1018.954,
8/29/2026 2:37:00 AM ,  149820.000,                                  99.839,                                  26.024,                                1019.096,
8/29/2026 2:38:00 AM ,  149880.000,                                  99.802,                                  26.024,                                1018.712,
8/29/2026 2:39:00 AM ,  149940.000,                                  99.818,                                  26.024,                                1018.876,
8/29/2026 2:40:00 AM ,  150000.000,                                  99.811,                                  25.829,                                1018.812,
8/29/2026 2:41:00 AM ,  150060.000,                                  99.860,                                  25.829,                                1019.306,
8/29/2026 2:42:00 AM ,  150120.000,                                  99.822,                                  25.829,                                1018.922,
8/29/2026 2:43:00 AM ,  150180.000,                                  99.836,                                  25.927,                                1019.064,
8/29/2026 2:44:00 AM ,  150240.000,                                  99.818,                                  26.024,                                1018.876,
8/29/2026 2:45:00 AM ,  150300.000,                                  99.856,                                  25.878,                                1019.267,
8/29/2026 2:46:00 AM ,  150360.000,                                  99.834,                                  25.878,                                1019.047,
8/29/2026 2:47:00 AM ,  150420.000,                                  99.861,                                  26.024,                                1019.315,
8/29/2026 2:48:00 AM ,  150480.000,                                  99.856,                                  25.878,                                1019.267,
8/29/2026 2:49:00 AM ,  150540.000,                                  99.822,                                  25.976,                                1018.915,
8/29/2026 2:50:00 AM ,  150600.000,                                  99.829,                                  25.878,                                1018.993,
8/29/2026 2:51:00 AM ,  150660.000,                                  99.885,                                  25.781,                                1019.563,
8/29/2026 2:52:00 AM ,  150720.000,                                  99.837,                                  25.781,                                1019.070,
8/29/2026 2:53:00 AM ,  150780.000,                                  99.849,                                  25.829,                                1019.196,
8/29/2026 2:54:00 AM ,  150840.000,                                  99.870,                                  25.976,                                1019.408,
8/29/2026 2:55:00 AM ,  150900.000,                                  99.826,                                  25.781,                                1018.961,
8/29/2026 2:56:00 AM ,  150960.000,                                  99.863,                                  25.927,                                1019.338,
8/29/2026 2:57:00 AM ,  151020.000,                                  99.833,                                  25.829,                                1019.031,
8/29/2026 2:58:00 AM ,  151080.000,                                  99.883,                                  25.878,                                1019.541,
8/29/2026 2:59:00 AM ,  151140.000,                                  99.830,                                  25.732,                                1018.999,
8/29/2026 3:00:00 AM ,  151200.000,                                  99.854,                                  25.976,                                1019.244,
8/29/2026 3:01:00 AM ,  151260.000,                                  99.837,                                  25.781,                                1019.070,
8/29/2026 3:02:00 AM ,  151320.000,                                  99.847,                                  25.781,                                1019.180,
8/29/2026 3:03:00 AM ,  151380.000,                                  99.843,                                  25.976,                                1019.134,
8/29/2026 3:04:00 AM ,  151440.000,                                  99.849,                                  25.829,                                1019.196,
8/29/2026 3:05:00 AM ,  151500.000,                                  99.831,                                  25.781,                                1019.016,
8/29/2026 3:06:00 AM ,  151560.000,                                  99.842,                                  25.781,                                1019.125,
8/29/2026 3:07:00 AM ,  151620.000,                                  99.859,                                  25.976,                                1019.299,
8/29/2026 3:08:00 AM ,  151680.000,                                  99.878,                                  25.732,                                1019.492,
8/29/2026 3:09:00 AM ,  151740.000,                                  99.835,                                  25.732,                                1019.054,
8/29/2026 3:10:00 AM ,  151800.000,                                  99.847,                                  25.927,                                1019.173,
8/29/2026 3:11:00 AM ,  151860.000,                                  99.837,                                  25.781,                                1019.070,
8/29/2026 3:12:00 AM ,  151920.000,                                  99.836,                                  25.927,                                1019.064,
8/29/2026 3:13:00 AM ,  151980.000,                                  99.840,                                  25.732,                                1019.109,
8/29/2026 3:14:00 AM ,  152040.000,                                  99.837,                                  25.781,                                1019.070,
8/29/2026 3:15:00 AM ,  152100.000,                                  99.845,                                  25.878,                                1019.157,
8/29/2026 3:16:00 AM ,  152160.000,                                  99.865,                                  25.829,                                1019.360,
8/29/2026 3:17:00 AM ,  152220.000,                                  99.843,                                  25.976,                                1019.134,
8/29/2026 3:18:00 AM ,  152280.000,                                  99.854,                                  25.829,                                1019.251,
8/29/2026 3:19:00 AM ,  152340.000,                                  99.847,                                  25.781,                                1019.180,
8/29/2026 3:20:00 AM ,  152400.000,                                  99.847,                                  25.781,                                1019.180,
8/29/2026 3:21:00 AM ,  152460.000,                                  99.831,                                  25.927,                                1019.009,
8/29/2026 3:22:00 AM ,  152520.000,                                  99.831,                                  25.927,                                1019.009,
8/29/2026 3:23:00 AM ,  152580.000,                                  99.854,                                  25.829,                                1019.251,
8/29/2026 3:24:00 AM ,  152640.000,                                  99.840,                                  25.878,                                1019.102,
8/29/2026 3:25:00 AM ,  152700.000,                                  99.840,                                  25.878,                                1019.102,
8/29/2026 3:26:00 AM ,  152760.000,                                  99.854,                                  25.829,                                1019.251,
8/29/2026 3:27:00 AM ,  152820.000,                                  99.837,                                  25.781,                                1019.070,
8/29/2026 3:28:00 AM ,  152880.000,                                  99.860,                                  25.683,                                1019.312,
8/29/2026 3:29:00 AM ,  152940.000,                                  99.872,                                  25.878,                                1019.431,
8/29/2026 3:30:00 AM ,  153000.000,                                  99.831,                                  25.781,                                1019.016,
8/29/2026 3:31:00 AM ,  153060.000,                                  99.856,                                  25.878,                                1019.267,
8/29/2026 3:32:00 AM ,  153120.000,                                  99.853,                                  25.781,                                1019.235,
8/29/2026 3:33:00 AM ,  153180.000,                                  99.876,                                  25.829,                                1019.470,
8/29/2026 3:34:00 AM ,  153240.000,                                  99.847,                                  25.781,                                1019.180,
8/29/2026 3:35:00 AM ,  153300.000,                                  99.822,                                  25.829,                                1018.922,
8/29/2026 3:36:00 AM ,  153360.000,                                  99.814,                                  25.732,                                1018.835,
8/29/2026 3:37:00 AM ,  153420.000,                                  99.864,                                  25.781,                                1019.344,
8/29/2026 3:38:00 AM ,  153480.000,                                  99.889,                                  25.732,                                1019.602,
8/29/2026 3:39:00 AM ,  153540.000,                                  99.851,                                  25.732,                                1019.218,
8/29/2026 3:40:00 AM ,  153600.000,                                  99.860,                                  25.683,                                1019.312,
8/29/2026 3:41:00 AM ,  153660.000,                                  99.855,                                  25.683,                                1019.257,
8/29/2026 3:42:00 AM ,  153720.000,                                  99.867,                                  25.732,                                1019.383,
8/29/2026 3:43:00 AM ,  153780.000,                                  99.874,                                  25.781,                                1019.454,
8/29/2026 3:44:00 AM ,  153840.000,                                  99.853,                                  25.781,                                1019.235,
8/29/2026 3:45:00 AM ,  153900.000,                                  99.858,                                  25.781,                                1019.289,
8/29/2026 3:46:00 AM ,  153960.000,                                  99.862,                                  25.732,                                1019.328,
8/29/2026 3:47:00 AM ,  154020.000,                                  99.873,                                  25.732,                                1019.438,
8/29/2026 3:48:00 AM ,  154080.000,                                  99.838,                                  25.829,                                1019.086,
8/29/2026 3:49:00 AM ,  154140.000,                                  99.864,                                  25.781,                                1019.344,
8/29/2026 3:50:00 AM ,  154200.000,                                  99.860,                                  25.829,                                1019.306,
8/29/2026 3:51:00 AM ,  154260.000,                                  99.866,                                  25.683,                                1019.367,
8/29/2026 3:52:00 AM ,  154320.000,                                  99.826,                                  25.781,                                1018.961,
8/29/2026 3:53:00 AM ,  154380.000,                                  99.874,                                  25.781,                                1019.454,
8/29/2026 3:54:00 AM ,  154440.000,                                  99.873,                                  25.732,                                1019.438,
8/29/2026 3:55:00 AM ,  154500.000,                                  99.862,                                  25.732,                                1019.328,
8/29/2026 3:56:00 AM ,  154560.000,                                  99.849,                                  25.829,                                1019.196,
8/29/2026 3:57:00 AM ,  154620.000,                                  99.874,                                  25.781,                                1019.454,
8/29/2026 3:58:00 AM ,  154680.000,                                  99.864,                                  25.781,                                1019.344,
8/29/2026 3:59:00 AM ,  154740.000,                                  99.866,                                  25.683,                                1019.367,
8/29/2026 4:00:00 AM ,  154800.000,                                  99.890,                                  25.781,                                1019.618,
8/29/2026 4:01:00 AM ,  154860.000,                                  99.867,                                  25.732,                                1019.383,
8/29/2026 4:02:00 AM ,  154920.000,                                  99.874,                                  25.781,                                1019.454,
8/29/2026 4:03:00 AM ,  154980.000,                                  99.844,                                  25.683,                                1019.148,
8/29/2026 4:04:00 AM ,  155040.000,                                  99.858,                                  25.781,                                1019.289,
8/29/2026 4:05:00 AM ,  155100.000,                                  99.860,                                  25.683,                                1019.312,
8/29/2026 4:06:00 AM ,  155160.000,                                  99.824,                                  25.732,                                1018.945,
8/29/2026 4:07:00 AM ,  155220.000,                                  99.855,                                  25.683,                                1019.257,
8/29/2026 4:08:00 AM ,  155280.000,                                  99.873,                                  25.732,                                1019.438,
8/29/2026 4:09:00 AM ,  155340.000,                                  99.893,                                  25.683,                                1019.641,
8/29/2026 4:10:00 AM ,  155400.000,                                  99.847,                                  25.781,                                1019.180,
8/29/2026 4:11:00 AM ,  155460.000,                                  99.855,                                  25.683,                                1019.257,
8/29/2026 4:12:00 AM ,  155520.000,                                  99.860,                                  25.683,                                1019.312,
8/29/2026 4:13:00 AM ,  155580.000,                                  99.857,                                  25.732,                                1019.273,
8/29/2026 4:14:00 AM ,  155640.000,                                  99.889,                                  25.732,                                1019.602,
8/29/2026 4:15:00 AM ,  155700.000,                                  99.878,                                  25.732,                                1019.492,
8/29/2026 4:16:00 AM ,  155760.000,                                  99.846,                                  25.732,                                1019.164,
8/29/2026 4:17:00 AM ,  155820.000,                                  99.873,                                  25.732,                                1019.438,
8/29/2026 4:18:00 AM ,  155880.000,                                  99.840,                                  25.732,                                1019.109,
8/29/2026 4:19:00 AM ,  155940.000,                                  99.828,                                  25.683,                                1018.983,
8/29/2026 4:20:00 AM ,  156000.000,                                  99.866,                                  25.683,                                1019.367,
8/29/2026 4:21:00 AM ,  156060.000,                                  99.844,                                  25.683,                                1019.148,
8/29/2026 4:22:00 AM ,  156120.000,                                  99.851,                                  25.732,                                1019.218,
8/29/2026 4:23:00 AM ,  156180.000,                                  99.867,                                  25.732,                                1019.383,
8/29/2026 4:24:00 AM ,  156240.000,                                  99.862,                                  25.732,                                1019.328,
8/29/2026 4:25:00 AM ,  156300.000,                                  99.839,                                  25.683,                                1019.093,
8/29/2026 4:26:00 AM ,  156360.000,                                  99.862,                                  25.732,                                1019.328,
8/29/2026 4:27:00 AM ,  156420.000,                                  99.840,                                  25.732,                                1019.109,
8/29/2026 4:28:00 AM ,  156480.000,                                  99.857,                                  25.732,                                1019.273,
8/29/2026 4:29:00 AM ,  156540.000,                                  99.876,                                  25.683,                                1019.476,
8/29/2026 4:30:00 AM ,  156600.000,                                  99.837,                                  25.634,                                1019.077,
8/29/2026 4:31:00 AM ,  156660.000,                                  99.850,                                  25.683,                                1019.202,
8/29/2026 4:32:00 AM ,  156720.000,                                  99.853,                                  25.634,                                1019.241,
8/29/2026 4:33:00 AM ,  156780.000,                                  99.871,                                  25.683,                                1019.422,
8/29/2026 4:34:00 AM ,  156840.000,                                  99.870,                                  25.634,                                1019.405,
8/29/2026 4:35:00 AM ,  156900.000,                                  99.834,                                  25.683,                                1019.038,
8/29/2026 4:36:00 AM ,  156960.000,                                  99.883,                                  25.732,                                1019.547,
8/29/2026 4:37:00 AM ,  157020.000,                                  99.862,                                  25.732,                                1019.328,
8/29/2026 4:38:00 AM ,  157080.000,                                  99.828,                                  25.683,                                1018.983,
8/29/2026 4:39:00 AM ,  157140.000,                                  99.839,                                  25.683,                                1019.093,
8/29/2026 4:40:00 AM ,  157200.000,                                  99.794,                                  25.634,                                1018.639,
8/29/2026 4:41:00 AM ,  157260.000,                                  99.823,                                  25.683,                                1018.929,
8/29/2026 4:42:00 AM ,  157320.000,                                  99.848,                                  25.634,                                1019.186,
8/29/2026 4:43:00 AM ,  157380.000,                                  99.817,                                  25.683,                                1018.874,
8/29/2026 4:44:00 AM ,  157440.000,                                  99.821,                                  25.634,                                1018.912,
8/29/2026 4:45:00 AM ,  157500.000,                                  99.855,                                  25.683,                                1019.257,
8/29/2026 4:46:00 AM ,  157560.000,                                  99.860,                                  25.683,                                1019.312,
8/29/2026 4:47:00 AM ,  157620.000,                                  99.834,                                  25.683,                                1019.038,
8/29/2026 4:48:00 AM ,  157680.000,                                  99.871,                                  25.683,                                1019.422,
8/29/2026 4:49:00 AM ,  157740.000,                                  99.812,                                  25.683,                                1018.819,
8/29/2026 4:50:00 AM ,  157800.000,                                  99.876,                                  25.683,                                1019.476,
8/29/2026 4:51:00 AM ,  157860.000,                                  99.863,                                  25.586,                                1019.335,
8/29/2026 4:52:00 AM ,  157920.000,                                  99.805,                                  25.634,                                1018.748,
8/29/2026 4:53:00 AM ,  157980.000,                                  99.837,                                  25.634,                                1019.077,
8/29/2026 4:54:00 AM ,  158040.000,                                  99.866,                                  25.683,                                1019.367,
8/29/2026 4:55:00 AM ,  158100.000,                                  99.839,                                  25.683,                                1019.093,
8/29/2026 4:56:00 AM ,  158160.000,                                  99.843,                                  25.634,                                1019.132,
8/29/2026 4:57:00 AM ,  158220.000,                                  99.801,                                  25.683,                                1018.710,
8/29/2026 4:58:00 AM ,  158280.000,                                  99.823,                                  25.683,                                1018.929,
8/29/2026 4:59:00 AM ,  158340.000,                                  99.853,                                  25.634,                                1019.241,
8/29/2026 5:00:00 AM ,  158400.000,                                  99.811,                                  25.634,                                1018.803,
8/29/2026 5:01:00 AM ,  158460.000,                                  99.811,                                  25.634,                                1018.803,
8/29/2026 5:02:00 AM ,  158520.000,                                  99.837,                                  25.634,                                1019.077,
8/29/2026 5:03:00 AM ,  158580.000,                                  99.843,                                  25.634,                                1019.132,
8/29/2026 5:04:00 AM ,  158640.000,                                  99.864,                                  25.634,                                1019.351,
8/29/2026 5:05:00 AM ,  158700.000,                                  99.853,                                  25.634,                                1019.241,
8/29/2026 5:06:00 AM ,  158760.000,                                  99.843,                                  25.634,                                1019.132,
8/29/2026 5:07:00 AM ,  158820.000,                                  99.843,                                  25.634,                                1019.132,
8/29/2026 5:08:00 AM ,  158880.000,                                  99.843,                                  25.634,                                1019.132,
8/29/2026 5:09:00 AM ,  158940.000,                                  99.837,                                  25.634,                                1019.077,
8/29/2026 5:10:00 AM ,  159000.000,                                  99.857,                                  25.586,                                1019.280,
8/29/2026 5:11:00 AM ,  159060.000,                                  99.836,                                  25.586,                                1019.061,
8/29/2026 5:12:00 AM ,  159120.000,                                  99.880,                                  25.634,                                1019.515,
8/29/2026 5:13:00 AM ,  159180.000,                                  99.837,                                  25.634,                                1019.077,
8/29/2026 5:14:00 AM ,  159240.000,                                  99.820,                                  25.586,                                1018.896,
8/29/2026 5:15:00 AM ,  159300.000,                                  99.848,                                  25.634,                                1019.186,
8/29/2026 5:16:00 AM ,  159360.000,                                  99.859,                                  25.634,                                1019.296,
8/29/2026 5:17:00 AM ,  159420.000,                                  99.841,                                  25.586,                                1019.116,
8/29/2026 5:18:00 AM ,  159480.000,                                  99.864,                                  25.634,                                1019.351,
8/29/2026 5:19:00 AM ,  159540.000,                                  99.886,                                  25.634,                                1019.570,
8/29/2026 5:20:00 AM ,  159600.000,                                  99.868,                                  25.586,                                1019.390,
8/29/2026 5:21:00 AM ,  159660.000,                                  99.856,                                  25.537,                                1019.264,
8/29/2026 5:22:00 AM ,  159720.000,                                  99.861,                                  25.537,                                1019.319,
8/29/2026 5:23:00 AM ,  159780.000,                                  99.825,                                  25.586,                                1018.951,
8/29/2026 5:24:00 AM ,  159840.000,                                  99.841,                                  25.586,                                1019.116,
8/29/2026 5:25:00 AM ,  159900.000,                                  99.836,                                  25.586,                                1019.061,
8/29/2026 5:26:00 AM ,  159960.000,                                  99.877,                                  25.537,                                1019.483,
8/29/2026 5:27:00 AM ,  160020.000,                                  99.843,                                  25.634,                                1019.132,
8/29/2026 5:28:00 AM ,  160080.000,                                  99.823,                                  25.537,                                1018.935,
8/29/2026 5:29:00 AM ,  160140.000,                                  99.846,                                  25.586,                                1019.170,
8/29/2026 5:30:00 AM ,  160200.000,                                  99.853,                                  25.634,                                1019.241,
8/29/2026 5:31:00 AM ,  160260.000,                                  99.893,                                  25.537,                                1019.647,
8/29/2026 5:32:00 AM ,  160320.000,                                  99.870,                                  25.634,                                1019.405,
8/29/2026 5:33:00 AM ,  160380.000,                                  99.841,                                  25.586,                                1019.116,
8/29/2026 5:34:00 AM ,  160440.000,                                  99.827,                                  25.634,                                1018.967,
8/29/2026 5:35:00 AM ,  160500.000,                                  99.866,                                  25.537,                                1019.373,
8/29/2026 5:36:00 AM ,  160560.000,                                  99.814,                                  25.586,                                1018.841,
8/29/2026 5:37:00 AM ,  160620.000,                                  99.823,                                  25.537,                                1018.935,
8/29/2026 5:38:00 AM ,  160680.000,                                  99.846,                                  25.586,                                1019.170,
8/29/2026 5:39:00 AM ,  160740.000,                                  99.834,                                  25.537,                                1019.045,
8/29/2026 5:40:00 AM ,  160800.000,                                  99.879,                                  25.586,                                1019.499,
8/29/2026 5:41:00 AM ,  160860.000,                                  99.856,                                  25.537,                                1019.264,
8/29/2026 5:42:00 AM ,  160920.000,                                  99.850,                                  25.537,                                1019.209,
8/29/2026 5:43:00 AM ,  160980.000,                                  99.893,                                  25.537,                                1019.647,
8/29/2026 5:44:00 AM ,  161040.000,                                  99.814,                                  25.586,                                1018.841,
8/29/2026 5:45:00 AM ,  161100.000,                                  99.846,                                  25.586,                                1019.170,
8/29/2026 5:46:00 AM ,  161160.000,                                  99.811,                                  25.488,                                1018.809,
8/29/2026 5:47:00 AM ,  161220.000,                                  99.861,                                  25.537,                                1019.319,
8/29/2026 5:48:00 AM ,  161280.000,                                  99.863,                                  25.586,                                1019.335,
8/29/2026 5:49:00 AM ,  161340.000,                                  99.852,                                  25.586,                                1019.225,
8/29/2026 5:50:00 AM ,  161400.000,                                  99.893,                                  25.537,                                1019.647,
8/29/2026 5:51:00 AM ,  161460.000,                                  99.827,                                  25.488,                                1018.974,
8/29/2026 5:52:00 AM ,  161520.000,                                  99.834,                                  25.537,                                1019.045,
8/29/2026 5:53:00 AM ,  161580.000,                                  99.823,                                  25.537,                                1018.935,
8/29/2026 5:54:00 AM ,  161640.000,                                  99.881,                                  25.488,                                1019.522,
8/29/2026 5:55:00 AM ,  161700.000,                                  99.850,                                  25.537,                                1019.209,
8/29/2026 5:56:00 AM ,  161760.000,                                  99.845,                                  25.537,                                1019.154,
8/29/2026 5:57:00 AM ,  161820.000,                                  99.854,                                  25.488,                                1019.248,
8/29/2026 5:58:00 AM ,  161880.000,                                  99.888,                                  25.537,                                1019.592,
8/29/2026 5:59:00 AM ,  161940.000,                                  99.830,                                  25.586,                                1019.006,
8/29/2026 6:00:00 AM ,  162000.000,                                  99.859,                                  25.488,                                1019.302,
8/29/2026 6:01:00 AM ,  162060.000,                                  99.861,                                  25.537,                                1019.319,
8/29/2026 6:02:00 AM ,  162120.000,                                  99.823,                                  25.537,                                1018.935,
8/29/2026 6:03:00 AM ,  162180.000,                                  99.811,                                  25.488,                                1018.809,
8/29/2026 6:04:00 AM ,  162240.000,                                  99.811,                                  25.488,                                1018.809,
8/29/2026 6:05:00 AM ,  162300.000,                                  99.829,                                  25.537,                                1018.990,
8/29/2026 6:06:00 AM ,  162360.000,                                  99.818,                                  25.537,                                1018.880,
8/29/2026 6:07:00 AM ,  162420.000,                                  99.865,                                  25.488,                                1019.357,
8/29/2026 6:08:00 AM ,  162480.000,                                  99.843,                                  25.488,                                1019.138,
8/29/2026 6:09:00 AM ,  162540.000,                                  99.850,                                  25.537,                                1019.209,
8/29/2026 6:10:00 AM ,  162600.000,                                  99.870,                                  25.488,                                1019.412,
8/29/2026 6:11:00 AM ,  162660.000,                                  99.852,                                  25.439,                                1019.231,
8/29/2026 6:12:00 AM ,  162720.000,                                  99.863,                                  25.439,                                1019.341,
8/29/2026 6:13:00 AM ,  162780.000,                                  99.856,                                  25.537,                                1019.264,
8/29/2026 6:14:00 AM ,  162840.000,                                  99.863,                                  25.586,                                1019.335,
8/29/2026 6:15:00 AM ,  162900.000,                                  99.866,                                  25.537,                                1019.373,
8/29/2026 6:16:00 AM ,  162960.000,                                  99.829,                                  25.537,                                1018.990,
8/29/2026 6:17:00 AM ,  163020.000,                                  99.827,                                  25.488,                                1018.974,
8/29/2026 6:18:00 AM ,  163080.000,                                  99.807,                                  25.537,                                1018.771,
8/29/2026 6:19:00 AM ,  163140.000,                                  99.859,                                  25.488,                                1019.302,
8/29/2026 6:20:00 AM ,  163200.000,                                  99.899,                                  25.537,                                1019.702,
8/29/2026 6:21:00 AM ,  163260.000,                                  99.881,                                  25.488,                                1019.522,
8/29/2026 6:22:00 AM ,  163320.000,                                  99.849,                                  25.488,                                1019.193,
8/29/2026 6:23:00 AM ,  163380.000,                                  99.872,                                  25.537,                                1019.428,
8/29/2026 6:24:00 AM ,  163440.000,                                  99.858,                                  25.439,                                1019.287,
8/29/2026 6:25:00 AM ,  163500.000,                                  99.872,                                  25.537,                                1019.428,
8/29/2026 6:26:00 AM ,  163560.000,                                  99.871,                                  25.342,                                1019.418,
8/29/2026 6:27:00 AM ,  163620.000,                                  99.895,                                  25.439,                                1019.670,
8/29/2026 6:28:00 AM ,  163680.000,                                  99.859,                                  25.488,                                1019.302,
8/29/2026 6:29:00 AM ,  163740.000,                                  99.908,                                  25.488,                                1019.795,
8/29/2026 6:30:00 AM ,  163800.000,                                  99.870,                                  25.488,                                1019.412,
8/29/2026 6:31:00 AM ,  163860.000,                                  99.892,                                  25.488,                                1019.631,
8/29/2026 6:32:00 AM ,  163920.000,                                  99.865,                                  25.488,                                1019.357,
8/29/2026 6:33:00 AM ,  163980.000,                                  99.888,                                  25.537,                                1019.592,
8/29/2026 6:34:00 AM ,  164040.000,                                  99.924,                                  25.488,                                1019.960,
8/29/2026 6:35:00 AM ,  164100.000,                                  99.899,                                  25.390,                                1019.708,
8/29/2026 6:36:00 AM ,  164160.000,                                  99.860,                                  25.342,                                1019.309,
8/29/2026 6:37:00 AM ,  164220.000,                                  99.878,                                  25.390,                                1019.490,
8/29/2026 6:38:00 AM ,  164280.000,                                  99.851,                                  25.390,                                1019.216,
8/29/2026 6:39:00 AM ,  164340.000,                                  99.855,                                  25.342,                                1019.254,
8/29/2026 6:40:00 AM ,  164400.000,                                  99.910,                                  25.390,                                1019.818,
8/29/2026 6:41:00 AM ,  164460.000,                                  99.869,                                  25.439,                                1019.396,
8/29/2026 6:42:00 AM ,  164520.000,                                  99.838,                                  25.488,                                1019.083,
8/29/2026 6:43:00 AM ,  164580.000,                                  99.842,                                  25.439,                                1019.122,
8/29/2026 6:44:00 AM ,  164640.000,                                  99.859,                                  25.488,                                1019.302,
8/29/2026 6:45:00 AM ,  164700.000,                                  99.869,                                  25.439,                                1019.396,
8/29/2026 6:46:00 AM ,  164760.000,                                  99.836,                                  25.439,                                1019.068,
8/29/2026 6:47:00 AM ,  164820.000,                                  99.876,                                  25.488,                                1019.467,
8/29/2026 6:48:00 AM ,  164880.000,                                  99.865,                                  25.488,                                1019.357,
8/29/2026 6:49:00 AM ,  164940.000,                                  99.842,                                  25.439,                                1019.122,
8/29/2026 6:50:00 AM ,  165000.000,                                  99.883,                                  25.390,                                1019.544,
8/29/2026 6:51:00 AM ,  165060.000,                                  99.886,                                  25.488,                                1019.576,
8/29/2026 6:52:00 AM ,  165120.000,                                  99.892,                                  25.488,                                1019.631,
8/29/2026 6:53:00 AM ,  165180.000,                                  99.835,                                  25.390,                                1019.051,
8/29/2026 6:54:00 AM ,  165240.000,                                  99.865,                                  25.488,                                1019.357,
8/29/2026 6:55:00 AM ,  165300.000,                                  99.858,                                  25.439,                                1019.287,
8/29/2026 6:56:00 AM ,  165360.000,                                  99.874,                                  25.439,                                1019.451,
8/29/2026 6:57:00 AM ,  165420.000,                                  99.865,                                  25.488,                                1019.357,
8/29/2026 6:58:00 AM ,  165480.000,                                  99.862,                                  25.390,                                1019.325,
8/29/2026 6:59:00 AM ,  165540.000,                                  99.865,                                  25.342,                                1019.364,
8/29/2026 7:00:00 AM ,  165600.000,                                  99.852,                                  25.439,                                1019.231,
8/29/2026 7:01:00 AM ,  165660.000,                                  99.851,                                  25.390,                                1019.216,
8/29/2026 7:02:00 AM ,  165720.000,                                  99.888,                                  25.390,                                1019.599,
8/29/2026 7:03:00 AM ,  165780.000,                                  99.885,                                  25.439,                                1019.560,
8/29/2026 7:04:00 AM ,  165840.000,                                  99.862,                                  25.390,                                1019.325,
8/29/2026 7:05:00 AM ,  165900.000,                                  99.874,                                  25.439,                                1019.451,
8/29/2026 7:06:00 AM ,  165960.000,                                  99.915,                                  25.390,                                1019.873,
8/29/2026 7:07:00 AM ,  166020.000,                                  99.888,                                  25.390,                                1019.599,
8/29/2026 7:08:00 AM ,  166080.000,                                  99.858,                                  25.439,                                1019.287,
8/29/2026 7:09:00 AM ,  166140.000,                                  99.905,                                  25.390,                                1019.763,
8/29/2026 7:10:00 AM ,  166200.000,                                  99.860,                                  25.342,                                1019.309,
8/29/2026 7:11:00 AM ,  166260.000,                                  99.874,                                  25.439,                                1019.451,
8/29/2026 7:12:00 AM ,  166320.000,                                  99.888,                                  25.390,                                1019.599,
8/29/2026 7:13:00 AM ,  166380.000,                                  99.856,                                  25.390,                                1019.270,
8/29/2026 7:14:00 AM ,  166440.000,                                  99.880,                                  25.293,                                1019.512,
8/29/2026 7:15:00 AM ,  166500.000,                                  99.915,                                  25.390,                                1019.873,
8/29/2026 7:16:00 AM ,  166560.000,                                  99.890,                                  25.439,                                1019.615,
8/29/2026 7:17:00 AM ,  166620.000,                                  99.941,                                  25.342,                                1020.131,
8/29/2026 7:18:00 AM ,  166680.000,                                  99.853,                                  25.293,                                1019.238,
8/29/2026 7:19:00 AM ,  166740.000,                                  99.828,                                  25.342,                                1018.980,
8/29/2026 7:20:00 AM ,  166800.000,                                  99.898,                                  25.342,                                1019.692,
8/29/2026 7:21:00 AM ,  166860.000,                                  99.855,                                  25.342,                                1019.254,
8/29/2026 7:22:00 AM ,  166920.000,                                  99.867,                                  25.390,                                1019.380,
8/29/2026 7:23:00 AM ,  166980.000,                                  99.875,                                  25.293,                                1019.457,
8/29/2026 7:24:00 AM ,  167040.000,                                  99.910,                                  25.390,                                1019.818,
8/29/2026 7:25:00 AM ,  167100.000,                                  99.880,                                  25.293,                                1019.512,
8/29/2026 7:26:00 AM ,  167160.000,                                  99.876,                                  25.342,                                1019.473,
8/29/2026 7:27:00 AM ,  167220.000,                                  99.858,                                  25.293,                                1019.293,
8/29/2026 7:28:00 AM ,  167280.000,                                  99.846,                                  25.390,                                1019.161,
8/29/2026 7:29:00 AM ,  167340.000,                                  99.856,                                  25.390,                                1019.270,
8/29/2026 7:30:00 AM ,  167400.000,                                  99.860,                                  25.342,                                1019.309,
8/29/2026 7:31:00 AM ,  167460.000,                                  99.858,                                  25.293,                                1019.293,
8/29/2026 7:32:00 AM ,  167520.000,                                  99.860,                                  25.342,                                1019.309,
8/29/2026 7:33:00 AM ,  167580.000,                                  99.878,                                  25.390,                                1019.490,
8/29/2026 7:34:00 AM ,  167640.000,                                  99.839,                                  25.342,                                1019.090,
8/29/2026 7:35:00 AM ,  167700.000,                                  99.878,                                  25.390,                                1019.490,
8/29/2026 7:36:00 AM ,  167760.000,                                  99.864,                                  25.293,                                1019.348,
8/29/2026 7:37:00 AM ,  167820.000,                                  99.855,                                  25.342,                                1019.254,
8/29/2026 7:38:00 AM ,  167880.000,                                  99.816,                                  25.293,                                1018.855,
8/29/2026 7:39:00 AM ,  167940.000,                                  99.832,                                  25.293,                                1019.019,
8/29/2026 7:40:00 AM ,  168000.000,                                  99.880,                                  25.293,                                1019.512,
8/29/2026 7:41:00 AM ,  168060.000,                                  99.865,                                  25.342,                                1019.364,
8/29/2026 7:42:00 AM ,  168120.000,                                  99.842,                                  25.293,                                1019.129,
8/29/2026 7:43:00 AM ,  168180.000,                                  99.844,                                  25.342,                                1019.145,
8/29/2026 7:44:00 AM ,  168240.000,                                  99.864,                                  25.293,                                1019.348,
8/29/2026 7:45:00 AM ,  168300.000,                                  99.839,                                  25.342,                                1019.090,
8/29/2026 7:46:00 AM ,  168360.000,                                  99.848,                                  25.293,                                1019.183,
8/29/2026 7:47:00 AM ,  168420.000,                                  99.849,                                  25.342,                                1019.199,
8/29/2026 7:48:00 AM ,  168480.000,                                  99.833,                                  25.342,                                1019.035,
8/29/2026 7:49:00 AM ,  168540.000,                                  99.860,                                  25.342,                                1019.309,
8/29/2026 7:50:00 AM ,  168600.000,                                  99.860,                                  25.342,                                1019.309,
8/29/2026 7:51:00 AM ,  168660.000,                                  99.880,                                  25.293,                                1019.512,
8/29/2026 7:52:00 AM ,  168720.000,                                  99.837,                                  25.293,                                1019.074,
8/29/2026 7:53:00 AM ,  168780.000,                                  99.853,                                  25.293,                                1019.238,
8/29/2026 7:54:00 AM ,  168840.000,                                  99.864,                                  25.293,                                1019.348,
8/29/2026 7:55:00 AM ,  168900.000,                                  99.885,                                  25.293,                                1019.567,
8/29/2026 7:56:00 AM ,  168960.000,                                  99.832,                                  25.293,                                1019.019,
8/29/2026 7:57:00 AM ,  169020.000,                                  99.869,                                  25.293,                                1019.402,
8/29/2026 7:58:00 AM ,  169080.000,                                  99.875,                                  25.293,                                1019.457,
8/29/2026 7:59:00 AM ,  169140.000,                                  99.835,                                  25.244,                                1019.058,
8/29/2026 8:00:00 AM ,  169200.000,                                  99.875,                                  25.293,                                1019.457,
8/29/2026 8:01:00 AM ,  169260.000,                                  99.908,                                  25.342,                                1019.802,
8/29/2026 8:02:00 AM ,  169320.000,                                  99.842,                                  25.293,                                1019.129,
8/29/2026 8:03:00 AM ,  169380.000,                                  99.835,                                  25.244,                                1019.058,
8/29/2026 8:04:00 AM ,  169440.000,                                  99.853,                                  25.293,                                1019.238,
8/29/2026 8:05:00 AM ,  169500.000,                                  99.868,                                  25.244,                                1019.386,
8/29/2026 8:06:00 AM ,  169560.000,                                  99.825,                                  25.244,                                1018.948,
8/29/2026 8:07:00 AM ,  169620.000,                                  99.825,                                  25.244,                                1018.948,
8/29/2026 8:08:00 AM ,  169680.000,                                  99.857,                                  25.244,                                1019.277,
8/29/2026 8:09:00 AM ,  169740.000,                                  99.889,                                  25.244,                                1019.605,
8/29/2026 8:10:00 AM ,  169800.000,                                  99.878,                                  25.244,                                1019.496,
8/29/2026 8:11:00 AM ,  169860.000,                                  99.832,                                  25.293,                                1019.019,
8/29/2026 8:12:00 AM ,  169920.000,                                  99.869,                                  25.293,                                1019.402,
8/29/2026 8:13:00 AM ,  169980.000,                                  99.825,                                  25.244,                                1018.948,
8/29/2026 8:14:00 AM ,  170040.000,                                  99.864,                                  25.293,                                1019.348,
8/29/2026 8:15:00 AM ,  170100.000,                                  99.875,                                  25.293,                                1019.457,
8/29/2026 8:16:00 AM ,  170160.000,                                  99.862,                                  25.244,                                1019.332,
8/29/2026 8:17:00 AM ,  170220.000,                                  99.880,                                  25.293,                                1019.512,
8/29/2026 8:18:00 AM ,  170280.000,                                  99.845,                                  25.195,                                1019.151,
8/29/2026 8:19:00 AM ,  170340.000,                                  99.842,                                  25.293,                                1019.129,
8/29/2026 8:20:00 AM ,  170400.000,                                  99.841,                                  25.244,                                1019.112,
8/29/2026 8:21:00 AM ,  170460.000,                                  99.857,                                  25.244,                                1019.277,
8/29/2026 8:22:00 AM ,  170520.000,                                  99.807,                                  25.195,                                1018.768,
8/29/2026 8:23:00 AM ,  170580.000,                                  99.803,                                  25.244,                                1018.729,
8/29/2026 8:24:00 AM ,  170640.000,                                  99.857,                                  25.244,                                1019.277,
8/29/2026 8:25:00 AM ,  170700.000,                                  99.846,                                  25.244,                                1019.168,
8/29/2026 8:26:00 AM ,  170760.000,                                  99.830,                                  25.244,                                1019.003,
8/29/2026 8:27:00 AM ,  170820.000,                                  99.852,                                  25.244,                                1019.222,
8/29/2026 8:28:00 AM ,  170880.000,                                  99.857,                                  25.244,                                1019.277,
8/29/2026 8:29:00 AM ,  170940.000,                                  99.850,                                  25.195,                                1019.206,
8/29/2026 8:30:00 AM ,  171000.000,                                  99.839,                                  25.195,                                1019.096,
8/29/2026 8:31:00 AM ,  171060.000,                                  99.814,                                  25.244,                                1018.839,
8/29/2026 8:32:00 AM ,  171120.000,                                  99.814,                                  25.244,                                1018.839,
8/29/2026 8:33:00 AM ,  171180.000,                                  99.866,                                  25.195,                                1019.370,
8/29/2026 8:34:00 AM ,  171240.000,                                  99.823,                                  25.195,                                1018.932,
8/29/2026 8:35:00 AM ,  171300.000,                                  99.823,                                  25.195,                                1018.932,
8/29/2026 8:36:00 AM ,  171360.000,                                  99.834,                                  25.195,                                1019.042,
8/29/2026 8:37:00 AM ,  171420.000,                                  99.834,                                  25.195,                                1019.042,
8/29/2026 8:38:00 AM ,  171480.000,                                  99.823,                                  25.195,                                1018.932,
8/29/2026 8:39:00 AM ,  171540.000,                                  99.830,                                  25.244,                                1019.003,
8/29/2026 8:40:00 AM ,  171600.000,                                  99.839,                                  25.195,                                1019.096,
8/29/2026 8:41:00 AM ,  171660.000,                                  99.805,                                  25.293,                                1018.745,
8/29/2026 8:42:00 AM ,  171720.000,                                  99.853,                                  25.293,                                1019.238,
8/29/2026 8:43:00 AM ,  171780.000,                                  99.842,                                  25.293,                                1019.129,
8/29/2026 8:44:00 AM ,  171840.000,                                  99.810,                                  25.293,                                1018.800,
8/29/2026 8:45:00 AM ,  171900.000,                                  99.834,                                  25.683,                                1019.038,
8/29/2026 8:46:00 AM ,  171960.000,                                  99.668,                                  26.365,                                1017.345,
8/29/2026 8:47:00 AM ,  172020.000,                                  99.852,                                  26.414,                                1019.224,
8/29/2026 8:48:00 AM ,  172080.000,                                  99.856,                                  26.365,                                1019.263,
8/29/2026 8:49:00 AM ,  172140.000,                                  99.871,                                  26.170,                                1019.418,
8/29/2026 8:50:00 AM ,  172200.000,                                  99.829,                                  26.219,                                1018.996,
8/29/2026 8:51:00 AM ,  172260.000,                                  99.812,                                  26.024,                                1018.822,
8/29/2026 8:52:00 AM ,  172320.000,                                  99.857,                                  26.073,                                1019.276,
8/29/2026 8:53:00 AM ,  172380.000,                                  99.837,                                  26.122,                                1019.073,
8/29/2026 8:54:00 AM ,  172440.000,                                  99.821,                                  26.122,                                1018.909,
8/29/2026 8:55:00 AM ,  172500.000,                                  99.858,                                  26.122,                                1019.292,
8/29/2026 8:56:00 AM ,  172560.000,                                  99.893,                                  26.024,                                1019.644,
8/29/2026 8:57:00 AM ,  172620.000,                                  99.831,                                  25.781,                                1019.016,
8/29/2026 8:58:00 AM ,  172680.000,                                  99.869,                                  25.781,                                1019.399,
8/29/2026 8:59:00 AM ,  172740.000,                                  99.890,                                  25.781,                                1019.618,
8/29/2026 9:00:00 AM ,  172800.000,                                  99.853,                                  25.781,                                1019.235,
8/29/2026 9:01:00 AM ,  172860.000,                                  99.867,                                  25.878,                                1019.376,
8/29/2026 9:02:00 AM ,  172920.000,                                  99.849,                                  25.829,                                1019.196,
8/29/2026 9:03:00 AM ,  172980.000,                                  99.867,                                  25.732,                                1019.383,
8/29/2026 9:04:00 AM ,  173040.000,                                  99.874,                                  25.927,                                1019.447,
8/29/2026 9:05:00 AM ,  173100.000,                                  99.854,                                  25.829,                                1019.251,
8/29/2026 9:06:00 AM ,  173160.000,                                  99.837,                                  25.781,                                1019.070,
8/29/2026 9:07:00 AM ,  173220.000,                                  99.846,                                  25.732,                                1019.164,
8/29/2026 9:08:00 AM ,  173280.000,                                  99.865,                                  25.829,                                1019.360,
8/29/2026 9:09:00 AM ,  173340.000,                                  99.823,                                  25.537,                                1018.935,
8/29/2026 9:10:00 AM ,  173400.000,                                  99.894,                                  25.732,                                1019.657,
8/29/2026 9:11:00 AM ,  173460.000,                                  99.852,                                  25.439,                                1019.231,
8/29/2026 9:12:00 AM ,  173520.000,                                  99.853,                                  25.634,                                1019.241,
8/29/2026 9:13:00 AM ,  173580.000,                                  99.846,                                  25.586,                                1019.170,
8/29/2026 9:14:00 AM ,  173640.000,                                  99.875,                                  25.634,                                1019.460,
8/29/2026 9:15:00 AM ,  173700.000,                                  99.829,                                  25.537,                                1018.990,
8/29/2026 9:16:00 AM ,  173760.000,                                  99.886,                                  25.488,                                1019.576,
8/29/2026 9:17:00 AM ,  173820.000,                                  99.879,                                  25.439,                                1019.505,
8/29/2026 9:18:00 AM ,  173880.000,                                  99.852,                                  25.439,                                1019.231,
8/29/2026 9:19:00 AM ,  173940.000,                                  99.834,                                  25.537,                                1019.045,
8/29/2026 9:20:00 AM ,  174000.000,                                  99.868,                                  25.244,                                1019.386,
8/29/2026 9:21:00 AM ,  174060.000,                                  99.873,                                  25.244,                                1019.441,
8/29/2026 9:22:00 AM ,  174120.000,                                  99.854,                                  25.488,                                1019.248,
8/29/2026 9:23:00 AM ,  174180.000,                                  99.847,                                  25.439,                                1019.177,
8/29/2026 9:24:00 AM ,  174240.000,                                  99.858,                                  25.439,                                1019.287,
8/29/2026 9:25:00 AM ,  174300.000,                                  99.837,                                  25.293,                                1019.074,
8/29/2026 9:26:00 AM ,  174360.000,                                  99.835,                                  25.048,                                1019.048,
8/29/2026 9:27:00 AM ,  174420.000,                                  99.858,                                  25.097,                                1019.283,
8/29/2026 9:28:00 AM ,  174480.000,                                  99.839,                                  25.195,                                1019.096,
8/29/2026 9:29:00 AM ,  174540.000,                                  99.831,                                  25.097,                                1019.010,
8/29/2026 9:30:00 AM ,  174600.000,                                  99.854,                                  25.146,                                1019.245,
8/29/2026 9:31:00 AM ,  174660.000,                                  99.831,                                  25.097,                                1019.010,
8/29/2026 9:32:00 AM ,  174720.000,                                  99.850,                                  25.195,                                1019.206,
8/29/2026 9:33:00 AM ,  174780.000,                                  99.863,                                  25.097,                                1019.338,
8/29/2026 9:34:00 AM ,  174840.000,                                  99.823,                                  25.195,                                1018.932,
8/29/2026 9:35:00 AM ,  174900.000,                                  99.825,                                  25.097,                                1018.955,
8/29/2026 9:36:00 AM ,  174960.000,                                  99.840,                                  25.048,                                1019.103,
8/29/2026 9:37:00 AM ,  175020.000,                                  99.783,                                  24.951,                                1018.523,
8/29/2026 9:38:00 AM ,  175080.000,                                  99.835,                                  24.902,                                1019.055,
8/29/2026 9:39:00 AM ,  175140.000,                                  99.899,                                  25.048,                                1019.705,
8/29/2026 9:40:00 AM ,  175200.000,                                  99.851,                                  25.048,                                1019.213,
8/29/2026 9:41:00 AM ,  175260.000,                                  99.889,                                  24.902,                                1019.602,
8/29/2026 9:42:00 AM ,  175320.000,                                  99.881,                                  24.999,                                1019.525,
8/29/2026 9:43:00 AM ,  175380.000,                                  99.867,                                  24.902,                                1019.383,
8/29/2026 9:44:00 AM ,  175440.000,                                  99.867,                                  24.902,                                1019.383,
8/29/2026 9:45:00 AM ,  175500.000,                                  99.878,                                  24.902,                                1019.493,
8/29/2026 9:46:00 AM ,  175560.000,                                  99.821,                                  24.804,                                1018.913,
8/29/2026 9:47:00 AM ,  175620.000,                                  99.809,                                  24.755,                                1018.787,
8/29/2026 9:48:00 AM ,  175680.000,                                  99.886,                                  24.804,                                1019.570,
8/29/2026 9:49:00 AM ,  175740.000,                                  99.804,                                  24.755,                                1018.732,
8/29/2026 9:50:00 AM ,  175800.000,                                  99.820,                                  24.755,                                1018.897,
8/29/2026 9:51:00 AM ,  175860.000,                                  99.836,                                  24.755,                                1019.061,
8/29/2026 9:52:00 AM ,  175920.000,                                  99.883,                                  24.706,                                1019.538,
8/29/2026 9:53:00 AM ,  175980.000,                                  99.830,                                  24.755,                                1019.007,
8/29/2026 9:54:00 AM ,  176040.000,                                  99.847,                                  24.755,                                1019.171,
8/29/2026 9:55:00 AM ,  176100.000,                                  99.842,                                  24.608,                                1019.123,
8/29/2026 9:56:00 AM ,  176160.000,                                  99.870,                                  24.657,                                1019.413,
8/29/2026 9:57:00 AM ,  176220.000,                                  99.863,                                  24.608,                                1019.341,
8/29/2026 9:58:00 AM ,  176280.000,                                  99.879,                                  24.608,                                1019.506,
8/29/2026 9:59:00 AM ,  176340.000,                                  99.889,                                  24.559,                                1019.599,
8/29/2026 10:00:00 AM,  176400.000,                                  99.862,                                  24.559,                                1019.325,
8/29/2026 10:01:00 AM,  176460.000,                                  99.862,                                  24.559,                                1019.325,
8/29/2026 10:02:00 AM,  176520.000,                                  99.926,                                  24.559,                                1019.983,
8/29/2026 10:03:00 AM,  176580.000,                                  99.882,                                  24.510,                                1019.528,
8/29/2026 10:04:00 AM,  176640.000,                                  99.898,                                  24.510,                                1019.693,
8/29/2026 10:05:00 AM,  176700.000,                                  99.898,                                  24.510,                                1019.693,
8/29/2026 10:06:00 AM,  176760.000,                                  99.939,                                  24.461,                                1020.115,
8/29/2026 10:07:00 AM,  176820.000,                                  99.918,                                  24.461,                                1019.896,
8/29/2026 10:08:00 AM,  176880.000,                                  99.921,                                  24.412,                                1019.934,
8/29/2026 10:09:00 AM,  176940.000,                                  99.885,                                  24.461,                                1019.567,
8/29/2026 10:10:00 AM,  177000.000,                                  99.909,                                  24.363,                                1019.809,
8/29/2026 10:11:00 AM,  177060.000,                                  99.891,                                  24.314,                                1019.628,
8/29/2026 10:12:00 AM,  177120.000,                                  99.891,                                  24.314,                                1019.628,
8/29/2026 10:13:00 AM,  177180.000,                                  99.902,                                  24.314,                                1019.738,
8/29/2026 10:14:00 AM,  177240.000,                                  99.855,                                  24.363,                                1019.261,
8/29/2026 10:15:00 AM,  177300.000,                                  99.945,                                  24.314,                                1020.176,
8/29/2026 10:16:00 AM,  177360.000,                                  99.891,                                  24.314,                                1019.628,
8/29/2026 10:17:00 AM,  177420.000,                                  99.879,                                  24.265,                                1019.503,
8/29/2026 10:18:00 AM,  177480.000,                                  99.890,                                  24.265,                                1019.612,
8/29/2026 10:19:00 AM,  177540.000,                                  99.902,                                  24.314,                                1019.738,
8/29/2026 10:20:00 AM,  177600.000,                                  99.918,                                  24.314,                                1019.902,
8/29/2026 10:21:00 AM,  177660.000,                                 100.032,                                  24.167,                                1021.059,
8/29/2026 10:22:00 AM,  177720.000,                                 100.092,                                  24.216,                                1021.677,
8/29/2026 10:23:00 AM,  177780.000,                                 100.233,                                  24.265,                                1023.117,
8/29/2026 10:24:00 AM,  177840.000,                                 100.450,                                  24.167,                                1025.330,
8/29/2026 10:25:00 AM,  177900.000,                                 100.600,                                  24.167,                                1026.864,
8/29/2026 10:26:00 AM,  177960.000,                                 100.529,                                  24.118,                                1026.136,
8/29/2026 10:27:00 AM,  178020.000,                                 100.584,                                  24.167,                                1026.700,
8/29/2026 10:28:00 AM,  178080.000,                                 100.572,                                  24.118,                                1026.574,
8/29/2026 10:29:00 AM,  178140.000,                                 100.566,                                  24.118,                                1026.519,
8/29/2026 10:30:00 AM,  178200.000,                                 100.642,                                  24.118,                                1027.286,
8/29/2026 10:31:00 AM,  178260.000,                                 100.658,                                  24.118,                                1027.450,
8/29/2026 10:32:00 AM,  178320.000,                                 100.742,                                  24.069,                                1028.310,
8/29/2026 10:33:00 AM,  178380.000,                                 100.743,                                  24.118,                                1028.326,
8/29/2026 10:34:00 AM,  178440.000,                                 100.848,                                  24.019,                                1029.389,
8/29/2026 10:35:00 AM,  178500.000,                                 101.023,                                  23.970,                                1031.180,
8/29/2026 10:36:00 AM,  178560.000,                                 101.034,                                  23.970,                                1031.290,
8/29/2026 10:37:00 AM,  178620.000,                                 100.451,                                  24.019,                                1025.336,
8/29/2026 10:38:00 AM,  178680.000,                                  99.675,                                  23.921,                                1017.419,
8/29/2026 10:39:00 AM,  178740.000,                                  98.959,                                  24.019,                                1010.113,
8/29/2026 10:40:00 AM,  178800.000,                                  98.666,                                  23.921,                                1007.125,
8/29/2026 10:41:00 AM,  178860.000,                                  98.618,                                  23.921,                                1006.632,
8/29/2026 10:42:00 AM,  178920.000,                                  98.661,                                  23.921,                                1007.070,
8/29/2026 10:43:00 AM,  178980.000,                                  98.672,                                  23.921,                                1007.179,
8/29/2026 10:44:00 AM,  179040.000,                                  98.654,                                  23.872,                                1006.999,
8/29/2026 10:45:00 AM,  179100.000,                                  98.659,                                  23.872,                                1007.054,
8/29/2026 10:46:00 AM,  179160.000,                                  98.653,                                  23.823,                                1006.983,
8/29/2026 10:47:00 AM,  179220.000,                                  98.630,                                  23.774,                                1006.748,
8/29/2026 10:48:00 AM,  179280.000,                                  98.672,                                  23.774,                                1007.186,
8/29/2026 10:49:00 AM,  179340.000,                                  98.619,                                  23.774,                                1006.639,
8/29/2026 10:50:00 AM,  179400.000,                                  98.646,                                  23.774,                                1006.913,
8/29/2026 10:51:00 AM,  179460.000,                                  98.664,                                  23.675,                                1007.100,
8/29/2026 10:52:00 AM,  179520.000,                                  98.632,                                  23.675,                                1006.771,
8/29/2026 10:53:00 AM,  179580.000,                                  98.644,                                  23.725,                                1006.897,
8/29/2026 10:54:00 AM,  179640.000,                                  98.664,                                  23.675,                                1007.100,
8/29/2026 10:55:00 AM,  179700.000,                                  98.673,                                  23.626,                                1007.193,
8/29/2026 10:56:00 AM,  179760.000,                                  98.675,                                  23.675,                                1007.209,
8/29/2026 10:57:00 AM,  179820.000,                                  98.673,                                  23.626,                                1007.193,
8/29/2026 10:58:00 AM,  179880.000,                                  98.652,                                  23.626,                                1006.974,
8/29/2026 10:59:00 AM,  179940.000,                                  98.657,                                  23.626,                                1007.029,
8/29/2026 11:00:00 AM,  180000.000,                                  98.596,                                  23.577,                                1006.411,
8/29/2026 11:01:00 AM,  180060.000,                                  98.661,                                  23.577,                                1007.068,
8/29/2026 11:02:00 AM,  180120.000,                                  98.639,                                  23.577,                                1006.849,
8/29/2026 11:03:00 AM,  180180.000,                                  98.622,                                  23.528,                                1006.669,
8/29/2026 11:04:00 AM,  180240.000,                                  98.611,                                  23.528,                                1006.559,
8/29/2026 11:05:00 AM,  180300.000,                                  98.632,                                  23.528,                                1006.778,
8/29/2026 11:06:00 AM,  180360.000,                                  98.615,                                  23.479,                                1006.598,
8/29/2026 11:07:00 AM,  180420.000,                                  98.595,                                  23.528,                                1006.395,
8/29/2026 11:08:00 AM,  180480.000,                                  98.647,                                  23.479,                                1006.927,
8/29/2026 11:09:00 AM,  180540.000,                                  98.631,                                  23.479,                                1006.762,
8/29/2026 11:10:00 AM,  180600.000,                                  98.604,                                  23.479,                                1006.489,
8/29/2026 11:11:00 AM,  180660.000,                                  98.668,                                  23.479,                                1007.146,
8/29/2026 11:12:00 AM,  180720.000,                                  98.599,                                  23.479,                                1006.434,
8/29/2026 11:13:00 AM,  180780.000,                                  98.576,                                  23.430,                                1006.199,
8/29/2026 11:14:00 AM,  180840.000,                                  98.586,                                  23.430,                                1006.308,
8/29/2026 11:15:00 AM,  180900.000,                                  98.608,                                  23.430,                                1006.528,
8/29/2026 11:16:00 AM,  180960.000,                                  98.624,                                  23.430,                                1006.692,
8/29/2026 11:17:00 AM,  181020.000,                                  98.622,                                  23.380,                                1006.676,
8/29/2026 11:18:00 AM,  181080.000,                                  98.601,                                  23.380,                                1006.457,
8/29/2026 11:19:00 AM,  181140.000,                                  98.574,                                  23.380,                                1006.183,
8/29/2026 11:20:00 AM,  181200.000,                                  98.628,                                  23.380,                                1006.730,
8/29/2026 11:21:00 AM,  181260.000,                                  98.617,                                  23.380,                                1006.621,
8/29/2026 11:22:00 AM,  181320.000,                                  98.580,                                  23.380,                                1006.238,
8/29/2026 11:23:00 AM,  181380.000,                                  98.596,                                  23.380,                                1006.402,
8/29/2026 11:24:00 AM,  181440.000,                                  98.574,                                  23.380,                                1006.183,
8/29/2026 11:25:00 AM,  181500.000,                                  98.542,                                  23.380,                                1005.855,
8/29/2026 11:26:00 AM,  181560.000,                                  98.794,                                  23.380,                                1008.428,
8/29/2026 11:27:00 AM,  181620.000,                                  99.436,                                  23.331,                                1014.982,
8/29/2026 11:28:00 AM,  181680.000,                                 100.198,                                  23.331,                                1022.756,
8/29/2026 11:29:00 AM,  181740.000,                                 100.879,                                  23.331,                                1029.710,
8/29/2026 11:30:00 AM,  181800.000,                                 101.019,                                  23.331,                                1031.134,
8/29/2026 11:31:00 AM,  181860.000,                                 101.045,                                  23.331,                                1031.408,
8/29/2026 11:32:00 AM,  181920.000,                                 100.976,                                  23.331,                                1030.695,
8/29/2026 11:33:00 AM,  181980.000,                                 101.054,                                  23.282,                                1031.501,
8/29/2026 11:34:00 AM,  182040.000,                                 101.045,                                  23.331,                                1031.408,
8/29/2026 11:35:00 AM,  182100.000,                                 100.979,                                  23.282,                                1030.734,
8/29/2026 11:36:00 AM,  182160.000,                                 100.974,                                  23.282,                                1030.679,
8/29/2026 11:37:00 AM,  182220.000,                                 101.015,                                  23.233,                                1031.101,
8/29/2026 11:38:00 AM,  182280.000,                                 101.021,                                  23.233,                                1031.156,
8/29/2026 11:39:00 AM,  182340.000,                                 100.972,                                  23.233,                                1030.663,
8/29/2026 11:40:00 AM,  182400.000,                                 101.017,                                  23.282,                                1031.117,
8/29/2026 11:41:00 AM,  182460.000,                                 101.080,                                  23.233,                                1031.758,
8/29/2026 11:42:00 AM,  182520.000,                                 101.048,                                  23.233,                                1031.430,
8/29/2026 11:43:00 AM,  182580.000,                                 101.064,                                  23.233,                                1031.594,
8/29/2026 11:44:00 AM,  182640.000,                                 101.046,                                  23.183,                                1031.413,
8/29/2026 11:45:00 AM,  182700.000,                                 101.083,                                  23.183,                                1031.797,
8/29/2026 11:46:00 AM,  182760.000,                                 101.039,                                  23.134,                                1031.343,
8/29/2026 11:47:00 AM,  182820.000,                                 101.066,                                  23.134,                                1031.616,
8/29/2026 11:48:00 AM,  182880.000,                                 101.060,                                  23.134,                                1031.562,
8/29/2026 11:49:00 AM,  182940.000,                                 101.062,                                  23.183,                                1031.578,
8/29/2026 11:50:00 AM,  183000.000,                                 101.008,                                  23.183,                                1031.030,
8/29/2026 11:51:00 AM,  183060.000,                                 101.082,                                  23.134,                                1031.781,
8/29/2026 11:52:00 AM,  183120.000,                                 101.018,                                  23.134,                                1031.123,
8/29/2026 11:53:00 AM,  183180.000,                                 101.039,                                  23.134,                                1031.343,
8/29/2026 11:54:00 AM,  183240.000,                                 101.000,                                  23.085,                                1030.943,
8/29/2026 11:55:00 AM,  183300.000,                                 100.994,                                  23.085,                                1030.888,
8/29/2026 11:56:00 AM,  183360.000,                                 101.005,                                  23.085,                                1030.998,
8/29/2026 11:57:00 AM,  183420.000,                                 101.027,                                  23.085,                                1031.217,
8/29/2026 11:58:00 AM,  183480.000,                                 100.993,                                  23.035,                                1030.872,
8/29/2026 11:59:00 AM,  183540.000,                                 101.009,                                  23.035,                                1031.036,
8/29/2026 12:00:00 PM,  183600.000,                                 100.988,                                  23.035,                                1030.817,
8/29/2026 12:01:00 PM,  183660.000,                                 100.977,                                  23.035,                                1030.708,
8/29/2026 12:02:00 PM,  183720.000,                                 101.025,                                  23.035,                                1031.201,
8/29/2026 12:03:00 PM,  183780.000,                                 100.988,                                  23.035,                                1030.817,
8/29/2026 12:04:00 PM,  183840.000,                                 100.988,                                  23.035,                                1030.817,
8/29/2026 12:05:00 PM,  183900.000,                                 100.975,                                  22.986,                                1030.692,
8/29/2026 12:06:00 PM,  183960.000,                                 100.975,                                  22.986,                                1030.692,
8/29/2026 12:07:00 PM,  184020.000,                                 101.007,                                  22.986,                                1031.020,
8/29/2026 12:08:00 PM,  184080.000,                                 100.954,                                  22.986,                                1030.473,
8/29/2026 12:09:00 PM,  184140.000,                                 101.029,                                  22.986,                                1031.239,
8/29/2026 12:10:00 PM,  184200.000,                                 100.964,                                  22.986,                                1030.582,
8/29/2026 12:11:00 PM,  184260.000,                                 100.964,                                  22.986,                                1030.582,
8/29/2026 12:12:00 PM,  184320.000,                                 101.018,                                  22.986,                                1031.130,
8/29/2026 12:13:00 PM,  184380.000,                                 100.991,                                  22.986,                                1030.856,
8/29/2026 12:14:00 PM,  184440.000,                                 100.991,                                  22.986,                                1030.856,
8/29/2026 12:15:00 PM,  184500.000,                                 101.007,                                  22.986,                                1031.020,
8/29/2026 12:16:00 PM,  184560.000,                                 100.954,                                  22.986,                                1030.473,
8/29/2026 12:17:00 PM,  184620.000,                                 101.002,                                  22.986,                                1030.965,
8/29/2026 12:18:00 PM,  184680.000,                                 100.986,                                  22.986,                                1030.801,
8/29/2026 12:19:00 PM,  184740.000,                                 100.986,                                  22.986,                                1030.801,
8/29/2026 12:20:00 PM,  184800.000,                                 101.017,                                  22.937,                                1031.113,
8/29/2026 12:21:00 PM,  184860.000,                                 101.027,                                  22.937,                                1031.223,
8/29/2026 12:22:00 PM,  184920.000,                                 101.011,                                  22.937,                                1031.058,
8/29/2026 12:23:00 PM,  184980.000,                                 100.963,                                  22.937,                                1030.566,
8/29/2026 12:24:00 PM,  185040.000,                                 100.975,                                  22.986,                                1030.692,
8/29/2026 12:25:00 PM,  185100.000,                                 100.975,                                  22.986,                                1030.692,
8/29/2026 12:26:00 PM,  185160.000,                                 100.968,                                  22.937,                                1030.621,
8/29/2026 12:27:00 PM,  185220.000,                                 100.986,                                  22.986,                                1030.801,
8/29/2026 12:28:00 PM,  185280.000,                                 101.000,                                  22.937,                                1030.949,
8/29/2026 12:29:00 PM,  185340.000,                                 100.972,                                  22.888,                                1030.659,
8/29/2026 12:30:00 PM,  185400.000,                                 101.011,                                  22.937,                                1031.058,
8/29/2026 12:31:00 PM,  185460.000,                                 101.017,                                  22.937,                                1031.113,
8/29/2026 12:32:00 PM,  185520.000,                                 101.038,                                  22.937,                                1031.332,
8/29/2026 12:33:00 PM,  185580.000,                                 100.967,                                  22.888,                                1030.604,
8/29/2026 12:34:00 PM,  185640.000,                                 100.990,                                  22.937,                                1030.840,
8/29/2026 12:35:00 PM,  185700.000,                                 101.000,                                  22.937,                                1030.949,
8/29/2026 12:36:00 PM,  185760.000,                                 100.941,                                  22.937,                                1030.347,
8/29/2026 12:37:00 PM,  185820.000,                                 101.006,                                  22.937,                                1031.004,
8/29/2026 12:38:00 PM,  185880.000,                                 100.990,                                  22.937,                                1030.840,
8/29/2026 12:39:00 PM,  185940.000,                                 100.990,                                  22.937,                                1030.840,
8/29/2026 12:40:00 PM,  186000.000,                                 100.974,                                  22.937,                                1030.675,
8/29/2026 12:41:00 PM,  186060.000,                                 100.968,                                  22.937,                                1030.621,
8/29/2026 12:42:00 PM,  186120.000,                                 100.990,                                  22.937,                                1030.840,
8/29/2026 12:43:00 PM,  186180.000,                                 100.941,                                  22.937,                                1030.347,
8/29/2026 12:44:00 PM,  186240.000,                                 100.947,                                  22.937,                                1030.401,
8/29/2026 12:45:00 PM,  186300.000,                                 100.974,                                  22.937,                                1030.675,
8/29/2026 12:46:00 PM,  186360.000,                                 100.975,                                  22.986,                                1030.692,
8/29/2026 12:47:00 PM,  186420.000,                                 101.011,                                  22.937,                                1031.058,
8/29/2026 12:48:00 PM,  186480.000,                                 100.954,                                  22.986,                                1030.473,
8/29/2026 12:49:00 PM,  186540.000,                                 101.000,                                  22.937,                                1030.949,
8/29/2026 12:50:00 PM,  186600.000,                                 101.000,                                  22.937,                                1030.949,
8/29/2026 12:51:00 PM,  186660.000,                                 100.990,                                  22.937,                                1030.840,
8/29/2026 12:52:00 PM,  186720.000,                                 100.954,                                  22.986,                                1030.473,
8/29/2026 12:53:00 PM,  186780.000,                                 100.954,                                  22.986,                                1030.473,
8/29/2026 12:54:00 PM,  186840.000,                                 100.964,                                  22.986,                                1030.582,
8/29/2026 12:55:00 PM,  186900.000,                                 100.970,                                  22.986,                                1030.637,
8/29/2026 12:56:00 PM,  186960.000,                                 100.954,                                  22.986,                                1030.473,
8/29/2026 12:57:00 PM,  187020.000,                                 100.968,                                  22.937,                                1030.621,
8/29/2026 12:58:00 PM,  187080.000,                                 100.943,                                  22.986,                                1030.363,
8/29/2026 12:59:00 PM,  187140.000,                                 100.964,                                  22.986,                                1030.582,
8/29/2026 1:00:00 PM ,  187200.000,                                 100.954,                                  22.986,                                1030.473,

