Report Date:,8/31/2026 10:25:30 AM
Report User Name:,masa
Report Computer Name:,MASASR2023
Application:,WinSitu.exe
Application Version:,5.7.8.0


Log File Properties
File Name,water50m_2026-08-31_10-21-08-669.wsl
Create Date,8/31/2026 10:21:01 AM

Device Properties
Device,Rugged TROLL 100
Site,Hakone
Device Name, 
Serial Number,639194
Firmware Version,1.04
Hardware Version,0
Device Address,1
Device Comm Cfg,19200,8,Even,1,(Modbus-RTU)
Used Memory,0
Used Battery,53

Log Configuration
,Log Name,water50m
,Created By,masa
,Computer Name,MASASR2023
,Application,WinSitu.exe
,Application Version,5.7.8.0
,Log Setup Time Zone,Unknown
,Notes Size(bytes),4096
,Overwrite when full,Disabled
,Type,Linear
 ,Duration,Days: 2 hrs: 04 mins: 00 secs: 00 
 ,Interval,Days: 0 hrs: 00 mins: 01 secs: 00



Level Reference Settings At Log Creation
,        Level Measurement Mode,Depth
,              Specific Gravity,0.999


Other Log Settings
,Depth of Probe:,1028.56 (cm)
,Head Pressure:,100.766 (kPa)
,Temperature:,25.797 (C)



Log Notes:
Date and Time,Note
8/25/2026 1:10:32 PM ,Used Battery: 53% Used Memory: 3%   User Name: masa


Log Data:
Record Count,3121

Sensors,1

 ,1,639194,Pressure/Temp PSIA (9m/30ft)



,,Sensor: Pres(A) 30ft                    ,Sensor: Pres(A) 30ft                    ,Sensor: Pres(A) 30ft                    ,
,Elapsed Time,SN#: 639194                             ,SN#: 639194                             ,SN#: 639194                             ,
Date and Time,Seconds     ,Pressure (kPa)                          ,Temperature (C)                         ,Depth (cm)                              ,
8/27/2026 9:00:00 AM ,       0.000,                                  99.722,                                  25.894,                                1017.896,
8/27/2026 9:01:00 AM ,      60.001,                                  99.755,                                  25.894,                                1018.241,
8/27/2026 9:02:00 AM ,     120.001,                                  99.741,                                  25.894,                                1018.094,
8/27/2026 9:03:00 AM ,     180.001,                                  99.829,                                  25.942,                                1018.990,
8/27/2026 9:04:00 AM ,     240.001,                                  99.949,                                  25.942,                                1020.221,
8/27/2026 9:05:00 AM ,     300.001,                                  99.959,                                  25.942,                                1020.319,
8/27/2026 9:06:00 AM ,     360.001,                                  99.983,                                  25.942,                                1020.565,
8/27/2026 9:07:00 AM ,     420.001,                                  99.878,                                  25.990,                                1019.493,
8/27/2026 9:08:00 AM ,     480.001,                                  99.738,                                  25.990,                                1018.065,
8/27/2026 9:09:00 AM ,     540.001,                                  99.748,                                  25.990,                                1018.164,
8/27/2026 9:10:00 AM ,     600.001,                                  99.744,                                  26.038,                                1018.125,
8/27/2026 9:11:00 AM ,     660.001,                                  99.709,                                  25.990,                                1017.770,
8/27/2026 9:12:00 AM ,     720.001,                                  99.725,                                  26.038,                                1017.928,
8/27/2026 9:13:00 AM ,     780.001,                                  99.735,                                  26.086,                                1018.037,
8/27/2026 9:14:00 AM ,     840.001,                                  99.732,                                  26.135,                                1017.999,
8/27/2026 9:15:00 AM ,     900.001,                                  99.738,                                  26.183,                                1018.058,
8/27/2026 9:16:00 AM ,     960.001,                                  99.743,                                  26.231,                                1018.118,
8/27/2026 9:17:00 AM ,    1020.001,                                  99.736,                                  26.327,                                1018.041,
8/27/2026 9:18:00 AM ,    1080.001,                                  99.742,                                  26.375,                                1018.100,
8/27/2026 9:19:00 AM ,    1140.001,                                  99.719,                                  26.423,                                1017.864,
8/27/2026 9:20:00 AM ,    1200.001,                                  99.692,                                  26.520,                                1017.590,
8/27/2026 9:21:00 AM ,    1260.001,                                  99.737,                                  26.616,                                1018.054,
8/27/2026 9:22:00 AM ,    1320.001,                                  99.738,                                  26.664,                                1018.064,
8/27/2026 9:23:00 AM ,    1380.001,                                  99.759,                                  26.760,                                1018.282,
8/27/2026 9:24:00 AM ,    1440.001,                                  99.727,                                  26.808,                                1017.948,
8/27/2026 9:25:00 AM ,    1500.001,                                  99.724,                                  26.904,                                1017.919,
8/27/2026 9:26:00 AM ,    1560.001,                                  99.739,                                  26.952,                                1018.077,
8/27/2026 9:27:00 AM ,    1620.001,                                  99.739,                                  26.952,                                1018.077,
8/27/2026 9:28:00 AM ,    1680.001,                                  99.732,                                  27.048,                                1017.999,
8/27/2026 9:29:00 AM ,    1740.001,                                  99.756,                                  27.048,                                1018.246,
8/27/2026 9:30:00 AM ,    1800.001,                                  99.772,                                  27.144,                                1018.414,
8/27/2026 9:31:00 AM ,    1860.001,                                  99.735,                                  27.192,                                1018.030,
8/27/2026 9:32:00 AM ,    1920.001,                                  99.774,                                  27.240,                                1018.435,
8/27/2026 9:33:00 AM ,    1980.001,                                  99.761,                                  27.288,                                1018.297,
8/27/2026 9:34:00 AM ,    2040.001,                                  99.738,                                  27.336,                                1018.061,
8/27/2026 9:35:00 AM ,    2100.001,                                  99.773,                                  27.384,                                1018.416,
8/27/2026 9:36:00 AM ,    2160.001,                                  99.764,                                  27.432,                                1018.328,
8/27/2026 9:37:00 AM ,    2220.001,                                  99.760,                                  27.480,                                1018.289,
8/27/2026 9:38:00 AM ,    2280.001,                                  99.751,                                  27.528,                                1018.201,
8/27/2026 9:39:00 AM ,    2340.001,                                  99.752,                                  27.575,                                1018.211,
8/27/2026 9:40:00 AM ,    2400.001,                                  99.762,                                  27.575,                                1018.309,
8/27/2026 9:41:00 AM ,    2460.001,                                  99.763,                                  27.623,                                1018.320,
8/27/2026 9:42:00 AM ,    2520.001,                                  99.745,                                  27.671,                                1018.132,
8/27/2026 9:43:00 AM ,    2580.001,                                  99.751,                                  27.719,                                1018.192,
8/27/2026 9:44:00 AM ,    2640.001,                                  99.771,                                  27.767,                                1018.399,
8/27/2026 9:45:00 AM ,    2700.001,                                  99.767,                                  27.815,                                1018.360,
8/27/2026 9:46:00 AM ,    2760.001,                                  99.748,                                  27.815,                                1018.163,
8/27/2026 9:47:00 AM ,    2820.001,                                  99.754,                                  27.863,                                1018.222,
8/27/2026 9:48:00 AM ,    2880.001,                                  99.745,                                  27.911,                                1018.134,
8/27/2026 9:49:00 AM ,    2940.001,                                  99.741,                                  27.958,                                1018.094,
8/27/2026 9:50:00 AM ,    3000.001,                                  99.752,                                  28.006,                                1018.203,
8/27/2026 9:51:00 AM ,    3060.001,                                  99.737,                                  28.006,                                1018.055,
8/27/2026 9:52:00 AM ,    3120.001,                                  99.738,                                  28.054,                                1018.065,
8/27/2026 9:53:00 AM ,    3180.001,                                  99.749,                                  28.102,                                1018.174,
8/27/2026 9:54:00 AM ,    3240.001,                                  99.710,                                  28.102,                                1017.780,
8/27/2026 9:55:00 AM ,    3300.001,                                  99.721,                                  28.150,                                1017.888,
8/27/2026 9:56:00 AM ,    3360.001,                                  99.741,                                  28.197,                                1018.095,
8/27/2026 9:57:00 AM ,    3420.001,                                  99.747,                                  28.245,                                1018.155,
8/27/2026 9:58:00 AM ,    3480.001,                                  99.700,                                  28.293,                                1017.672,
8/27/2026 9:59:00 AM ,    3540.001,                                  99.719,                                  28.293,                                1017.869,
8/27/2026 10:00:00 AM,    3600.001,                                  99.720,                                  28.341,                                1017.879,
8/27/2026 10:01:00 AM,    3660.001,                                  99.706,                                  28.388,                                1017.741,
8/27/2026 10:02:00 AM,    3720.001,                                  99.711,                                  28.388,                                1017.790,
8/27/2026 10:03:00 AM,    3780.001,                                  99.688,                                  28.436,                                1017.554,
8/27/2026 10:04:00 AM,    3840.001,                                  99.699,                                  28.484,                                1017.662,
8/27/2026 10:05:00 AM,    3900.001,                                  99.713,                                  28.484,                                1017.810,
8/27/2026 10:06:00 AM,    3960.001,                                  99.696,                                  28.579,                                1017.633,
8/27/2026 10:07:00 AM,    4020.001,                                  99.734,                                  28.532,                                1018.017,
8/27/2026 10:08:00 AM,    4080.001,                                  99.710,                                  28.579,                                1017.781,
8/27/2026 10:09:00 AM,    4140.001,                                  99.696,                                  28.579,                                1017.633,
8/27/2026 10:10:00 AM,    4200.001,                                  99.731,                                  28.627,                                1017.988,
8/27/2026 10:11:00 AM,    4260.001,                                  99.716,                                  28.627,                                1017.840,
8/27/2026 10:12:00 AM,    4320.001,                                  99.683,                                  28.675,                                1017.505,
8/27/2026 10:13:00 AM,    4380.001,                                  99.722,                                  28.675,                                1017.899,
8/27/2026 10:14:00 AM,    4440.001,                                  99.713,                                  28.722,                                1017.810,
8/27/2026 10:15:00 AM,    4500.001,                                  99.708,                                  28.722,                                1017.761,
8/27/2026 10:16:00 AM,    4560.001,                                  99.709,                                  28.770,                                1017.771,
8/27/2026 10:17:00 AM,    4620.001,                                  99.709,                                  28.770,                                1017.771,
8/27/2026 10:18:00 AM,    4680.001,                                  99.701,                                  28.818,                                1017.682,
8/27/2026 10:19:00 AM,    4740.001,                                  99.734,                                  28.818,                                1018.027,
8/27/2026 10:20:00 AM,    4800.001,                                  99.710,                                  28.818,                                1017.781,
8/27/2026 10:21:00 AM,    4860.001,                                  99.697,                                  28.865,                                1017.643,
8/27/2026 10:22:00 AM,    4920.001,                                  99.693,                                  28.913,                                1017.603,
8/27/2026 10:23:00 AM,    4980.001,                                  99.698,                                  28.913,                                1017.652,
8/27/2026 10:24:00 AM,    5040.001,                                  99.683,                                  28.913,                                1017.504,
8/27/2026 10:25:00 AM,    5100.001,                                  99.684,                                  28.961,                                1017.514,
8/27/2026 10:26:00 AM,    5160.001,                                  99.694,                                  28.961,                                1017.613,
8/27/2026 10:27:00 AM,    5220.001,                                  99.704,                                  28.961,                                1017.711,
8/27/2026 10:28:00 AM,    5280.001,                                  99.671,                                  29.008,                                1017.376,
8/27/2026 10:29:00 AM,    5340.001,                                  99.709,                                  29.008,                                1017.770,
8/27/2026 10:30:00 AM,    5400.001,                                  99.695,                                  29.008,                                1017.622,
8/27/2026 10:31:00 AM,    5460.001,                                  99.705,                                  29.056,                                1017.731,
8/27/2026 10:32:00 AM,    5520.001,                                  99.672,                                  29.056,                                1017.386,
8/27/2026 10:33:00 AM,    5580.001,                                  99.667,                                  29.056,                                1017.337,
8/27/2026 10:34:00 AM,    5640.001,                                  99.716,                                  29.103,                                1017.839,
8/27/2026 10:35:00 AM,    5700.001,                                  99.702,                                  29.103,                                1017.691,
8/27/2026 10:36:00 AM,    5760.001,                                  99.687,                                  29.103,                                1017.543,
8/27/2026 10:37:00 AM,    5820.001,                                  99.687,                                  29.103,                                1017.543,
8/27/2026 10:38:00 AM,    5880.001,                                  99.687,                                  29.103,                                1017.543,
8/27/2026 10:39:00 AM,    5940.001,                                  99.677,                                  29.103,                                1017.445,
8/27/2026 10:40:00 AM,    6000.001,                                  99.653,                                  29.103,                                1017.199,
8/27/2026 10:41:00 AM,    6060.001,                                  99.703,                                  29.151,                                1017.701,
8/27/2026 10:42:00 AM,    6120.001,                                  99.688,                                  29.151,                                1017.553,
8/27/2026 10:43:00 AM,    6180.001,                                  99.683,                                  29.151,                                1017.504,
8/27/2026 10:44:00 AM,    6240.001,                                  99.664,                                  29.151,                                1017.307,
8/27/2026 10:45:00 AM,    6300.001,                                  99.683,                                  29.151,                                1017.504,
8/27/2026 10:46:00 AM,    6360.001,                                  99.683,                                  29.151,                                1017.504,
8/27/2026 10:47:00 AM,    6420.001,                                  99.688,                                  29.151,                                1017.553,
8/27/2026 10:48:00 AM,    6480.001,                                  99.674,                                  29.151,                                1017.405,
8/27/2026 10:49:00 AM,    6540.001,                                  99.674,                                  29.151,                                1017.405,
8/27/2026 10:50:00 AM,    6600.001,                                  99.677,                                  29.103,                                1017.445,
8/27/2026 10:51:00 AM,    6660.001,                                  99.655,                                  29.199,                                1017.218,
8/27/2026 10:52:00 AM,    6720.001,                                  99.649,                                  29.151,                                1017.159,
8/27/2026 10:53:00 AM,    6780.001,                                  99.665,                                  29.199,                                1017.316,
8/27/2026 10:54:00 AM,    6840.001,                                  99.660,                                  29.199,                                1017.267,
8/27/2026 10:55:00 AM,    6900.001,                                  99.679,                                  29.199,                                1017.464,
8/27/2026 10:56:00 AM,    6960.001,                                  99.665,                                  29.199,                                1017.316,
8/27/2026 10:57:00 AM,    7020.001,                                  99.656,                                  29.246,                                1017.227,
8/27/2026 10:58:00 AM,    7080.001,                                  99.656,                                  29.246,                                1017.227,
8/27/2026 10:59:00 AM,    7140.001,                                  99.680,                                  29.246,                                1017.474,
8/27/2026 11:00:00 AM,    7200.001,                                  99.662,                                  29.294,                                1017.286,
8/27/2026 11:01:00 AM,    7260.001,                                  99.686,                                  29.294,                                1017.533,
8/27/2026 11:02:00 AM,    7320.001,                                  99.633,                                  29.294,                                1016.991,
8/27/2026 11:03:00 AM,    7380.001,                                  99.653,                                  29.341,                                1017.198,
8/27/2026 11:04:00 AM,    7440.001,                                  99.664,                                  29.389,                                1017.306,
8/27/2026 11:05:00 AM,    7500.001,                                  99.678,                                  29.389,                                1017.453,
8/27/2026 11:06:00 AM,    7560.001,                                  99.645,                                  29.389,                                1017.109,
8/27/2026 11:07:00 AM,    7620.001,                                  99.655,                                  29.436,                                1017.217,
8/27/2026 11:08:00 AM,    7680.001,                                  99.641,                                  29.436,                                1017.069,
8/27/2026 11:09:00 AM,    7740.001,                                  99.656,                                  29.484,                                1017.226,
8/27/2026 11:10:00 AM,    7800.001,                                  99.638,                                  29.532,                                1017.039,
8/27/2026 11:11:00 AM,    7860.001,                                  99.660,                                  29.674,                                1017.264,
8/27/2026 11:12:00 AM,    7920.001,                                  99.654,                                  29.864,                                1017.204,
8/27/2026 11:13:00 AM,    7980.001,                                  99.623,                                  30.006,                                1016.887,
8/27/2026 11:14:00 AM,    8040.001,                                  99.625,                                  30.386,                                1016.912,
8/27/2026 11:15:00 AM,    8100.001,                                  99.626,                                  30.670,                                1016.918,
8/27/2026 11:16:00 AM,    8160.001,                                  99.641,                                  30.717,                                1017.075,
8/27/2026 11:17:00 AM,    8220.001,                                 115.280,                                  30.433,                                1176.710,
8/27/2026 11:18:00 AM,    8280.001,                                 123.662,                                  28.293,                                1262.259,
8/27/2026 11:19:00 AM,    8340.001,                                 123.628,                                  26.520,                                1261.914,
8/27/2026 11:20:00 AM,    8400.001,                                 218.783,                                  25.362,                                2233.195,
8/27/2026 11:21:00 AM,    8460.001,                                 217.496,                                  24.879,                                2220.058,
8/27/2026 11:22:00 AM,    8520.001,                                 216.888,                                  24.636,                                2213.853,
8/27/2026 11:23:00 AM,    8580.001,                                 315.760,                                  24.636,                                3223.076,
8/27/2026 11:24:00 AM,    8640.001,                                 323.388,                                  25.266,                                3300.944,
8/27/2026 11:25:00 AM,    8700.001,                                -374.877,                                  26.375,                               -3826.510,
8/27/2026 11:26:00 AM,    8760.001,                                -375.202,                                  28.006,                               -3829.830,
8/27/2026 11:27:00 AM,    8820.001,                                -375.530,                                  29.769,                               -3833.174,
8/27/2026 11:28:00 AM,    8880.001,                                -375.951,                                  32.321,                               -3837.476,
8/27/2026 11:29:00 AM,    8940.001,                                -376.202,                                  34.104,                               -3840.031,
8/27/2026 11:30:00 AM,    9000.001,                                -376.354,                                  35.365,                               -3841.582,
8/27/2026 11:31:00 AM,    9060.001,                                -376.447,                                  36.249,                               -3842.534,
8/27/2026 11:32:00 AM,    9120.001,                                -376.508,                                  36.899,                               -3843.155,
8/27/2026 11:33:00 AM,    9180.001,                                -376.551,                                  37.409,                               -3843.597,
8/27/2026 11:34:00 AM,    9240.001,                                -376.580,                                  37.779,                               -3843.890,
8/27/2026 11:35:00 AM,    9300.001,                                -376.600,                                  38.056,                               -3844.096,
8/27/2026 11:36:00 AM,    9360.001,                                -376.616,                                  38.288,                               -3844.255,
8/27/2026 11:37:00 AM,    9420.001,                                -376.625,                                  38.426,                               -3844.347,
8/27/2026 11:38:00 AM,    9480.001,                                -376.630,                                  38.519,                               -3844.406,
8/27/2026 11:39:00 AM,    9540.001,                                -376.644,                                  38.749,                               -3844.547,
8/27/2026 11:40:00 AM,    9600.001,                                -376.650,                                  38.842,                               -3844.602,
8/27/2026 11:41:00 AM,    9660.001,                                -376.650,                                  38.842,                               -3844.602,
8/27/2026 11:42:00 AM,    9720.001,                                -376.655,                                  38.934,                               -3844.654,
8/27/2026 11:43:00 AM,    9780.001,                                -376.647,                                  38.796,                               -3844.574,
8/27/2026 11:44:00 AM,    9840.001,                                -376.657,                                  38.980,                               -3844.680,
8/27/2026 11:45:00 AM,    9900.001,                                -376.657,                                  38.980,                               -3844.680,
8/27/2026 11:46:00 AM,    9960.001,                                -376.657,                                  38.980,                               -3844.680,
8/27/2026 11:47:00 AM,   10020.001,                                -376.652,                                  38.888,                               -3844.628,
8/27/2026 11:48:00 AM,   10080.001,                                -376.662,                                  39.072,                               -3844.729,
8/27/2026 11:49:00 AM,   10140.001,                                -376.662,                                  39.072,                               -3844.729,
8/27/2026 11:50:00 AM,   10200.001,                                -376.669,                                  39.211,                               -3844.802,
8/27/2026 11:51:00 AM,   10260.001,                                -376.660,                                  39.026,                               -3844.705,
8/27/2026 11:52:00 AM,   10320.001,                                -376.664,                                  39.119,                               -3844.754,
8/27/2026 11:53:00 AM,   10380.001,                                -376.660,                                  39.026,                               -3844.705,
8/27/2026 11:54:00 AM,   10440.001,                                -376.660,                                  39.026,                               -3844.705,
8/27/2026 11:55:00 AM,   10500.001,                                -376.660,                                  39.026,                               -3844.705,
8/27/2026 11:56:00 AM,   10560.001,                                -376.660,                                  39.026,                               -3844.705,
8/27/2026 11:57:00 AM,   10620.001,                                -376.664,                                  39.119,                               -3844.754,
8/27/2026 11:58:00 AM,   10680.001,                                -376.667,                                  39.165,                               -3844.779,
8/27/2026 11:59:00 AM,   10740.001,                                -376.662,                                  39.072,                               -3844.729,
8/27/2026 12:00:00 PM,   10800.001,                                -376.662,                                  39.072,                               -3844.729,
8/27/2026 12:01:00 PM,   10860.001,                                -376.662,                                  39.072,                               -3844.729,
8/27/2026 12:02:00 PM,   10920.001,                                -376.669,                                  39.211,                               -3844.802,
8/27/2026 12:03:00 PM,   10980.001,                                -376.660,                                  39.026,                               -3844.705,
8/27/2026 12:04:00 PM,   11040.001,                                -376.664,                                  39.119,                               -3844.754,
8/27/2026 12:05:00 PM,   11100.001,                                -376.667,                                  39.165,                               -3844.779,
8/27/2026 12:06:00 PM,   11160.001,                                -376.664,                                  39.119,                               -3844.754,
8/27/2026 12:07:00 PM,   11220.001,                                -376.664,                                  39.119,                               -3844.754,
8/27/2026 12:08:00 PM,   11280.001,                                -376.662,                                  39.072,                               -3844.729,
8/27/2026 12:09:00 PM,   11340.001,                                -376.662,                                  39.072,                               -3844.729,
8/27/2026 12:10:00 PM,   11400.001,                                -376.664,                                  39.119,                               -3844.754,
8/27/2026 12:11:00 PM,   11460.001,                                -376.664,                                  39.119,                               -3844.754,
8/27/2026 12:12:00 PM,   11520.001,                                -376.660,                                  39.026,                               -3844.705,
8/27/2026 12:13:00 PM,   11580.001,                                -376.664,                                  39.119,                               -3844.754,
8/27/2026 12:14:00 PM,   11640.001,                                -376.662,                                  39.072,                               -3844.729,
8/27/2026 12:15:00 PM,   11700.001,                                -376.662,                                  39.072,                               -3844.729,
8/27/2026 12:16:00 PM,   11760.001,                                -376.669,                                  39.211,                               -3844.802,
8/27/2026 12:17:00 PM,   11820.001,                                -376.664,                                  39.119,                               -3844.754,
8/27/2026 12:18:00 PM,   11880.001,                                -376.664,                                  39.119,                               -3844.754,
8/27/2026 12:19:00 PM,   11940.001,                                -376.669,                                  39.211,                               -3844.802,
8/27/2026 12:20:00 PM,   12000.001,                                -376.669,                                  39.211,                               -3844.802,
8/27/2026 12:21:00 PM,   12060.001,                                -376.664,                                  39.119,                               -3844.754,
8/27/2026 12:22:00 PM,   12120.001,                                -376.660,                                  39.026,                               -3844.705,
8/27/2026 12:23:00 PM,   12180.001,                                -376.664,                                  39.119,                               -3844.754,
8/27/2026 12:24:00 PM,   12240.001,                                -376.664,                                  39.119,                               -3844.754,
8/27/2026 12:25:00 PM,   12300.001,                                -376.662,                                  39.072,                               -3844.729,
8/27/2026 12:26:00 PM,   12360.001,                                -376.664,                                  39.119,                               -3844.754,
8/27/2026 12:27:00 PM,   12420.001,                                -376.664,                                  39.119,                               -3844.754,
8/27/2026 12:28:00 PM,   12480.001,                                -376.660,                                  39.026,                               -3844.705,
8/27/2026 12:29:00 PM,   12540.001,                                -376.662,                                  39.072,                               -3844.729,
8/27/2026 12:30:00 PM,   12600.001,                                -376.662,                                  39.072,                               -3844.729,
8/27/2026 12:31:00 PM,   12660.001,                                -376.662,                                  39.072,                               -3844.729,
8/27/2026 12:32:00 PM,   12720.001,                                -376.664,                                  39.119,                               -3844.754,
8/27/2026 12:33:00 PM,   12780.001,                                -376.664,                                  39.119,                               -3844.754,
8/27/2026 12:34:00 PM,   12840.001,                                -376.662,                                  39.072,                               -3844.729,
8/27/2026 12:35:00 PM,   12900.001,                                -376.662,                                  39.072,                               -3844.729,
8/27/2026 12:36:00 PM,   12960.001,                                -376.664,                                  39.119,                               -3844.754,
8/27/2026 12:37:00 PM,   13020.001,                                -376.667,                                  39.165,                               -3844.779,
8/27/2026 12:38:00 PM,   13080.001,                                -376.662,                                  39.072,                               -3844.729,
8/27/2026 12:39:00 PM,   13140.001,                                -376.662,                                  39.072,                               -3844.729,
8/27/2026 12:40:00 PM,   13200.001,                                -376.664,                                  39.119,                               -3844.754,
8/27/2026 12:41:00 PM,   13260.001,                                -376.664,                                  39.119,                               -3844.754,
8/27/2026 12:42:00 PM,   13320.001,                                -376.662,                                  39.072,                               -3844.729,
8/27/2026 12:43:00 PM,   13380.001,                                -376.664,                                  39.119,                               -3844.754,
8/27/2026 12:44:00 PM,   13440.001,                                -376.662,                                  39.072,                               -3844.729,
8/27/2026 12:45:00 PM,   13500.001,                                -376.664,                                  39.119,                               -3844.754,
8/27/2026 12:46:00 PM,   13560.001,                                -376.662,                                  39.072,                               -3844.729,
8/27/2026 12:47:00 PM,   13620.001,                                -376.664,                                  39.119,                               -3844.754,
8/27/2026 12:48:00 PM,   13680.001,                                -376.662,                                  39.072,                               -3844.729,
8/27/2026 12:49:00 PM,   13740.001,                                -376.664,                                  39.119,                               -3844.754,
8/27/2026 12:50:00 PM,   13800.001,                                -376.664,                                  39.119,                               -3844.754,
8/27/2026 12:51:00 PM,   13860.001,                                -376.664,                                  39.119,                               -3844.754,
8/27/2026 12:52:00 PM,   13920.001,                                -376.664,                                  39.119,                               -3844.754,
8/27/2026 12:53:00 PM,   13980.001,                                -376.664,                                  39.119,                               -3844.754,
8/27/2026 12:54:00 PM,   14040.001,                                -376.664,                                  39.119,                               -3844.754,
8/27/2026 12:55:00 PM,   14100.001,                                -376.664,                                  39.119,                               -3844.754,
8/27/2026 12:56:00 PM,   14160.001,                                -376.662,                                  39.072,                               -3844.729,
8/27/2026 12:57:00 PM,   14220.001,                                -376.664,                                  39.119,                               -3844.754,
8/27/2026 12:58:00 PM,   14280.001,                                -376.664,                                  39.119,                               -3844.754,
8/27/2026 12:59:00 PM,   14340.001,                                -376.664,                                  39.119,                               -3844.754,
8/27/2026 1:00:00 PM ,   14400.001,                                -376.664,                                  39.119,                               -3844.754,
8/27/2026 1:01:00 PM ,   14460.001,                                -376.664,                                  39.119,                               -3844.754,
8/27/2026 1:02:00 PM ,   14520.001,                                -376.664,                                  39.119,                               -3844.754,
8/27/2026 1:03:00 PM ,   14580.001,                                -376.664,                                  39.119,                               -3844.754,
8/27/2026 1:04:00 PM ,   14640.001,                                -376.664,                                  39.119,                               -3844.754,
8/27/2026 1:05:00 PM ,   14700.001,                                -376.664,                                  39.119,                               -3844.754,
8/27/2026 1:06:00 PM ,   14760.001,                                -376.664,                                  39.119,                               -3844.754,
8/27/2026 1:07:00 PM ,   14820.001,                                -376.662,                                  39.072,                               -3844.729,
8/27/2026 1:08:00 PM ,   14880.001,                                -376.664,                                  39.119,                               -3844.754,
8/27/2026 1:09:00 PM ,   14940.001,                                -376.664,                                  39.119,                               -3844.754,
8/27/2026 1:10:00 PM ,   15000.001,                                -376.664,                                  39.119,                               -3844.754,
8/27/2026 1:11:00 PM ,   15060.001,                                -376.664,                                  39.119,                               -3844.754,
8/27/2026 1:12:00 PM ,   15120.001,                                -376.664,                                  39.119,                               -3844.754,
8/27/2026 1:13:00 PM ,   15180.001,                                -376.664,                                  39.119,                               -3844.754,
8/27/2026 1:14:00 PM ,   15240.001,                                -376.664,                                  39.119,                               -3844.754,
8/27/2026 1:15:00 PM ,   15300.001,                                -376.664,                                  39.119,                               -3844.754,
8/27/2026 1:16:00 PM ,   15360.001,                                -376.664,                                  39.119,                               -3844.754,
8/27/2026 1:17:00 PM ,   15420.001,                                -376.664,                                  39.119,                               -3844.754,
8/27/2026 1:18:00 PM ,   15480.001,                                -376.664,                                  39.119,                               -3844.754,
8/27/2026 1:19:00 PM ,   15540.001,                                -376.664,                                  39.119,                               -3844.754,
8/27/2026 1:20:00 PM ,   15600.001,                                -376.662,                                  39.072,                               -3844.729,
8/27/2026 1:21:00 PM ,   15660.001,                                -376.662,                                  39.072,                               -3844.729,
8/27/2026 1:22:00 PM ,   15720.001,                                -376.664,                                  39.119,                               -3844.754,
8/27/2026 1:23:00 PM ,   15780.001,                                -376.664,                                  39.119,                               -3844.754,
8/27/2026 1:24:00 PM ,   15840.001,                                -376.664,                                  39.119,                               -3844.754,
8/27/2026 1:25:00 PM ,   15900.001,                                -376.664,                                  39.119,                               -3844.754,
8/27/2026 1:26:00 PM ,   15960.001,                                -376.664,                                  39.119,                               -3844.754,
8/27/2026 1:27:00 PM ,   16020.001,                                -376.664,                                  39.119,                               -3844.754,
8/27/2026 1:28:00 PM ,   16080.001,                                -376.664,                                  39.119,                               -3844.754,
8/27/2026 1:29:00 PM ,   16140.001,                                -376.664,                                  39.119,                               -3844.754,
8/27/2026 1:30:00 PM ,   16200.001,                                -376.664,                                  39.119,                               -3844.754,
8/27/2026 1:31:00 PM ,   16260.001,                                -376.664,                                  39.119,                               -3844.754,
8/27/2026 1:32:00 PM ,   16320.001,                                -376.664,                                  39.119,                               -3844.754,
8/27/2026 1:33:00 PM ,   16380.001,                                -376.664,                                  39.119,                               -3844.754,
8/27/2026 1:34:00 PM ,   16440.001,                                -376.664,                                  39.119,                               -3844.754,
8/27/2026 1:35:00 PM ,   16500.001,                                -376.664,                                  39.119,                               -3844.754,
8/27/2026 1:36:00 PM ,   16560.001,                                -376.664,                                  39.119,                               -3844.754,
8/27/2026 1:37:00 PM ,   16620.001,                                -376.664,                                  39.119,                               -3844.754,
8/27/2026 1:38:00 PM ,   16680.001,                                -376.664,                                  39.119,                               -3844.754,
8/27/2026 1:39:00 PM ,   16740.001,                                -376.662,                                  39.072,                               -3844.729,
8/27/2026 1:40:00 PM ,   16800.001,                                -376.655,                                  38.934,                               -3844.654,
8/27/2026 1:41:00 PM ,   16860.001,                                -376.664,                                  39.119,                               -3844.754,
8/27/2026 1:42:00 PM ,   16920.001,                                -376.660,                                  39.026,                               -3844.705,
8/27/2026 1:43:00 PM ,   16980.001,                                -376.662,                                  39.072,                               -3844.729,
8/27/2026 1:44:00 PM ,   17040.001,                                -376.667,                                  39.165,                               -3844.779,
8/27/2026 1:45:00 PM ,   17100.001,                                -376.662,                                  39.072,                               -3844.729,
8/27/2026 1:46:00 PM ,   17160.001,                                -376.662,                                  39.072,                               -3844.729,
8/27/2026 1:47:00 PM ,   17220.001,                                -376.664,                                  39.119,                               -3844.754,
8/27/2026 1:48:00 PM ,   17280.001,                                -376.664,                                  39.119,                               -3844.754,
8/27/2026 1:49:00 PM ,   17340.001,                                -376.664,                                  39.119,                               -3844.754,
8/27/2026 1:50:00 PM ,   17400.001,                                -376.664,                                  39.119,                               -3844.754,
8/27/2026 1:51:00 PM ,   17460.001,                                -376.664,                                  39.119,                               -3844.754,
8/27/2026 1:52:00 PM ,   17520.001,                                -376.664,                                  39.119,                               -3844.754,
8/27/2026 1:53:00 PM ,   17580.001,                                -376.664,                                  39.119,                               -3844.754,
8/27/2026 1:54:00 PM ,   17640.001,                                -376.664,                                  39.119,                               -3844.754,
8/27/2026 1:55:00 PM ,   17700.001,                                -376.664,                                  39.119,                               -3844.754,
8/27/2026 1:56:00 PM ,   17760.001,                                -376.664,                                  39.119,                               -3844.754,
8/27/2026 1:57:00 PM ,   17820.001,                                -376.664,                                  39.119,                               -3844.754,
8/27/2026 1:58:00 PM ,   17880.001,                                -376.664,                                  39.119,                               -3844.754,
8/27/2026 1:59:00 PM ,   17940.001,                                -376.664,                                  39.119,                               -3844.754,
8/27/2026 2:00:00 PM ,   18000.001,                                -376.664,                                  39.119,                               -3844.754,
8/27/2026 2:01:00 PM ,   18060.001,                                -376.664,                                  39.119,                               -3844.754,
8/27/2026 2:02:00 PM ,   18120.001,                                -376.664,                                  39.119,                               -3844.754,
8/27/2026 2:03:00 PM ,   18180.001,                                -376.664,                                  39.119,                               -3844.754,
8/27/2026 2:04:00 PM ,   18240.001,                                -376.664,                                  39.119,                               -3844.754,
8/27/2026 2:05:00 PM ,   18300.001,                                -376.664,                                  39.119,                               -3844.754,
8/27/2026 2:06:00 PM ,   18360.001,                                -376.664,                                  39.119,                               -3844.754,
8/27/2026 2:07:00 PM ,   18420.001,                                -376.667,                                  39.165,                               -3844.779,
8/27/2026 2:08:00 PM ,   18480.001,                                -376.664,                                  39.119,                               -3844.754,
8/27/2026 2:09:00 PM ,   18540.001,                                -376.664,                                  39.119,                               -3844.754,
8/27/2026 2:10:00 PM ,   18600.001,                                -376.664,                                  39.119,                               -3844.754,
8/27/2026 2:11:00 PM ,   18660.001,                                -376.664,                                  39.119,                               -3844.754,
8/27/2026 2:12:00 PM ,   18720.001,                                -376.664,                                  39.119,                               -3844.754,
8/27/2026 2:13:00 PM ,   18780.001,                                -376.664,                                  39.119,                               -3844.754,
8/27/2026 2:14:00 PM ,   18840.001,                                -376.664,                                  39.119,                               -3844.754,
8/27/2026 2:15:00 PM ,   18900.001,                                -376.664,                                  39.119,                               -3844.754,
8/27/2026 2:16:00 PM ,   18960.001,                                -376.664,                                  39.119,                               -3844.754,
8/27/2026 2:17:00 PM ,   19020.001,                                -376.664,                                  39.119,                               -3844.754,
8/27/2026 2:18:00 PM ,   19080.001,                                -376.664,                                  39.119,                               -3844.754,
8/27/2026 2:19:00 PM ,   19140.001,                                -376.664,                                  39.119,                               -3844.754,
8/27/2026 2:20:00 PM ,   19200.001,                                -376.664,                                  39.119,                               -3844.754,
8/27/2026 2:21:00 PM ,   19260.001,                                -376.664,                                  39.119,                               -3844.754,
8/27/2026 2:22:00 PM ,   19320.001,                                -376.664,                                  39.119,                               -3844.754,
8/27/2026 2:23:00 PM ,   19380.001,                                -376.664,                                  39.119,                               -3844.754,
8/27/2026 2:24:00 PM ,   19440.001,                                -376.667,                                  39.165,                               -3844.779,
8/27/2026 2:25:00 PM ,   19500.001,                                -376.664,                                  39.119,                               -3844.754,
8/27/2026 2:26:00 PM ,   19560.001,                                -376.664,                                  39.119,                               -3844.754,
8/27/2026 2:27:00 PM ,   19620.001,                                -376.664,                                  39.119,                               -3844.754,
8/27/2026 2:28:00 PM ,   19680.001,                                -376.664,                                  39.119,                               -3844.754,
8/27/2026 2:29:00 PM ,   19740.001,                                -376.664,                                  39.119,                               -3844.754,
8/27/2026 2:30:00 PM ,   19800.001,                                -376.664,                                  39.119,                               -3844.754,
8/27/2026 2:31:00 PM ,   19860.001,                                -376.667,                                  39.165,                               -3844.779,
8/27/2026 2:32:00 PM ,   19920.001,                                -376.664,                                  39.119,                               -3844.754,
8/27/2026 2:33:00 PM ,   19980.001,                                -376.667,                                  39.165,                               -3844.779,
8/27/2026 2:34:00 PM ,   20040.001,                                -376.664,                                  39.119,                               -3844.754,
8/27/2026 2:35:00 PM ,   20100.001,                                -376.664,                                  39.119,                               -3844.754,
8/27/2026 2:36:00 PM ,   20160.001,                                -376.664,                                  39.119,                               -3844.754,
8/27/2026 2:37:00 PM ,   20220.001,                                -376.664,                                  39.119,                               -3844.754,
8/27/2026 2:38:00 PM ,   20280.001,                                -376.664,                                  39.119,                               -3844.754,
8/27/2026 2:39:00 PM ,   20340.001,                                -376.664,                                  39.119,                               -3844.754,
8/27/2026 2:40:00 PM ,   20400.001,                                -376.664,                                  39.119,                               -3844.754,
8/27/2026 2:41:00 PM ,   20460.001,                                -376.664,                                  39.119,                               -3844.754,
8/27/2026 2:42:00 PM ,   20520.001,                                -376.664,                                  39.119,                               -3844.754,
8/27/2026 2:43:00 PM ,   20580.001,                                -376.664,                                  39.119,                               -3844.754,
8/27/2026 2:44:00 PM ,   20640.001,                                -376.664,                                  39.119,                               -3844.754,
8/27/2026 2:45:00 PM ,   20700.001,                                -376.664,                                  39.119,                               -3844.754,
8/27/2026 2:46:00 PM ,   20760.001,                                -376.664,                                  39.119,                               -3844.754,
8/27/2026 2:47:00 PM ,   20820.001,                                -376.664,                                  39.119,                               -3844.754,
8/27/2026 2:48:00 PM ,   20880.001,                                -376.664,                                  39.119,                               -3844.754,
8/27/2026 2:49:00 PM ,   20940.001,                                -376.664,                                  39.119,                               -3844.754,
8/27/2026 2:50:00 PM ,   21000.001,                                -376.664,                                  39.119,                               -3844.754,
8/27/2026 2:51:00 PM ,   21060.001,                                -376.664,                                  39.119,                               -3844.754,
8/27/2026 2:52:00 PM ,   21120.001,                                -376.667,                                  39.165,                               -3844.779,
8/27/2026 2:53:00 PM ,   21180.001,                                -376.664,                                  39.119,                               -3844.754,
8/27/2026 2:54:00 PM ,   21240.001,                                -376.664,                                  39.119,                               -3844.754,
8/27/2026 2:55:00 PM ,   21300.001,                                -376.664,                                  39.119,                               -3844.754,
8/27/2026 2:56:00 PM ,   21360.001,                                -376.664,                                  39.119,                               -3844.754,
8/27/2026 2:57:00 PM ,   21420.001,                                -376.664,                                  39.119,                               -3844.754,
8/27/2026 2:58:00 PM ,   21480.001,                                -376.664,                                  39.119,                               -3844.754,
8/27/2026 2:59:00 PM ,   21540.001,                                -376.667,                                  39.165,                               -3844.779,
8/27/2026 3:00:00 PM ,   21600.001,                                -376.664,                                  39.119,                               -3844.754,
8/27/2026 3:01:00 PM ,   21660.001,                                -376.664,                                  39.119,                               -3844.754,
8/27/2026 3:02:00 PM ,   21720.001,                                -376.664,                                  39.119,                               -3844.754,
8/27/2026 3:03:00 PM ,   21780.001,                                -376.664,                                  39.119,                               -3844.754,
8/27/2026 3:04:00 PM ,   21840.001,                                -376.667,                                  39.165,                               -3844.779,
8/27/2026 3:05:00 PM ,   21900.001,                                -376.667,                                  39.165,                               -3844.779,
8/27/2026 3:06:00 PM ,   21960.001,                                -376.662,                                  39.072,                               -3844.729,
8/27/2026 3:07:00 PM ,   22020.001,                                -376.667,                                  39.165,                               -3844.779,
8/27/2026 3:08:00 PM ,   22080.001,                                -376.667,                                  39.165,                               -3844.779,
8/27/2026 3:09:00 PM ,   22140.001,                                -376.667,                                  39.165,                               -3844.779,
8/27/2026 3:10:00 PM ,   22200.001,                                -376.667,                                  39.165,                               -3844.779,
8/27/2026 3:11:00 PM ,   22260.001,                                -376.667,                                  39.165,                               -3844.779,
8/27/2026 3:12:00 PM ,   22320.001,                                -376.664,                                  39.119,                               -3844.754,
8/27/2026 3:13:00 PM ,   22380.001,                                -376.667,                                  39.165,                               -3844.779,
8/27/2026 3:14:00 PM ,   22440.001,                                -376.667,                                  39.165,                               -3844.779,
8/27/2026 3:15:00 PM ,   22500.001,                                -376.667,                                  39.165,                               -3844.779,
8/27/2026 3:16:00 PM ,   22560.001,                                -376.664,                                  39.119,                               -3844.754,
8/27/2026 3:17:00 PM ,   22620.001,                                -376.667,                                  39.165,                               -3844.779,
8/27/2026 3:18:00 PM ,   22680.001,                                -376.664,                                  39.119,                               -3844.754,
8/27/2026 3:19:00 PM ,   22740.001,                                -376.667,                                  39.165,                               -3844.779,
8/27/2026 3:20:00 PM ,   22800.001,                                -376.667,                                  39.165,                               -3844.779,
8/27/2026 3:21:00 PM ,   22860.001,                                -376.667,                                  39.165,                               -3844.779,
8/27/2026 3:22:00 PM ,   22920.001,                                -376.664,                                  39.119,                               -3844.754,
8/27/2026 3:23:00 PM ,   22980.001,                                -376.664,                                  39.119,                               -3844.754,
8/27/2026 3:24:00 PM ,   23040.001,                                -376.664,                                  39.119,                               -3844.754,
8/27/2026 3:25:00 PM ,   23100.001,                                -376.664,                                  39.119,                               -3844.754,
8/27/2026 3:26:00 PM ,   23160.001,                                -376.667,                                  39.165,                               -3844.779,
8/27/2026 3:27:00 PM ,   23220.001,                                -376.667,                                  39.165,                               -3844.779,
8/27/2026 3:28:00 PM ,   23280.001,                                -376.667,                                  39.165,                               -3844.779,
8/27/2026 3:29:00 PM ,   23340.001,                                -376.667,                                  39.165,                               -3844.779,
8/27/2026 3:30:00 PM ,   23400.001,                                -376.667,                                  39.165,                               -3844.779,
8/27/2026 3:31:00 PM ,   23460.001,                                -376.667,                                  39.165,                               -3844.779,
8/27/2026 3:32:00 PM ,   23520.001,                                -376.667,                                  39.165,                               -3844.779,
8/27/2026 3:33:00 PM ,   23580.001,                                -376.667,                                  39.165,                               -3844.779,
8/27/2026 3:34:00 PM ,   23640.001,                                -376.667,                                  39.165,                               -3844.779,
8/27/2026 3:35:00 PM ,   23700.001,                                -376.664,                                  39.119,                               -3844.754,
8/27/2026 3:36:00 PM ,   23760.001,                                -376.667,                                  39.165,                               -3844.779,
8/27/2026 3:37:00 PM ,   23820.001,                                -376.667,                                  39.165,                               -3844.779,
8/27/2026 3:38:00 PM ,   23880.001,                                -376.667,                                  39.165,                               -3844.779,
8/27/2026 3:39:00 PM ,   23940.001,                                -376.667,                                  39.165,                               -3844.779,
8/27/2026 3:40:00 PM ,   24000.001,                                -376.664,                                  39.119,                               -3844.754,
8/27/2026 3:41:00 PM ,   24060.001,                                -376.664,                                  39.119,                               -3844.754,
8/27/2026 3:42:00 PM ,   24120.001,                                -376.667,                                  39.165,                               -3844.779,
8/27/2026 3:43:00 PM ,   24180.001,                                -376.664,                                  39.119,                               -3844.754,
8/27/2026 3:44:00 PM ,   24240.001,                                -376.664,                                  39.119,                               -3844.754,
8/27/2026 3:45:00 PM ,   24300.001,                                -376.664,                                  39.119,                               -3844.754,
8/27/2026 3:46:00 PM ,   24360.001,                                -376.667,                                  39.165,                               -3844.779,
8/27/2026 3:47:00 PM ,   24420.001,                                -376.664,                                  39.119,                               -3844.754,
8/27/2026 3:48:00 PM ,   24480.001,                                -376.664,                                  39.119,                               -3844.754,
8/27/2026 3:49:00 PM ,   24540.001,                                -376.667,                                  39.165,                               -3844.779,
8/27/2026 3:50:00 PM ,   24600.001,                                -376.667,                                  39.165,                               -3844.779,
8/27/2026 3:51:00 PM ,   24660.001,                                -376.667,                                  39.165,                               -3844.779,
8/27/2026 3:52:00 PM ,   24720.001,                                -376.664,                                  39.119,                               -3844.754,
8/27/2026 3:53:00 PM ,   24780.001,                                -376.667,                                  39.165,                               -3844.779,
8/27/2026 3:54:00 PM ,   24840.001,                                -376.667,                                  39.165,                               -3844.779,
8/27/2026 3:55:00 PM ,   24900.001,                                -376.664,                                  39.119,                               -3844.754,
8/27/2026 3:56:00 PM ,   24960.001,                                -376.667,                                  39.165,                               -3844.779,
8/27/2026 3:57:00 PM ,   25020.001,                                -376.667,                                  39.165,                               -3844.779,
8/27/2026 3:58:00 PM ,   25080.001,                                -376.667,                                  39.165,                               -3844.779,
8/27/2026 3:59:00 PM ,   25140.001,                                -376.664,                                  39.119,                               -3844.754,
8/27/2026 4:00:00 PM ,   25200.001,                                -376.667,                                  39.165,                               -3844.779,
8/27/2026 4:01:00 PM ,   25260.001,                                -376.667,                                  39.165,                               -3844.779,
8/27/2026 4:02:00 PM ,   25320.001,                                -376.664,                                  39.119,                               -3844.754,
8/27/2026 4:03:00 PM ,   25380.001,                                -376.667,                                  39.165,                               -3844.779,
8/27/2026 4:04:00 PM ,   25440.001,                                -376.667,                                  39.165,                               -3844.779,
8/27/2026 4:05:00 PM ,   25500.001,                                -376.664,                                  39.119,                               -3844.754,
8/27/2026 4:06:00 PM ,   25560.001,                                -376.664,                                  39.119,                               -3844.754,
8/27/2026 4:07:00 PM ,   25620.001,                                -376.664,                                  39.119,                               -3844.754,
8/27/2026 4:08:00 PM ,   25680.001,                                -376.664,                                  39.119,                               -3844.754,
8/27/2026 4:09:00 PM ,   25740.001,                                -376.664,                                  39.119,                               -3844.754,
8/27/2026 4:10:00 PM ,   25800.001,                                -376.667,                                  39.165,                               -3844.779,
8/27/2026 4:11:00 PM ,   25860.001,                                -376.667,                                  39.165,                               -3844.779,
8/27/2026 4:12:00 PM ,   25920.001,                                -376.664,                                  39.119,                               -3844.754,
8/27/2026 4:13:00 PM ,   25980.001,                                -376.664,                                  39.119,                               -3844.754,
8/27/2026 4:14:00 PM ,   26040.001,                                -376.664,                                  39.119,                               -3844.754,
8/27/2026 4:15:00 PM ,   26100.001,                                -376.664,                                  39.119,                               -3844.754,
8/27/2026 4:16:00 PM ,   26160.001,                                -376.667,                                  39.165,                               -3844.779,
8/27/2026 4:17:00 PM ,   26220.001,                                -376.664,                                  39.119,                               -3844.754,
8/27/2026 4:18:00 PM ,   26280.001,                                -376.664,                                  39.119,                               -3844.754,
8/27/2026 4:19:00 PM ,   26340.001,                                -376.667,                                  39.165,                               -3844.779,
8/27/2026 4:20:00 PM ,   26400.001,                                -376.667,                                  39.165,                               -3844.779,
8/27/2026 4:21:00 PM ,   26460.001,                                -376.664,                                  39.119,                               -3844.754,
8/27/2026 4:22:00 PM ,   26520.001,                                -376.664,                                  39.119,                               -3844.754,
8/27/2026 4:23:00 PM ,   26580.001,                                -376.667,                                  39.165,                               -3844.779,
8/27/2026 4:24:00 PM ,   26640.001,                                -376.664,                                  39.119,                               -3844.754,
8/27/2026 4:25:00 PM ,   26700.001,                                -376.664,                                  39.119,                               -3844.754,
8/27/2026 4:26:00 PM ,   26760.001,                                -376.667,                                  39.165,                               -3844.779,
8/27/2026 4:27:00 PM ,   26820.001,                                -376.664,                                  39.119,                               -3844.754,
8/27/2026 4:28:00 PM ,   26880.001,                                -376.664,                                  39.119,                               -3844.754,
8/27/2026 4:29:00 PM ,   26940.001,                                -376.664,                                  39.119,                               -3844.754,
8/27/2026 4:30:00 PM ,   27000.001,                                -376.667,                                  39.165,                               -3844.779,
8/27/2026 4:31:00 PM ,   27060.001,                                -376.667,                                  39.165,                               -3844.779,
8/27/2026 4:32:00 PM ,   27120.001,                                -376.667,                                  39.165,                               -3844.779,
8/27/2026 4:33:00 PM ,   27180.001,                                -376.667,                                  39.165,                               -3844.779,
8/27/2026 4:34:00 PM ,   27240.001,                                -376.664,                                  39.119,                               -3844.754,
8/27/2026 4:35:00 PM ,   27300.001,                                -376.664,                                  39.119,                               -3844.754,
8/27/2026 4:36:00 PM ,   27360.001,                                -376.664,                                  39.119,                               -3844.754,
8/27/2026 4:37:00 PM ,   27420.001,                                -376.664,                                  39.119,                               -3844.754,
8/27/2026 4:38:00 PM ,   27480.001,                                -376.664,                                  39.119,                               -3844.754,
8/27/2026 4:39:00 PM ,   27540.001,                                -376.664,                                  39.119,                               -3844.754,
8/27/2026 4:40:00 PM ,   27600.001,                                -376.664,                                  39.119,                               -3844.754,
8/27/2026 4:41:00 PM ,   27660.001,                                -376.664,                                  39.119,                               -3844.754,
8/27/2026 4:42:00 PM ,   27720.001,                                -376.664,                                  39.119,                               -3844.754,
8/27/2026 4:43:00 PM ,   27780.001,                                -376.664,                                  39.119,                               -3844.754,
8/27/2026 4:44:00 PM ,   27840.001,                                -376.667,                                  39.165,                               -3844.779,
8/27/2026 4:45:00 PM ,   27900.001,                                -376.664,                                  39.119,                               -3844.754,
8/27/2026 4:46:00 PM ,   27960.001,                                -376.667,                                  39.165,                               -3844.779,
8/27/2026 4:47:00 PM ,   28020.001,                                -376.664,                                  39.119,                               -3844.754,
8/27/2026 4:48:00 PM ,   28080.001,                                -376.664,                                  39.119,                               -3844.754,
8/27/2026 4:49:00 PM ,   28140.001,                                -376.667,                                  39.165,                               -3844.779,
8/27/2026 4:50:00 PM ,   28200.001,                                -376.664,                                  39.119,                               -3844.754,
8/27/2026 4:51:00 PM ,   28260.001,                                -376.667,                                  39.165,                               -3844.779,
8/27/2026 4:52:00 PM ,   28320.001,                                -376.667,                                  39.165,                               -3844.779,
8/27/2026 4:53:00 PM ,   28380.001,                                -376.664,                                  39.119,                               -3844.754,
8/27/2026 4:54:00 PM ,   28440.001,                                -376.667,                                  39.165,                               -3844.779,
8/27/2026 4:55:00 PM ,   28500.001,                                -376.664,                                  39.119,                               -3844.754,
8/27/2026 4:56:00 PM ,   28560.001,                                -376.664,                                  39.119,                               -3844.754,
8/27/2026 4:57:00 PM ,   28620.001,                                -376.667,                                  39.165,                               -3844.779,
8/27/2026 4:58:00 PM ,   28680.001,                                -376.667,                                  39.165,                               -3844.779,
8/27/2026 4:59:00 PM ,   28740.001,                                -376.664,                                  39.119,                               -3844.754,
8/27/2026 5:00:00 PM ,   28800.001,                                -376.664,                                  39.119,                               -3844.754,
8/27/2026 5:01:00 PM ,   28860.001,                                -376.664,                                  39.119,                               -3844.754,
8/27/2026 5:02:00 PM ,   28920.001,                                -376.664,                                  39.119,                               -3844.754,
8/27/2026 5:03:00 PM ,   28980.001,                                -376.664,                                  39.119,                               -3844.754,
8/27/2026 5:04:00 PM ,   29040.001,                                -376.664,                                  39.119,                               -3844.754,
8/27/2026 5:05:00 PM ,   29100.001,                                -376.664,                                  39.119,                               -3844.754,
8/27/2026 5:06:00 PM ,   29160.001,                                -376.664,                                  39.119,                               -3844.754,
8/27/2026 5:07:00 PM ,   29220.001,                                -376.664,                                  39.119,                               -3844.754,
8/27/2026 5:08:00 PM ,   29280.001,                                -376.664,                                  39.119,                               -3844.754,
8/27/2026 5:09:00 PM ,   29340.001,                                -376.664,                                  39.119,                               -3844.754,
8/27/2026 5:10:00 PM ,   29400.001,                                -376.664,                                  39.119,                               -3844.754,
8/27/2026 5:11:00 PM ,   29460.001,                                -376.664,                                  39.119,                               -3844.754,
8/27/2026 5:12:00 PM ,   29520.001,                                -376.667,                                  39.165,                               -3844.779,
8/27/2026 5:13:00 PM ,   29580.001,                                -376.667,                                  39.165,                               -3844.779,
8/27/2026 5:14:00 PM ,   29640.001,                                -376.664,                                  39.119,                               -3844.754,
8/27/2026 5:15:00 PM ,   29700.001,                                -376.664,                                  39.119,                               -3844.754,
8/27/2026 5:16:00 PM ,   29760.001,                                -376.667,                                  39.165,                               -3844.779,
8/27/2026 5:17:00 PM ,   29820.001,                                -376.667,                                  39.165,                               -3844.779,
8/27/2026 5:18:00 PM ,   29880.001,                                -376.664,                                  39.119,                               -3844.754,
8/27/2026 5:19:00 PM ,   29940.001,                                -376.664,                                  39.119,                               -3844.754,
8/27/2026 5:20:00 PM ,   30000.001,                                -376.664,                                  39.119,                               -3844.754,
8/27/2026 5:21:00 PM ,   30060.001,                                -376.664,                                  39.119,                               -3844.754,
8/27/2026 5:22:00 PM ,   30120.001,                                -376.664,                                  39.119,                               -3844.754,
8/27/2026 5:23:00 PM ,   30180.001,                                -376.664,                                  39.119,                               -3844.754,
8/27/2026 5:24:00 PM ,   30240.001,                                -376.664,                                  39.119,                               -3844.754,
8/27/2026 5:25:00 PM ,   30300.001,                                -376.664,                                  39.119,                               -3844.754,
8/27/2026 5:26:00 PM ,   30360.001,                                -376.664,                                  39.119,                               -3844.754,
8/27/2026 5:27:00 PM ,   30420.001,                                -376.667,                                  39.165,                               -3844.779,
8/27/2026 5:28:00 PM ,   30480.001,                                -376.667,                                  39.165,                               -3844.779,
8/27/2026 5:29:00 PM ,   30540.001,                                -376.667,                                  39.165,                               -3844.779,
8/27/2026 5:30:00 PM ,   30600.001,                                -376.667,                                  39.165,                               -3844.779,
8/27/2026 5:31:00 PM ,   30660.001,                                -376.664,                                  39.119,                               -3844.754,
8/27/2026 5:32:00 PM ,   30720.001,                                -376.667,                                  39.165,                               -3844.779,
8/27/2026 5:33:00 PM ,   30780.001,                                -376.664,                                  39.119,                               -3844.754,
8/27/2026 5:34:00 PM ,   30840.001,                                -376.667,                                  39.165,                               -3844.779,
8/27/2026 5:35:00 PM ,   30900.001,                                -376.667,                                  39.165,                               -3844.779,
8/27/2026 5:36:00 PM ,   30960.001,                                -376.667,                                  39.165,                               -3844.779,
8/27/2026 5:37:00 PM ,   31020.001,                                -376.664,                                  39.119,                               -3844.754,
8/27/2026 5:38:00 PM ,   31080.001,                                -376.664,                                  39.119,                               -3844.754,
8/27/2026 5:39:00 PM ,   31140.001,                                -376.667,                                  39.165,                               -3844.779,
8/27/2026 5:40:00 PM ,   31200.001,                                -376.664,                                  39.119,                               -3844.754,
8/27/2026 5:41:00 PM ,   31260.001,                                -376.664,                                  39.119,                               -3844.754,
8/27/2026 5:42:00 PM ,   31320.001,                                -376.664,                                  39.119,                               -3844.754,
8/27/2026 5:43:00 PM ,   31380.001,                                -376.664,                                  39.119,                               -3844.754,
8/27/2026 5:44:00 PM ,   31440.001,                                -376.664,                                  39.119,                               -3844.754,
8/27/2026 5:45:00 PM ,   31500.001,                                -376.664,                                  39.119,                               -3844.754,
8/27/2026 5:46:00 PM ,   31560.001,                                -376.667,                                  39.165,                               -3844.779,
8/27/2026 5:47:00 PM ,   31620.001,                                -376.667,                                  39.165,                               -3844.779,
8/27/2026 5:48:00 PM ,   31680.001,                                -376.664,                                  39.119,                               -3844.754,
8/27/2026 5:49:00 PM ,   31740.001,                                -376.664,                                  39.119,                               -3844.754,
8/27/2026 5:50:00 PM ,   31800.001,                                -376.664,                                  39.119,                               -3844.754,
8/27/2026 5:51:00 PM ,   31860.001,                                -376.664,                                  39.119,                               -3844.754,
8/27/2026 5:52:00 PM ,   31920.001,                                -376.664,                                  39.119,                               -3844.754,
8/27/2026 5:53:00 PM ,   31980.001,                                -376.664,                                  39.119,                               -3844.754,
8/27/2026 5:54:00 PM ,   32040.001,                                -376.667,                                  39.165,                               -3844.779,
8/27/2026 5:55:00 PM ,   32100.001,                                -376.664,                                  39.119,                               -3844.754,
8/27/2026 5:56:00 PM ,   32160.001,                                -376.664,                                  39.119,                               -3844.754,
8/27/2026 5:57:00 PM ,   32220.001,                                -376.664,                                  39.119,                               -3844.754,
8/27/2026 5:58:00 PM ,   32280.001,                                -376.664,                                  39.119,                               -3844.754,
8/27/2026 5:59:00 PM ,   32340.001,                                -376.664,                                  39.119,                               -3844.754,
8/27/2026 6:00:00 PM ,   32400.001,                                -376.667,                                  39.165,                               -3844.779,
8/27/2026 6:01:00 PM ,   32460.001,                                -376.664,                                  39.119,                               -3844.754,
8/27/2026 6:02:00 PM ,   32520.001,                                -376.664,                                  39.119,                               -3844.754,
8/27/2026 6:03:00 PM ,   32580.001,                                -376.664,                                  39.119,                               -3844.754,
8/27/2026 6:04:00 PM ,   32640.001,                                -376.664,                                  39.119,                               -3844.754,
8/27/2026 6:05:00 PM ,   32700.001,                                -376.664,                                  39.119,                               -3844.754,
8/27/2026 6:06:00 PM ,   32760.001,                                -376.664,                                  39.119,                               -3844.754,
8/27/2026 6:07:00 PM ,   32820.001,                                -376.664,                                  39.119,                               -3844.754,
8/27/2026 6:08:00 PM ,   32880.001,                                -376.664,                                  39.119,                               -3844.754,
8/27/2026 6:09:00 PM ,   32940.001,                                -376.664,                                  39.119,                               -3844.754,
8/27/2026 6:10:00 PM ,   33000.001,                                -376.664,                                  39.119,                               -3844.754,
8/27/2026 6:11:00 PM ,   33060.001,                                -376.664,                                  39.119,                               -3844.754,
8/27/2026 6:12:00 PM ,   33120.001,                                -376.667,                                  39.165,                               -3844.779,
8/27/2026 6:13:00 PM ,   33180.001,                                -376.664,                                  39.119,                               -3844.754,
8/27/2026 6:14:00 PM ,   33240.001,                                -376.667,                                  39.165,                               -3844.779,
8/27/2026 6:15:00 PM ,   33300.001,                                -376.664,                                  39.119,                               -3844.754,
8/27/2026 6:16:00 PM ,   33360.001,                                -376.664,                                  39.119,                               -3844.754,
8/27/2026 6:17:00 PM ,   33420.001,                                -376.664,                                  39.119,                               -3844.754,
8/27/2026 6:18:00 PM ,   33480.001,                                -376.664,                                  39.119,                               -3844.754,
8/27/2026 6:19:00 PM ,   33540.001,                                -376.664,                                  39.119,                               -3844.754,
8/27/2026 6:20:00 PM ,   33600.001,                                -376.667,                                  39.165,                               -3844.779,
8/27/2026 6:21:00 PM ,   33660.001,                                -376.664,                                  39.119,                               -3844.754,
8/27/2026 6:22:00 PM ,   33720.001,                                -376.667,                                  39.165,                               -3844.779,
8/27/2026 6:23:00 PM ,   33780.001,                                -376.664,                                  39.119,                               -3844.754,
8/27/2026 6:24:00 PM ,   33840.001,                                -376.667,                                  39.165,                               -3844.779,
8/27/2026 6:25:00 PM ,   33900.001,                                -376.664,                                  39.119,                               -3844.754,
8/27/2026 6:26:00 PM ,   33960.001,                                -376.664,                                  39.119,                               -3844.754,
8/27/2026 6:27:00 PM ,   34020.001,                                -376.664,                                  39.119,                               -3844.754,
8/27/2026 6:28:00 PM ,   34080.001,                                -376.664,                                  39.119,                               -3844.754,
8/27/2026 6:29:00 PM ,   34140.001,                                -376.664,                                  39.119,                               -3844.754,
8/27/2026 6:30:00 PM ,   34200.001,                                -376.667,                                  39.165,                               -3844.779,
8/27/2026 6:31:00 PM ,   34260.001,                                -376.664,                                  39.119,                               -3844.754,
8/27/2026 6:32:00 PM ,   34320.001,                                -376.667,                                  39.165,                               -3844.779,
8/27/2026 6:33:00 PM ,   34380.001,                                -376.667,                                  39.165,                               -3844.779,
8/27/2026 6:34:00 PM ,   34440.001,                                -376.664,                                  39.119,                               -3844.754,
8/27/2026 6:35:00 PM ,   34500.001,                                -376.664,                                  39.119,                               -3844.754,
8/27/2026 6:36:00 PM ,   34560.001,                                -376.664,                                  39.119,                               -3844.754,
8/27/2026 6:37:00 PM ,   34620.001,                                -376.664,                                  39.119,                               -3844.754,
8/27/2026 6:38:00 PM ,   34680.001,                                -376.664,                                  39.119,                               -3844.754,
8/27/2026 6:39:00 PM ,   34740.001,                                -376.664,                                  39.119,                               -3844.754,
8/27/2026 6:40:00 PM ,   34800.001,                                -376.664,                                  39.119,                               -3844.754,
8/27/2026 6:41:00 PM ,   34860.001,                                -376.664,                                  39.119,                               -3844.754,
8/27/2026 6:42:00 PM ,   34920.001,                                -376.664,                                  39.119,                               -3844.754,
8/27/2026 6:43:00 PM ,   34980.001,                                -376.664,                                  39.119,                               -3844.754,
8/27/2026 6:44:00 PM ,   35040.001,                                -376.667,                                  39.165,                               -3844.779,
8/27/2026 6:45:00 PM ,   35100.001,                                -376.664,                                  39.119,                               -3844.754,
8/27/2026 6:46:00 PM ,   35160.001,                                -376.667,                                  39.165,                               -3844.779,
8/27/2026 6:47:00 PM ,   35220.001,                                -376.664,                                  39.119,                               -3844.754,
8/27/2026 6:48:00 PM ,   35280.001,                                -376.667,                                  39.165,                               -3844.779,
8/27/2026 6:49:00 PM ,   35340.001,                                -376.664,                                  39.119,                               -3844.754,
8/27/2026 6:50:00 PM ,   35400.001,                                -376.667,                                  39.165,                               -3844.779,
8/27/2026 6:51:00 PM ,   35460.001,                                -376.664,                                  39.119,                               -3844.754,
8/27/2026 6:52:00 PM ,   35520.001,                                -376.664,                                  39.119,                               -3844.754,
8/27/2026 6:53:00 PM ,   35580.001,                                -376.664,                                  39.119,                               -3844.754,
8/27/2026 6:54:00 PM ,   35640.001,                                -376.667,                                  39.165,                               -3844.779,
8/27/2026 6:55:00 PM ,   35700.001,                                -376.664,                                  39.119,                               -3844.754,
8/27/2026 6:56:00 PM ,   35760.001,                                -376.667,                                  39.165,                               -3844.779,
8/27/2026 6:57:00 PM ,   35820.001,                                -376.667,                                  39.165,                               -3844.779,
8/27/2026 6:58:00 PM ,   35880.001,                                -376.664,                                  39.119,                               -3844.754,
8/27/2026 6:59:00 PM ,   35940.001,                                -376.664,                                  39.119,                               -3844.754,
8/27/2026 7:00:00 PM ,   36000.001,                                -376.664,                                  39.119,                               -3844.754,
8/27/2026 7:01:00 PM ,   36060.001,                                -376.667,                                  39.165,                               -3844.779,
8/27/2026 7:02:00 PM ,   36120.001,                                -376.664,                                  39.119,                               -3844.754,
8/27/2026 7:03:00 PM ,   36180.001,                                -376.664,                                  39.119,                               -3844.754,
8/27/2026 7:04:00 PM ,   36240.001,                                -376.664,                                  39.119,                               -3844.754,
8/27/2026 7:05:00 PM ,   36300.001,                                -376.664,                                  39.119,                               -3844.754,
8/27/2026 7:06:00 PM ,   36360.001,                                -376.664,                                  39.119,                               -3844.754,
8/27/2026 7:07:00 PM ,   36420.001,                                -376.667,                                  39.165,                               -3844.779,
8/27/2026 7:08:00 PM ,   36480.001,                                -376.664,                                  39.119,                               -3844.754,
8/27/2026 7:09:00 PM ,   36540.001,                                -376.664,                                  39.119,                               -3844.754,
8/27/2026 7:10:00 PM ,   36600.001,                                -376.664,                                  39.119,                               -3844.754,
8/27/2026 7:11:00 PM ,   36660.001,                                -376.664,                                  39.119,                               -3844.754,
8/27/2026 7:12:00 PM ,   36720.001,                                -376.664,                                  39.119,                               -3844.754,
8/27/2026 7:13:00 PM ,   36780.001,                                -376.667,                                  39.165,                               -3844.779,
8/27/2026 7:14:00 PM ,   36840.001,                                -376.664,                                  39.119,                               -3844.754,
8/27/2026 7:15:00 PM ,   36900.001,                                -376.664,                                  39.119,                               -3844.754,
8/27/2026 7:16:00 PM ,   36960.001,                                -376.664,                                  39.119,                               -3844.754,
8/27/2026 7:17:00 PM ,   37020.001,                                -376.664,                                  39.119,                               -3844.754,
8/27/2026 7:18:00 PM ,   37080.001,                                -376.664,                                  39.119,                               -3844.754,
8/27/2026 7:19:00 PM ,   37140.001,                                -376.664,                                  39.119,                               -3844.754,
8/27/2026 7:20:00 PM ,   37200.001,                                -376.667,                                  39.165,                               -3844.779,
8/27/2026 7:21:00 PM ,   37260.001,                                -376.664,                                  39.119,                               -3844.754,
8/27/2026 7:22:00 PM ,   37320.001,                                -376.664,                                  39.119,                               -3844.754,
8/27/2026 7:23:00 PM ,   37380.001,                                -376.664,                                  39.119,                               -3844.754,
8/27/2026 7:24:00 PM ,   37440.001,                                -376.664,                                  39.119,                               -3844.754,
8/27/2026 7:25:00 PM ,   37500.001,                                -376.664,                                  39.119,                               -3844.754,
8/27/2026 7:26:00 PM ,   37560.001,                                -376.664,                                  39.119,                               -3844.754,
8/27/2026 7:27:00 PM ,   37620.001,                                -376.664,                                  39.119,                               -3844.754,
8/27/2026 7:28:00 PM ,   37680.001,                                -376.664,                                  39.119,                               -3844.754,
8/27/2026 7:29:00 PM ,   37740.001,                                -376.664,                                  39.119,                               -3844.754,
8/27/2026 7:30:00 PM ,   37800.001,                                -376.664,                                  39.119,                               -3844.754,
8/27/2026 7:31:00 PM ,   37860.001,                                -376.664,                                  39.119,                               -3844.754,
8/27/2026 7:32:00 PM ,   37920.001,                                -376.664,                                  39.119,                               -3844.754,
8/27/2026 7:33:00 PM ,   37980.001,                                -376.664,                                  39.119,                               -3844.754,
8/27/2026 7:34:00 PM ,   38040.001,                                -376.664,                                  39.119,                               -3844.754,
8/27/2026 7:35:00 PM ,   38100.001,                                -376.664,                                  39.119,                               -3844.754,
8/27/2026 7:36:00 PM ,   38160.001,                                -376.664,                                  39.119,                               -3844.754,
8/27/2026 7:37:00 PM ,   38220.001,                                -376.664,                                  39.119,                               -3844.754,
8/27/2026 7:38:00 PM ,   38280.001,                                -376.664,                                  39.119,                               -3844.754,
8/27/2026 7:39:00 PM ,   38340.001,                                -376.664,                                  39.119,                               -3844.754,
8/27/2026 7:40:00 PM ,   38400.001,                                -376.664,                                  39.119,                               -3844.754,
8/27/2026 7:41:00 PM ,   38460.001,                                -376.664,                                  39.119,                               -3844.754,
8/27/2026 7:42:00 PM ,   38520.001,                                -376.667,                                  39.165,                               -3844.779,
8/27/2026 7:43:00 PM ,   38580.001,                                -376.664,                                  39.119,                               -3844.754,
8/27/2026 7:44:00 PM ,   38640.001,                                -376.664,                                  39.119,                               -3844.754,
8/27/2026 7:45:00 PM ,   38700.001,                                -376.664,                                  39.119,                               -3844.754,
8/27/2026 7:46:00 PM ,   38760.001,                                -376.664,                                  39.119,                               -3844.754,
8/27/2026 7:47:00 PM ,   38820.001,                                -376.664,                                  39.119,                               -3844.754,
8/27/2026 7:48:00 PM ,   38880.001,                                -376.664,                                  39.119,                               -3844.754,
8/27/2026 7:49:00 PM ,   38940.001,                                -376.664,                                  39.119,                               -3844.754,
8/27/2026 7:50:00 PM ,   39000.001,                                -376.664,                                  39.119,                               -3844.754,
8/27/2026 7:51:00 PM ,   39060.001,                                -376.664,                                  39.119,                               -3844.754,
8/27/2026 7:52:00 PM ,   39120.001,                                -376.664,                                  39.119,                               -3844.754,
8/27/2026 7:53:00 PM ,   39180.001,                                -376.664,                                  39.119,                               -3844.754,
8/27/2026 7:54:00 PM ,   39240.001,                                -376.664,                                  39.119,                               -3844.754,
8/27/2026 7:55:00 PM ,   39300.001,                                -376.664,                                  39.119,                               -3844.754,
8/27/2026 7:56:00 PM ,   39360.001,                                -376.664,                                  39.119,                               -3844.754,
8/27/2026 7:57:00 PM ,   39420.001,                                -376.664,                                  39.119,                               -3844.754,
8/27/2026 7:58:00 PM ,   39480.001,                                -376.664,                                  39.119,                               -3844.754,
8/27/2026 7:59:00 PM ,   39540.001,                                -376.664,                                  39.119,                               -3844.754,
8/27/2026 8:00:00 PM ,   39600.001,                                -376.664,                                  39.119,                               -3844.754,
8/27/2026 8:01:00 PM ,   39660.001,                                -376.664,                                  39.119,                               -3844.754,
8/27/2026 8:02:00 PM ,   39720.001,                                -376.664,                                  39.119,                               -3844.754,
8/27/2026 8:03:00 PM ,   39780.001,                                -376.664,                                  39.119,                               -3844.754,
8/27/2026 8:04:00 PM ,   39840.001,                                -376.664,                                  39.119,                               -3844.754,
8/27/2026 8:05:00 PM ,   39900.001,                                -376.664,                                  39.119,                               -3844.754,
8/27/2026 8:06:00 PM ,   39960.001,                                -376.664,                                  39.119,                               -3844.754,
8/27/2026 8:07:00 PM ,   40020.001,                                -376.664,                                  39.119,                               -3844.754,
8/27/2026 8:08:00 PM ,   40080.001,                                -376.664,                                  39.119,                               -3844.754,
8/27/2026 8:09:00 PM ,   40140.001,                                -376.664,                                  39.119,                               -3844.754,
8/27/2026 8:10:00 PM ,   40200.001,                                -376.664,                                  39.119,                               -3844.754,
8/27/2026 8:11:00 PM ,   40260.001,                                -376.664,                                  39.119,                               -3844.754,
8/27/2026 8:12:00 PM ,   40320.001,                                -376.664,                                  39.119,                               -3844.754,
8/27/2026 8:13:00 PM ,   40380.001,                                -376.664,                                  39.119,                               -3844.754,
8/27/2026 8:14:00 PM ,   40440.001,                                -376.664,                                  39.119,                               -3844.754,
8/27/2026 8:15:00 PM ,   40500.001,                                -376.664,                                  39.119,                               -3844.754,
8/27/2026 8:16:00 PM ,   40560.001,                                -376.664,                                  39.119,                               -3844.754,
8/27/2026 8:17:00 PM ,   40620.001,                                -376.664,                                  39.119,                               -3844.754,
8/27/2026 8:18:00 PM ,   40680.001,                                -376.664,                                  39.119,                               -3844.754,
8/27/2026 8:19:00 PM ,   40740.001,                                -376.664,                                  39.119,                               -3844.754,
8/27/2026 8:20:00 PM ,   40800.001,                                -376.664,                                  39.119,                               -3844.754,
8/27/2026 8:21:00 PM ,   40860.001,                                -376.664,                                  39.119,                               -3844.754,
8/27/2026 8:22:00 PM ,   40920.001,                                -376.664,                                  39.119,                               -3844.754,
8/27/2026 8:23:00 PM ,   40980.001,                                -376.664,                                  39.119,                               -3844.754,
8/27/2026 8:24:00 PM ,   41040.001,                                -376.664,                                  39.119,                               -3844.754,
8/27/2026 8:25:00 PM ,   41100.001,                                -376.664,                                  39.119,                               -3844.754,
8/27/2026 8:26:00 PM ,   41160.001,                                -376.664,                                  39.119,                               -3844.754,
8/27/2026 8:27:00 PM ,   41220.001,                                -376.664,                                  39.119,                               -3844.754,
8/27/2026 8:28:00 PM ,   41280.001,                                -376.664,                                  39.119,                               -3844.754,
8/27/2026 8:29:00 PM ,   41340.001,                                -376.664,                                  39.119,                               -3844.754,
8/27/2026 8:30:00 PM ,   41400.001,                                -376.664,                                  39.119,                               -3844.754,
8/27/2026 8:31:00 PM ,   41460.001,                                -376.664,                                  39.119,                               -3844.754,
8/27/2026 8:32:00 PM ,   41520.001,                                -376.664,                                  39.119,                               -3844.754,
8/27/2026 8:33:00 PM ,   41580.001,                                -376.664,                                  39.119,                               -3844.754,
8/27/2026 8:34:00 PM ,   41640.001,                                -376.664,                                  39.119,                               -3844.754,
8/27/2026 8:35:00 PM ,   41700.001,                                -376.664,                                  39.119,                               -3844.754,
8/27/2026 8:36:00 PM ,   41760.001,                                -376.664,                                  39.119,                               -3844.754,
8/27/2026 8:37:00 PM ,   41820.001,                                -376.664,                                  39.119,                               -3844.754,
8/27/2026 8:38:00 PM ,   41880.001,                                -376.664,                                  39.119,                               -3844.754,
8/27/2026 8:39:00 PM ,   41940.001,                                -376.662,                                  39.072,                               -3844.729,
8/27/2026 8:40:00 PM ,   42000.001,                                -376.664,                                  39.119,                               -3844.754,
8/27/2026 8:41:00 PM ,   42060.001,                                -376.664,                                  39.119,                               -3844.754,
8/27/2026 8:42:00 PM ,   42120.001,                                -376.664,                                  39.119,                               -3844.754,
8/27/2026 8:43:00 PM ,   42180.001,                                -376.664,                                  39.119,                               -3844.754,
8/27/2026 8:44:00 PM ,   42240.001,                                -376.664,                                  39.119,                               -3844.754,
8/27/2026 8:45:00 PM ,   42300.001,                                -376.664,                                  39.119,                               -3844.754,
8/27/2026 8:46:00 PM ,   42360.001,                                -376.662,                                  39.072,                               -3844.729,
8/27/2026 8:47:00 PM ,   42420.001,                                -376.664,                                  39.119,                               -3844.754,
8/27/2026 8:48:00 PM ,   42480.001,                                -376.664,                                  39.119,                               -3844.754,
8/27/2026 8:49:00 PM ,   42540.001,                                -376.664,                                  39.119,                               -3844.754,
8/27/2026 8:50:00 PM ,   42600.001,                                -376.664,                                  39.119,                               -3844.754,
8/27/2026 8:51:00 PM ,   42660.001,                                -376.664,                                  39.119,                               -3844.754,
8/27/2026 8:52:00 PM ,   42720.001,                                -376.664,                                  39.119,                               -3844.754,
8/27/2026 8:53:00 PM ,   42780.001,                                -376.664,                                  39.119,                               -3844.754,
8/27/2026 8:54:00 PM ,   42840.001,                                -376.664,                                  39.119,                               -3844.754,
8/27/2026 8:55:00 PM ,   42900.001,                                -376.662,                                  39.072,                               -3844.729,
8/27/2026 8:56:00 PM ,   42960.001,                                -376.662,                                  39.072,                               -3844.729,
8/27/2026 8:57:00 PM ,   43020.001,                                -376.664,                                  39.119,                               -3844.754,
8/27/2026 8:58:00 PM ,   43080.001,                                -376.664,                                  39.119,                               -3844.754,
8/27/2026 8:59:00 PM ,   43140.001,                                -376.664,                                  39.119,                               -3844.754,
8/27/2026 9:00:00 PM ,   43200.001,                                -376.662,                                  39.072,                               -3844.729,
8/27/2026 9:01:00 PM ,   43260.001,                                -376.664,                                  39.119,                               -3844.754,
8/27/2026 9:02:00 PM ,   43320.001,                                -376.664,                                  39.119,                               -3844.754,
8/27/2026 9:03:00 PM ,   43380.001,                                -376.664,                                  39.119,                               -3844.754,
8/27/2026 9:04:00 PM ,   43440.001,                                -376.662,                                  39.072,                               -3844.729,
8/27/2026 9:05:00 PM ,   43500.001,                                -376.664,                                  39.119,                               -3844.754,
8/27/2026 9:06:00 PM ,   43560.001,                                -376.664,                                  39.119,                               -3844.754,
8/27/2026 9:07:00 PM ,   43620.001,                                -376.664,                                  39.119,                               -3844.754,
8/27/2026 9:08:00 PM ,   43680.001,                                -376.664,                                  39.119,                               -3844.754,
8/27/2026 9:09:00 PM ,   43740.001,                                -376.664,                                  39.119,                               -3844.754,
8/27/2026 9:10:00 PM ,   43800.001,                                -376.664,                                  39.119,                               -3844.754,
8/27/2026 9:11:00 PM ,   43860.001,                                -376.664,                                  39.119,                               -3844.754,
8/27/2026 9:12:00 PM ,   43920.001,                                -376.664,                                  39.119,                               -3844.754,
8/27/2026 9:13:00 PM ,   43980.001,                                -376.664,                                  39.119,                               -3844.754,
8/27/2026 9:14:00 PM ,   44040.001,                                -376.664,                                  39.119,                               -3844.754,
8/27/2026 9:15:00 PM ,   44100.001,                                -376.662,                                  39.072,                               -3844.729,
8/27/2026 9:16:00 PM ,   44160.001,                                -376.662,                                  39.072,                               -3844.729,
8/27/2026 9:17:00 PM ,   44220.001,                                -376.662,                                  39.072,                               -3844.729,
8/27/2026 9:18:00 PM ,   44280.001,                                -376.664,                                  39.119,                               -3844.754,
8/27/2026 9:19:00 PM ,   44340.001,                                -376.664,                                  39.119,                               -3844.754,
8/27/2026 9:20:00 PM ,   44400.001,                                -376.664,                                  39.119,                               -3844.754,
8/27/2026 9:21:00 PM ,   44460.001,                                -376.664,                                  39.119,                               -3844.754,
8/27/2026 9:22:00 PM ,   44520.001,                                -376.664,                                  39.119,                               -3844.754,
8/27/2026 9:23:00 PM ,   44580.001,                                -376.662,                                  39.072,                               -3844.729,
8/27/2026 9:24:00 PM ,   44640.001,                                -376.662,                                  39.072,                               -3844.729,
8/27/2026 9:25:00 PM ,   44700.001,                                -376.664,                                  39.119,                               -3844.754,
8/27/2026 9:26:00 PM ,   44760.001,                                -376.664,                                  39.119,                               -3844.754,
8/27/2026 9:27:00 PM ,   44820.001,                                -376.664,                                  39.119,                               -3844.754,
8/27/2026 9:28:00 PM ,   44880.001,                                -376.662,                                  39.072,                               -3844.729,
8/27/2026 9:29:00 PM ,   44940.001,                                -376.664,                                  39.119,                               -3844.754,
8/27/2026 9:30:00 PM ,   45000.001,                                -376.664,                                  39.119,                               -3844.754,
8/27/2026 9:31:00 PM ,   45060.001,                                -376.662,                                  39.072,                               -3844.729,
8/27/2026 9:32:00 PM ,   45120.001,                                -376.664,                                  39.119,                               -3844.754,
8/27/2026 9:33:00 PM ,   45180.001,                                -376.662,                                  39.072,                               -3844.729,
8/27/2026 9:34:00 PM ,   45240.001,                                -376.662,                                  39.072,                               -3844.729,
8/27/2026 9:35:00 PM ,   45300.001,                                -376.662,                                  39.072,                               -3844.729,
8/27/2026 9:36:00 PM ,   45360.001,                                -376.664,                                  39.119,                               -3844.754,
8/27/2026 9:37:00 PM ,   45420.001,                                -376.664,                                  39.119,                               -3844.754,
8/27/2026 9:38:00 PM ,   45480.001,                                -376.664,                                  39.119,                               -3844.754,
8/27/2026 9:39:00 PM ,   45540.001,                                -376.664,                                  39.119,                               -3844.754,
8/27/2026 9:40:00 PM ,   45600.001,                                -376.662,                                  39.072,                               -3844.729,
8/27/2026 9:41:00 PM ,   45660.001,                                -376.664,                                  39.119,                               -3844.754,
8/27/2026 9:42:00 PM ,   45720.001,                                -376.664,                                  39.119,                               -3844.754,
8/27/2026 9:43:00 PM ,   45780.001,                                -376.662,                                  39.072,                               -3844.729,
8/27/2026 9:44:00 PM ,   45840.001,                                -376.664,                                  39.119,                               -3844.754,
8/27/2026 9:45:00 PM ,   45900.001,                                -376.664,                                  39.119,                               -3844.754,
8/27/2026 9:46:00 PM ,   45960.001,                                -376.664,                                  39.119,                               -3844.754,
8/27/2026 9:47:00 PM ,   46020.001,                                -376.664,                                  39.119,                               -3844.754,
8/27/2026 9:48:00 PM ,   46080.001,                                -376.662,                                  39.072,                               -3844.729,
8/27/2026 9:49:00 PM ,   46140.001,                                -376.664,                                  39.119,                               -3844.754,
8/27/2026 9:50:00 PM ,   46200.001,                                -376.664,                                  39.119,                               -3844.754,
8/27/2026 9:51:00 PM ,   46260.001,                                -376.662,                                  39.072,                               -3844.729,
8/27/2026 9:52:00 PM ,   46320.001,                                -376.662,                                  39.072,                               -3844.729,
8/27/2026 9:53:00 PM ,   46380.001,                                -376.662,                                  39.072,                               -3844.729,
8/27/2026 9:54:00 PM ,   46440.001,                                -376.662,                                  39.072,                               -3844.729,
8/27/2026 9:55:00 PM ,   46500.001,                                -376.664,                                  39.119,                               -3844.754,
8/27/2026 9:56:00 PM ,   46560.001,                                -376.664,                                  39.119,                               -3844.754,
8/27/2026 9:57:00 PM ,   46620.001,                                -376.664,                                  39.119,                               -3844.754,
8/27/2026 9:58:00 PM ,   46680.001,                                -376.664,                                  39.119,                               -3844.754,
8/27/2026 9:59:00 PM ,   46740.001,                                -376.664,                                  39.119,                               -3844.754,
8/27/2026 10:00:00 PM,   46800.001,                                -376.662,                                  39.072,                               -3844.729,
8/27/2026 10:01:00 PM,   46860.001,                                -376.662,                                  39.072,                               -3844.729,
8/27/2026 10:02:00 PM,   46920.001,                                -376.662,                                  39.072,                               -3844.729,
8/27/2026 10:03:00 PM,   46980.001,                                -376.662,                                  39.072,                               -3844.729,
8/27/2026 10:04:00 PM,   47040.001,                                -376.664,                                  39.119,                               -3844.754,
8/27/2026 10:05:00 PM,   47100.001,                                -376.664,                                  39.119,                               -3844.754,
8/27/2026 10:06:00 PM,   47160.001,                                -376.662,                                  39.072,                               -3844.729,
8/27/2026 10:07:00 PM,   47220.001,                                -376.664,                                  39.119,                               -3844.754,
8/27/2026 10:08:00 PM,   47280.001,                                -376.664,                                  39.119,                               -3844.754,
8/27/2026 10:09:00 PM,   47340.001,                                -376.664,                                  39.119,                               -3844.754,
8/27/2026 10:10:00 PM,   47400.001,                                -376.662,                                  39.072,                               -3844.729,
8/27/2026 10:11:00 PM,   47460.001,                                -376.664,                                  39.119,                               -3844.754,
8/27/2026 10:12:00 PM,   47520.001,                                -376.664,                                  39.119,                               -3844.754,
8/27/2026 10:13:00 PM,   47580.001,                                -376.662,                                  39.072,                               -3844.729,
8/27/2026 10:14:00 PM,   47640.001,                                -376.662,                                  39.072,                               -3844.729,
8/27/2026 10:15:00 PM,   47700.001,                                -376.664,                                  39.119,                               -3844.754,
8/27/2026 10:16:00 PM,   47760.001,                                -376.664,                                  39.119,                               -3844.754,
8/27/2026 10:17:00 PM,   47820.001,                                -376.662,                                  39.072,                               -3844.729,
8/27/2026 10:18:00 PM,   47880.001,                                -376.662,                                  39.072,                               -3844.729,
8/27/2026 10:19:00 PM,   47940.001,                                -376.664,                                  39.119,                               -3844.754,
8/27/2026 10:20:00 PM,   48000.001,                                -376.664,                                  39.119,                               -3844.754,
8/27/2026 10:21:00 PM,   48060.001,                                -376.662,                                  39.072,                               -3844.729,
8/27/2026 10:22:00 PM,   48120.001,                                -376.662,                                  39.072,                               -3844.729,
8/27/2026 10:23:00 PM,   48180.001,                                -376.664,                                  39.119,                               -3844.754,
8/27/2026 10:24:00 PM,   48240.001,                                -376.662,                                  39.072,                               -3844.729,
8/27/2026 10:25:00 PM,   48300.001,                                -376.662,                                  39.072,                               -3844.729,
8/27/2026 10:26:00 PM,   48360.001,                                -376.662,                                  39.072,                               -3844.729,
8/27/2026 10:27:00 PM,   48420.001,                                -376.662,                                  39.072,                               -3844.729,
8/27/2026 10:28:00 PM,   48480.001,                                -376.664,                                  39.119,                               -3844.754,
8/27/2026 10:29:00 PM,   48540.001,                                -376.662,                                  39.072,                               -3844.729,
8/27/2026 10:30:00 PM,   48600.001,                                -376.664,                                  39.119,                               -3844.754,
8/27/2026 10:31:00 PM,   48660.001,                                -376.662,                                  39.072,                               -3844.729,
8/27/2026 10:32:00 PM,   48720.001,                                -376.662,                                  39.072,                               -3844.729,
8/27/2026 10:33:00 PM,   48780.001,                                -376.662,                                  39.072,                               -3844.729,
8/27/2026 10:34:00 PM,   48840.001,                                -376.664,                                  39.119,                               -3844.754,
8/27/2026 10:35:00 PM,   48900.001,                                -376.662,                                  39.072,                               -3844.729,
8/27/2026 10:36:00 PM,   48960.001,                                -376.664,                                  39.119,                               -3844.754,
8/27/2026 10:37:00 PM,   49020.001,                                -376.662,                                  39.072,                               -3844.729,
8/27/2026 10:38:00 PM,   49080.001,                                -376.662,                                  39.072,                               -3844.729,
8/27/2026 10:39:00 PM,   49140.001,                                -376.662,                                  39.072,                               -3844.729,
8/27/2026 10:40:00 PM,   49200.001,                                -376.662,                                  39.072,                               -3844.729,
8/27/2026 10:41:00 PM,   49260.001,                                -376.662,                                  39.072,                               -3844.729,
8/27/2026 10:42:00 PM,   49320.001,                                -376.662,                                  39.072,                               -3844.729,
8/27/2026 10:43:00 PM,   49380.001,                                -376.662,                                  39.072,                               -3844.729,
8/27/2026 10:44:00 PM,   49440.001,                                -376.662,                                  39.072,                               -3844.729,
8/27/2026 10:45:00 PM,   49500.001,                                -376.662,                                  39.072,                               -3844.729,
8/27/2026 10:46:00 PM,   49560.001,                                -376.664,                                  39.119,                               -3844.754,
8/27/2026 10:47:00 PM,   49620.001,                                -376.664,                                  39.119,                               -3844.754,
8/27/2026 10:48:00 PM,   49680.001,                                -376.662,                                  39.072,                               -3844.729,
8/27/2026 10:49:00 PM,   49740.001,                                -376.662,                                  39.072,                               -3844.729,
8/27/2026 10:50:00 PM,   49800.001,                                -376.664,                                  39.119,                               -3844.754,
8/27/2026 10:51:00 PM,   49860.001,                                -376.662,                                  39.072,                               -3844.729,
8/27/2026 10:52:00 PM,   49920.001,                                -376.662,                                  39.072,                               -3844.729,
8/27/2026 10:53:00 PM,   49980.001,                                -376.662,                                  39.072,                               -3844.729,
8/27/2026 10:54:00 PM,   50040.001,                                -376.664,                                  39.119,                               -3844.754,
8/27/2026 10:55:00 PM,   50100.001,                                -376.664,                                  39.119,                               -3844.754,
8/27/2026 10:56:00 PM,   50160.001,                                -376.664,                                  39.119,                               -3844.754,
8/27/2026 10:57:00 PM,   50220.001,                                -376.662,                                  39.072,                               -3844.729,
8/27/2026 10:58:00 PM,   50280.001,                                -376.662,                                  39.072,                               -3844.729,
8/27/2026 10:59:00 PM,   50340.001,                                -376.662,                                  39.072,                               -3844.729,
8/27/2026 11:00:00 PM,   50400.001,                                -376.662,                                  39.072,                               -3844.729,
8/27/2026 11:01:00 PM,   50460.001,                                -376.662,                                  39.072,                               -3844.729,
8/27/2026 11:02:00 PM,   50520.001,                                -376.662,                                  39.072,                               -3844.729,
8/27/2026 11:03:00 PM,   50580.001,                                -376.662,                                  39.072,                               -3844.729,
8/27/2026 11:04:00 PM,   50640.001,                                -376.664,                                  39.119,                               -3844.754,
8/27/2026 11:05:00 PM,   50700.001,                                -376.664,                                  39.119,                               -3844.754,
8/27/2026 11:06:00 PM,   50760.001,                                -376.662,                                  39.072,                               -3844.729,
8/27/2026 11:07:00 PM,   50820.001,                                -376.662,                                  39.072,                               -3844.729,
8/27/2026 11:08:00 PM,   50880.001,                                -376.662,                                  39.072,                               -3844.729,
8/27/2026 11:09:00 PM,   50940.001,                                -376.662,                                  39.072,                               -3844.729,
8/27/2026 11:10:00 PM,   51000.001,                                -376.662,                                  39.072,                               -3844.729,
8/27/2026 11:11:00 PM,   51060.001,                                -376.662,                                  39.072,                               -3844.729,
8/27/2026 11:12:00 PM,   51120.001,                                -376.662,                                  39.072,                               -3844.729,
8/27/2026 11:13:00 PM,   51180.001,                                -376.662,                                  39.072,                               -3844.729,
8/27/2026 11:14:00 PM,   51240.001,                                -376.662,                                  39.072,                               -3844.729,
8/27/2026 11:15:00 PM,   51300.001,                                -376.662,                                  39.072,                               -3844.729,
8/27/2026 11:16:00 PM,   51360.001,                                -376.662,                                  39.072,                               -3844.729,
8/27/2026 11:17:00 PM,   51420.001,                                -376.662,                                  39.072,                               -3844.729,
8/27/2026 11:18:00 PM,   51480.001,                                -376.662,                                  39.072,                               -3844.729,
8/27/2026 11:19:00 PM,   51540.001,                                -376.664,                                  39.119,                               -3844.754,
8/27/2026 11:20:00 PM,   51600.001,                                -376.664,                                  39.119,                               -3844.754,
8/27/2026 11:21:00 PM,   51660.001,                                -376.662,                                  39.072,                               -3844.729,
8/27/2026 11:22:00 PM,   51720.001,                                -376.664,                                  39.119,                               -3844.754,
8/27/2026 11:23:00 PM,   51780.001,                                -376.662,                                  39.072,                               -3844.729,
8/27/2026 11:24:00 PM,   51840.001,                                -376.662,                                  39.072,                               -3844.729,
8/27/2026 11:25:00 PM,   51900.001,                                -376.664,                                  39.119,                               -3844.754,
8/27/2026 11:26:00 PM,   51960.001,                                -376.662,                                  39.072,                               -3844.729,
8/27/2026 11:27:00 PM,   52020.001,                                -376.662,                                  39.072,                               -3844.729,
8/27/2026 11:28:00 PM,   52080.001,                                -376.662,                                  39.072,                               -3844.729,
8/27/2026 11:29:00 PM,   52140.001,                                -376.662,                                  39.072,                               -3844.729,
8/27/2026 11:30:00 PM,   52200.001,                                -376.664,                                  39.119,                               -3844.754,
8/27/2026 11:31:00 PM,   52260.001,                                -376.662,                                  39.072,                               -3844.729,
8/27/2026 11:32:00 PM,   52320.001,                                -376.662,                                  39.072,                               -3844.729,
8/27/2026 11:33:00 PM,   52380.001,                                -376.662,                                  39.072,                               -3844.729,
8/27/2026 11:34:00 PM,   52440.001,                                -376.662,                                  39.072,                               -3844.729,
8/27/2026 11:35:00 PM,   52500.001,                                -376.662,                                  39.072,                               -3844.729,
8/27/2026 11:36:00 PM,   52560.001,                                -376.662,                                  39.072,                               -3844.729,
8/27/2026 11:37:00 PM,   52620.001,                                -376.664,                                  39.119,                               -3844.754,
8/27/2026 11:38:00 PM,   52680.001,                                -376.662,                                  39.072,                               -3844.729,
8/27/2026 11:39:00 PM,   52740.001,                                -376.662,                                  39.072,                               -3844.729,
8/27/2026 11:40:00 PM,   52800.001,                                -376.662,                                  39.072,                               -3844.729,
8/27/2026 11:41:00 PM,   52860.001,                                -376.664,                                  39.119,                               -3844.754,
8/27/2026 11:42:00 PM,   52920.001,                                -376.664,                                  39.119,                               -3844.754,
8/27/2026 11:43:00 PM,   52980.001,                                -376.664,                                  39.119,                               -3844.754,
8/27/2026 11:44:00 PM,   53040.001,                                -376.662,                                  39.072,                               -3844.729,
8/27/2026 11:45:00 PM,   53100.001,                                -376.662,                                  39.072,                               -3844.729,
8/27/2026 11:46:00 PM,   53160.001,                                -376.664,                                  39.119,                               -3844.754,
8/27/2026 11:47:00 PM,   53220.001,                                -376.664,                                  39.119,                               -3844.754,
8/27/2026 11:48:00 PM,   53280.001,                                -376.664,                                  39.119,                               -3844.754,
8/27/2026 11:49:00 PM,   53340.001,                                -376.664,                                  39.119,                               -3844.754,
8/27/2026 11:50:00 PM,   53400.001,                                -376.662,                                  39.072,                               -3844.729,
8/27/2026 11:51:00 PM,   53460.001,                                -376.662,                                  39.072,                               -3844.729,
8/27/2026 11:52:00 PM,   53520.001,                                -376.662,                                  39.072,                               -3844.729,
8/27/2026 11:53:00 PM,   53580.001,                                -376.662,                                  39.072,                               -3844.729,
8/27/2026 11:54:00 PM,   53640.001,                                -376.662,                                  39.072,                               -3844.729,
8/27/2026 11:55:00 PM,   53700.001,                                -376.664,                                  39.119,                               -3844.754,
8/27/2026 11:56:00 PM,   53760.001,                                -376.662,                                  39.072,                               -3844.729,
8/27/2026 11:57:00 PM,   53820.001,                                -376.662,                                  39.072,                               -3844.729,
8/27/2026 11:58:00 PM,   53880.001,                                -376.664,                                  39.119,                               -3844.754,
8/27/2026 11:59:00 PM,   53940.001,                                -376.664,                                  39.119,                               -3844.754,
8/28/2026 12:00:00 AM,   54000.001,                                -376.662,                                  39.072,                               -3844.729,
8/28/2026 12:01:00 AM,   54060.001,                                -376.662,                                  39.072,                               -3844.729,
8/28/2026 12:02:00 AM,   54120.001,                                -376.664,                                  39.119,                               -3844.754,
8/28/2026 12:03:00 AM,   54180.001,                                -376.662,                                  39.072,                               -3844.729,
8/28/2026 12:04:00 AM,   54240.001,                                -376.664,                                  39.119,                               -3844.754,
8/28/2026 12:05:00 AM,   54300.001,                                -376.664,                                  39.119,                               -3844.754,
8/28/2026 12:06:00 AM,   54360.001,                                -376.662,                                  39.072,                               -3844.729,
8/28/2026 12:07:00 AM,   54420.001,                                -376.664,                                  39.119,                               -3844.754,
8/28/2026 12:08:00 AM,   54480.001,                                -376.664,                                  39.119,                               -3844.754,
8/28/2026 12:09:00 AM,   54540.001,                                -376.662,                                  39.072,                               -3844.729,
8/28/2026 12:10:00 AM,   54600.001,                                -376.662,                                  39.072,                               -3844.729,
8/28/2026 12:11:00 AM,   54660.001,                                -376.664,                                  39.119,                               -3844.754,
8/28/2026 12:12:00 AM,   54720.001,                                -376.664,                                  39.119,                               -3844.754,
8/28/2026 12:13:00 AM,   54780.001,                                -376.662,                                  39.072,                               -3844.729,
8/28/2026 12:14:00 AM,   54840.001,                                -376.664,                                  39.119,                               -3844.754,
8/28/2026 12:15:00 AM,   54900.001,                                -376.664,                                  39.119,                               -3844.754,
8/28/2026 12:16:00 AM,   54960.001,                                -376.664,                                  39.119,                               -3844.754,
8/28/2026 12:17:00 AM,   55020.001,                                -376.662,                                  39.072,                               -3844.729,
8/28/2026 12:18:00 AM,   55080.001,                                -376.664,                                  39.119,                               -3844.754,
8/28/2026 12:19:00 AM,   55140.001,                                -376.664,                                  39.119,                               -3844.754,
8/28/2026 12:20:00 AM,   55200.001,                                -376.662,                                  39.072,                               -3844.729,
8/28/2026 12:21:00 AM,   55260.001,                                -376.662,                                  39.072,                               -3844.729,
8/28/2026 12:22:00 AM,   55320.001,                                -376.662,                                  39.072,                               -3844.729,
8/28/2026 12:23:00 AM,   55380.001,                                -376.664,                                  39.119,                               -3844.754,
8/28/2026 12:24:00 AM,   55440.001,                                -376.664,                                  39.119,                               -3844.754,
8/28/2026 12:25:00 AM,   55500.001,                                -376.664,                                  39.119,                               -3844.754,
8/28/2026 12:26:00 AM,   55560.001,                                -376.664,                                  39.119,                               -3844.754,
8/28/2026 12:27:00 AM,   55620.001,                                -376.664,                                  39.119,                               -3844.754,
8/28/2026 12:28:00 AM,   55680.001,                                -376.664,                                  39.119,                               -3844.754,
8/28/2026 12:29:00 AM,   55740.001,                                -376.662,                                  39.072,                               -3844.729,
8/28/2026 12:30:00 AM,   55800.001,                                -376.662,                                  39.072,                               -3844.729,
8/28/2026 12:31:00 AM,   55860.001,                                -376.664,                                  39.119,                               -3844.754,
8/28/2026 12:32:00 AM,   55920.001,                                -376.664,                                  39.119,                               -3844.754,
8/28/2026 12:33:00 AM,   55980.001,                                -376.664,                                  39.119,                               -3844.754,
8/28/2026 12:34:00 AM,   56040.001,                                -376.664,                                  39.119,                               -3844.754,
8/28/2026 12:35:00 AM,   56100.001,                                -376.664,                                  39.119,                               -3844.754,
8/28/2026 12:36:00 AM,   56160.001,                                -376.664,                                  39.119,                               -3844.754,
8/28/2026 12:37:00 AM,   56220.001,                                -376.664,                                  39.119,                               -3844.754,
8/28/2026 12:38:00 AM,   56280.001,                                -376.664,                                  39.119,                               -3844.754,
8/28/2026 12:39:00 AM,   56340.001,                                -376.664,                                  39.119,                               -3844.754,
8/28/2026 12:40:00 AM,   56400.001,                                -376.664,                                  39.119,                               -3844.754,
8/28/2026 12:41:00 AM,   56460.001,                                -376.664,                                  39.119,                               -3844.754,
8/28/2026 12:42:00 AM,   56520.001,                                -376.664,                                  39.119,                               -3844.754,
8/28/2026 12:43:00 AM,   56580.001,                                -376.664,                                  39.119,                               -3844.754,
8/28/2026 12:44:00 AM,   56640.001,                                -376.664,                                  39.119,                               -3844.754,
8/28/2026 12:45:00 AM,   56700.001,                                -376.664,                                  39.119,                               -3844.754,
8/28/2026 12:46:00 AM,   56760.001,                                -376.664,                                  39.119,                               -3844.754,
8/28/2026 12:47:00 AM,   56820.001,                                -376.664,                                  39.119,                               -3844.754,
8/28/2026 12:48:00 AM,   56880.001,                                -376.664,                                  39.119,                               -3844.754,
8/28/2026 12:49:00 AM,   56940.001,                                -376.664,                                  39.119,                               -3844.754,
8/28/2026 12:50:00 AM,   57000.001,                                -376.664,                                  39.119,                               -3844.754,
8/28/2026 12:51:00 AM,   57060.001,                                -376.664,                                  39.119,                               -3844.754,
8/28/2026 12:52:00 AM,   57120.001,                                -376.664,                                  39.119,                               -3844.754,
8/28/2026 12:53:00 AM,   57180.001,                                -376.664,                                  39.119,                               -3844.754,
8/28/2026 12:54:00 AM,   57240.001,                                -376.664,                                  39.119,                               -3844.754,
8/28/2026 12:55:00 AM,   57300.001,                                -376.664,                                  39.119,                               -3844.754,
8/28/2026 12:56:00 AM,   57360.001,                                -376.664,                                  39.119,                               -3844.754,
8/28/2026 12:57:00 AM,   57420.001,                                -376.664,                                  39.119,                               -3844.754,
8/28/2026 12:58:00 AM,   57480.001,                                -376.664,                                  39.119,                               -3844.754,
8/28/2026 12:59:00 AM,   57540.001,                                -376.664,                                  39.119,                               -3844.754,
8/28/2026 1:00:00 AM ,   57600.001,                                -376.664,                                  39.119,                               -3844.754,
8/28/2026 1:01:00 AM ,   57660.001,                                -376.664,                                  39.119,                               -3844.754,
8/28/2026 1:02:00 AM ,   57720.001,                                -376.664,                                  39.119,                               -3844.754,
8/28/2026 1:03:00 AM ,   57780.001,                                -376.664,                                  39.119,                               -3844.754,
8/28/2026 1:04:00 AM ,   57840.001,                                -376.664,                                  39.119,                               -3844.754,
8/28/2026 1:05:00 AM ,   57900.001,                                -376.664,                                  39.119,                               -3844.754,
8/28/2026 1:06:00 AM ,   57960.001,                                -376.664,                                  39.119,                               -3844.754,
8/28/2026 1:07:00 AM ,   58020.001,                                -376.664,                                  39.119,                               -3844.754,
8/28/2026 1:08:00 AM ,   58080.001,                                -376.664,                                  39.119,                               -3844.754,
8/28/2026 1:09:00 AM ,   58140.001,                                -376.667,                                  39.165,                               -3844.779,
8/28/2026 1:10:00 AM ,   58200.001,                                -376.664,                                  39.119,                               -3844.754,
8/28/2026 1:11:00 AM ,   58260.001,                                -376.667,                                  39.165,                               -3844.779,
8/28/2026 1:12:00 AM ,   58320.001,                                -376.664,                                  39.119,                               -3844.754,
8/28/2026 1:13:00 AM ,   58380.001,                                -376.664,                                  39.119,                               -3844.754,
8/28/2026 1:14:00 AM ,   58440.001,                                -376.664,                                  39.119,                               -3844.754,
8/28/2026 1:15:00 AM ,   58500.001,                                -376.664,                                  39.119,                               -3844.754,
8/28/2026 1:16:00 AM ,   58560.001,                                -376.664,                                  39.119,                               -3844.754,
8/28/2026 1:17:00 AM ,   58620.001,                                -376.664,                                  39.119,                               -3844.754,
8/28/2026 1:18:00 AM ,   58680.001,                                -376.664,                                  39.119,                               -3844.754,
8/28/2026 1:19:00 AM ,   58740.001,                                -376.664,                                  39.119,                               -3844.754,
8/28/2026 1:20:00 AM ,   58800.001,                                -376.667,                                  39.165,                               -3844.779,
8/28/2026 1:21:00 AM ,   58860.001,                                -376.667,                                  39.165,                               -3844.779,
8/28/2026 1:22:00 AM ,   58920.001,                                -376.664,                                  39.119,                               -3844.754,
8/28/2026 1:23:00 AM ,   58980.001,                                -376.667,                                  39.165,                               -3844.779,
8/28/2026 1:24:00 AM ,   59040.001,                                -376.667,                                  39.165,                               -3844.779,
8/28/2026 1:25:00 AM ,   59100.001,                                -376.664,                                  39.119,                               -3844.754,
8/28/2026 1:26:00 AM ,   59160.001,                                -376.667,                                  39.165,                               -3844.779,
8/28/2026 1:27:00 AM ,   59220.001,                                -376.667,                                  39.165,                               -3844.779,
8/28/2026 1:28:00 AM ,   59280.001,                                -376.664,                                  39.119,                               -3844.754,
8/28/2026 1:29:00 AM ,   59340.001,                                -376.664,                                  39.119,                               -3844.754,
8/28/2026 1:30:00 AM ,   59400.001,                                -376.664,                                  39.119,                               -3844.754,
8/28/2026 1:31:00 AM ,   59460.001,                                -376.664,                                  39.119,                               -3844.754,
8/28/2026 1:32:00 AM ,   59520.001,                                -376.664,                                  39.119,                               -3844.754,
8/28/2026 1:33:00 AM ,   59580.001,                                -376.664,                                  39.119,                               -3844.754,
8/28/2026 1:34:00 AM ,   59640.001,                                -376.667,                                  39.165,                               -3844.779,
8/28/2026 1:35:00 AM ,   59700.001,                                -376.664,                                  39.119,                               -3844.754,
8/28/2026 1:36:00 AM ,   59760.001,                                -376.664,                                  39.119,                               -3844.754,
8/28/2026 1:37:00 AM ,   59820.001,                                -376.664,                                  39.119,                               -3844.754,
8/28/2026 1:38:00 AM ,   59880.001,                                -376.664,                                  39.119,                               -3844.754,
8/28/2026 1:39:00 AM ,   59940.001,                                -376.664,                                  39.119,                               -3844.754,
8/28/2026 1:40:00 AM ,   60000.001,                                -376.664,                                  39.119,                               -3844.754,
8/28/2026 1:41:00 AM ,   60060.001,                                -376.667,                                  39.165,                               -3844.779,
8/28/2026 1:42:00 AM ,   60120.001,                                -376.667,                                  39.165,                               -3844.779,
8/28/2026 1:43:00 AM ,   60180.001,                                -376.664,                                  39.119,                               -3844.754,
8/28/2026 1:44:00 AM ,   60240.001,                                -376.664,                                  39.119,                               -3844.754,
8/28/2026 1:45:00 AM ,   60300.001,                                -376.664,                                  39.119,                               -3844.754,
8/28/2026 1:46:00 AM ,   60360.001,                                -376.667,                                  39.165,                               -3844.779,
8/28/2026 1:47:00 AM ,   60420.001,                                -376.664,                                  39.119,                               -3844.754,
8/28/2026 1:48:00 AM ,   60480.001,                                -376.664,                                  39.119,                               -3844.754,
8/28/2026 1:49:00 AM ,   60540.001,                                -376.667,                                  39.165,                               -3844.779,
8/28/2026 1:50:00 AM ,   60600.001,                                -376.664,                                  39.119,                               -3844.754,
8/28/2026 1:51:00 AM ,   60660.001,                                -376.667,                                  39.165,                               -3844.779,
8/28/2026 1:52:00 AM ,   60720.001,                                -376.667,                                  39.165,                               -3844.779,
8/28/2026 1:53:00 AM ,   60780.001,                                -376.667,                                  39.165,                               -3844.779,
8/28/2026 1:54:00 AM ,   60840.001,                                -376.667,                                  39.165,                               -3844.779,
8/28/2026 1:55:00 AM ,   60900.001,                                -376.667,                                  39.165,                               -3844.779,
8/28/2026 1:56:00 AM ,   60960.001,                                -376.667,                                  39.165,                               -3844.779,
8/28/2026 1:57:00 AM ,   61020.001,                                -376.664,                                  39.119,                               -3844.754,
8/28/2026 1:58:00 AM ,   61080.001,                                -376.664,                                  39.119,                               -3844.754,
8/28/2026 1:59:00 AM ,   61140.001,                                -376.664,                                  39.119,                               -3844.754,
8/28/2026 2:00:00 AM ,   61200.001,                                -376.664,                                  39.119,                               -3844.754,
8/28/2026 2:01:00 AM ,   61260.001,                                -376.667,                                  39.165,                               -3844.779,
8/28/2026 2:02:00 AM ,   61320.001,                                -376.664,                                  39.119,                               -3844.754,
8/28/2026 2:03:00 AM ,   61380.001,                                -376.664,                                  39.119,                               -3844.754,
8/28/2026 2:04:00 AM ,   61440.001,                                -376.664,                                  39.119,                               -3844.754,
8/28/2026 2:05:00 AM ,   61500.001,                                -376.667,                                  39.165,                               -3844.779,
8/28/2026 2:06:00 AM ,   61560.001,                                -376.664,                                  39.119,                               -3844.754,
8/28/2026 2:07:00 AM ,   61620.001,                                -376.664,                                  39.119,                               -3844.754,
8/28/2026 2:08:00 AM ,   61680.001,                                -376.664,                                  39.119,                               -3844.754,
8/28/2026 2:09:00 AM ,   61740.001,                                -376.664,                                  39.119,                               -3844.754,
8/28/2026 2:10:00 AM ,   61800.001,                                -376.664,                                  39.119,                               -3844.754,
8/28/2026 2:11:00 AM ,   61860.001,                                -376.664,                                  39.119,                               -3844.754,
8/28/2026 2:12:00 AM ,   61920.001,                                -376.664,                                  39.119,                               -3844.754,
8/28/2026 2:13:00 AM ,   61980.001,                                -376.664,                                  39.119,                               -3844.754,
8/28/2026 2:14:00 AM ,   62040.001,                                -376.664,                                  39.119,                               -3844.754,
8/28/2026 2:15:00 AM ,   62100.001,                                -376.664,                                  39.119,                               -3844.754,
8/28/2026 2:16:00 AM ,   62160.001,                                -376.664,                                  39.119,                               -3844.754,
8/28/2026 2:17:00 AM ,   62220.001,                                -376.664,                                  39.119,                               -3844.754,
8/28/2026 2:18:00 AM ,   62280.001,                                -376.664,                                  39.119,                               -3844.754,
8/28/2026 2:19:00 AM ,   62340.001,                                -376.667,                                  39.165,                               -3844.779,
8/28/2026 2:20:00 AM ,   62400.001,                                -376.664,                                  39.119,                               -3844.754,
8/28/2026 2:21:00 AM ,   62460.001,                                -376.667,                                  39.165,                               -3844.779,
8/28/2026 2:22:00 AM ,   62520.001,                                -376.667,                                  39.165,                               -3844.779,
8/28/2026 2:23:00 AM ,   62580.001,                                -376.667,                                  39.165,                               -3844.779,
8/28/2026 2:24:00 AM ,   62640.001,                                -376.667,                                  39.165,                               -3844.779,
8/28/2026 2:25:00 AM ,   62700.001,                                -376.664,                                  39.119,                               -3844.754,
8/28/2026 2:26:00 AM ,   62760.001,                                -376.667,                                  39.165,                               -3844.779,
8/28/2026 2:27:00 AM ,   62820.001,                                -376.664,                                  39.119,                               -3844.754,
8/28/2026 2:28:00 AM ,   62880.001,                                -376.667,                                  39.165,                               -3844.779,
8/28/2026 2:29:00 AM ,   62940.001,                                -376.667,                                  39.165,                               -3844.779,
8/28/2026 2:30:00 AM ,   63000.001,                                -376.664,                                  39.119,                               -3844.754,
8/28/2026 2:31:00 AM ,   63060.001,                                -376.667,                                  39.165,                               -3844.779,
8/28/2026 2:32:00 AM ,   63120.001,                                -376.664,                                  39.119,                               -3844.754,
8/28/2026 2:33:00 AM ,   63180.001,                                -376.664,                                  39.119,                               -3844.754,
8/28/2026 2:34:00 AM ,   63240.001,                                -376.667,                                  39.165,                               -3844.779,
8/28/2026 2:35:00 AM ,   63300.001,                                -376.667,                                  39.165,                               -3844.779,
8/28/2026 2:36:00 AM ,   63360.001,                                -376.664,                                  39.119,                               -3844.754,
8/28/2026 2:37:00 AM ,   63420.001,                                -376.664,                                  39.119,                               -3844.754,
8/28/2026 2:38:00 AM ,   63480.001,                                -376.664,                                  39.119,                               -3844.754,
8/28/2026 2:39:00 AM ,   63540.001,                                -376.667,                                  39.165,                               -3844.779,
8/28/2026 2:40:00 AM ,   63600.001,                                -376.664,                                  39.119,                               -3844.754,
8/28/2026 2:41:00 AM ,   63660.001,                                -376.664,                                  39.119,                               -3844.754,
8/28/2026 2:42:00 AM ,   63720.001,                                -376.664,                                  39.119,                               -3844.754,
8/28/2026 2:43:00 AM ,   63780.001,                                -376.664,                                  39.119,                               -3844.754,
8/28/2026 2:44:00 AM ,   63840.001,                                -376.664,                                  39.119,                               -3844.754,
8/28/2026 2:45:00 AM ,   63900.001,                                -376.667,                                  39.165,                               -3844.779,
8/28/2026 2:46:00 AM ,   63960.001,                                -376.664,                                  39.119,                               -3844.754,
8/28/2026 2:47:00 AM ,   64020.001,                                -376.664,                                  39.119,                               -3844.754,
8/28/2026 2:48:00 AM ,   64080.001,                                -376.667,                                  39.165,                               -3844.779,
8/28/2026 2:49:00 AM ,   64140.001,                                -376.664,                                  39.119,                               -3844.754,
8/28/2026 2:50:00 AM ,   64200.001,                                -376.667,                                  39.165,                               -3844.779,
8/28/2026 2:51:00 AM ,   64260.001,                                -376.664,                                  39.119,                               -3844.754,
8/28/2026 2:52:00 AM ,   64320.001,                                -376.667,                                  39.165,                               -3844.779,
8/28/2026 2:53:00 AM ,   64380.001,                                -376.667,                                  39.165,                               -3844.779,
8/28/2026 2:54:00 AM ,   64440.001,                                -376.664,                                  39.119,                               -3844.754,
8/28/2026 2:55:00 AM ,   64500.001,                                -376.667,                                  39.165,                               -3844.779,
8/28/2026 2:56:00 AM ,   64560.001,                                -376.664,                                  39.119,                               -3844.754,
8/28/2026 2:57:00 AM ,   64620.001,                                -376.664,                                  39.119,                               -3844.754,
8/28/2026 2:58:00 AM ,   64680.001,                                -376.664,                                  39.119,                               -3844.754,
8/28/2026 2:59:00 AM ,   64740.001,                                -376.667,                                  39.165,                               -3844.779,
8/28/2026 3:00:00 AM ,   64800.001,                                -376.664,                                  39.119,                               -3844.754,
8/28/2026 3:01:00 AM ,   64860.001,                                -376.667,                                  39.165,                               -3844.779,
8/28/2026 3:02:00 AM ,   64920.001,                                -376.664,                                  39.119,                               -3844.754,
8/28/2026 3:03:00 AM ,   64980.001,                                -376.664,                                  39.119,                               -3844.754,
8/28/2026 3:04:00 AM ,   65040.001,                                -376.664,                                  39.119,                               -3844.754,
8/28/2026 3:05:00 AM ,   65100.001,                                -376.664,                                  39.119,                               -3844.754,
8/28/2026 3:06:00 AM ,   65160.001,                                -376.664,                                  39.119,                               -3844.754,
8/28/2026 3:07:00 AM ,   65220.001,                                -376.664,                                  39.119,                               -3844.754,
8/28/2026 3:08:00 AM ,   65280.001,                                -376.664,                                  39.119,                               -3844.754,
8/28/2026 3:09:00 AM ,   65340.001,                                -376.664,                                  39.119,                               -3844.754,
8/28/2026 3:10:00 AM ,   65400.001,                                -376.664,                                  39.119,                               -3844.754,
8/28/2026 3:11:00 AM ,   65460.001,                                -376.667,                                  39.165,                               -3844.779,
8/28/2026 3:12:00 AM ,   65520.001,                                -376.664,                                  39.119,                               -3844.754,
8/28/2026 3:13:00 AM ,   65580.001,                                -376.664,                                  39.119,                               -3844.754,
8/28/2026 3:14:00 AM ,   65640.001,                                -376.667,                                  39.165,                               -3844.779,
8/28/2026 3:15:00 AM ,   65700.001,                                -376.664,                                  39.119,                               -3844.754,
8/28/2026 3:16:00 AM ,   65760.001,                                -376.667,                                  39.165,                               -3844.779,
8/28/2026 3:17:00 AM ,   65820.001,                                -376.667,                                  39.165,                               -3844.779,
8/28/2026 3:18:00 AM ,   65880.001,                                -376.667,                                  39.165,                               -3844.779,
8/28/2026 3:19:00 AM ,   65940.001,                                -376.664,                                  39.119,                               -3844.754,
8/28/2026 3:20:00 AM ,   66000.001,                                -376.667,                                  39.165,                               -3844.779,
8/28/2026 3:21:00 AM ,   66060.001,                                -376.664,                                  39.119,                               -3844.754,
8/28/2026 3:22:00 AM ,   66120.001,                                -376.664,                                  39.119,                               -3844.754,
8/28/2026 3:23:00 AM ,   66180.001,                                -376.667,                                  39.165,                               -3844.779,
8/28/2026 3:24:00 AM ,   66240.001,                                -376.667,                                  39.165,                               -3844.779,
8/28/2026 3:25:00 AM ,   66300.001,                                -376.667,                                  39.165,                               -3844.779,
8/28/2026 3:26:00 AM ,   66360.001,                                -376.667,                                  39.165,                               -3844.779,
8/28/2026 3:27:00 AM ,   66420.001,                                -376.667,                                  39.165,                               -3844.779,
8/28/2026 3:28:00 AM ,   66480.001,                                -376.667,                                  39.165,                               -3844.779,
8/28/2026 3:29:00 AM ,   66540.001,                                -376.667,                                  39.165,                               -3844.779,
8/28/2026 3:30:00 AM ,   66600.001,                                -376.667,                                  39.165,                               -3844.779,
8/28/2026 3:31:00 AM ,   66660.001,                                -376.667,                                  39.165,                               -3844.779,
8/28/2026 3:32:00 AM ,   66720.001,                                -376.667,                                  39.165,                               -3844.779,
8/28/2026 3:33:00 AM ,   66780.001,                                -376.664,                                  39.119,                               -3844.754,
8/28/2026 3:34:00 AM ,   66840.001,                                -376.664,                                  39.119,                               -3844.754,
8/28/2026 3:35:00 AM ,   66900.001,                                -376.664,                                  39.119,                               -3844.754,
8/28/2026 3:36:00 AM ,   66960.001,                                -376.664,                                  39.119,                               -3844.754,
8/28/2026 3:37:00 AM ,   67020.001,                                -376.664,                                  39.119,                               -3844.754,
8/28/2026 3:38:00 AM ,   67080.001,                                -376.664,                                  39.119,                               -3844.754,
8/28/2026 3:39:00 AM ,   67140.001,                                -376.667,                                  39.165,                               -3844.779,
8/28/2026 3:40:00 AM ,   67200.001,                                -376.667,                                  39.165,                               -3844.779,
8/28/2026 3:41:00 AM ,   67260.001,                                -376.667,                                  39.165,                               -3844.779,
8/28/2026 3:42:00 AM ,   67320.001,                                -376.667,                                  39.165,                               -3844.779,
8/28/2026 3:43:00 AM ,   67380.001,                                -376.667,                                  39.165,                               -3844.779,
8/28/2026 3:44:00 AM ,   67440.001,                                -376.667,                                  39.165,                               -3844.779,
8/28/2026 3:45:00 AM ,   67500.001,                                -376.664,                                  39.119,                               -3844.754,
8/28/2026 3:46:00 AM ,   67560.001,                                -376.667,                                  39.165,                               -3844.779,
8/28/2026 3:47:00 AM ,   67620.001,                                -376.664,                                  39.119,                               -3844.754,
8/28/2026 3:48:00 AM ,   67680.001,                                -376.667,                                  39.165,                               -3844.779,
8/28/2026 3:49:00 AM ,   67740.001,                                -376.664,                                  39.119,                               -3844.754,
8/28/2026 3:50:00 AM ,   67800.001,                                -376.667,                                  39.165,                               -3844.779,
8/28/2026 3:51:00 AM ,   67860.001,                                -376.667,                                  39.165,                               -3844.779,
8/28/2026 3:52:00 AM ,   67920.001,                                -376.664,                                  39.119,                               -3844.754,
8/28/2026 3:53:00 AM ,   67980.001,                                -376.664,                                  39.119,                               -3844.754,
8/28/2026 3:54:00 AM ,   68040.001,                                -376.667,                                  39.165,                               -3844.779,
8/28/2026 3:55:00 AM ,   68100.001,                                -376.664,                                  39.119,                               -3844.754,
8/28/2026 3:56:00 AM ,   68160.001,                                -376.667,                                  39.165,                               -3844.779,
8/28/2026 3:57:00 AM ,   68220.001,                                -376.667,                                  39.165,                               -3844.779,
8/28/2026 3:58:00 AM ,   68280.001,                                -376.667,                                  39.165,                               -3844.779,
8/28/2026 3:59:00 AM ,   68340.001,                                -376.667,                                  39.165,                               -3844.779,
8/28/2026 4:00:00 AM ,   68400.001,                                -376.667,                                  39.165,                               -3844.779,
8/28/2026 4:01:00 AM ,   68460.001,                                -376.667,                                  39.165,                               -3844.779,
8/28/2026 4:02:00 AM ,   68520.001,                                -376.667,                                  39.165,                               -3844.779,
8/28/2026 4:03:00 AM ,   68580.001,                                -376.667,                                  39.165,                               -3844.779,
8/28/2026 4:04:00 AM ,   68640.001,                                -376.667,                                  39.165,                               -3844.779,
8/28/2026 4:05:00 AM ,   68700.001,                                -376.667,                                  39.165,                               -3844.779,
8/28/2026 4:06:00 AM ,   68760.001,                                -376.667,                                  39.165,                               -3844.779,
8/28/2026 4:07:00 AM ,   68820.001,                                -376.667,                                  39.165,                               -3844.779,
8/28/2026 4:08:00 AM ,   68880.001,                                -376.667,                                  39.165,                               -3844.779,
8/28/2026 4:09:00 AM ,   68940.001,                                -376.667,                                  39.165,                               -3844.779,
8/28/2026 4:10:00 AM ,   69000.001,                                -376.667,                                  39.165,                               -3844.779,
8/28/2026 4:11:00 AM ,   69060.001,                                -376.667,                                  39.165,                               -3844.779,
8/28/2026 4:12:00 AM ,   69120.001,                                -376.667,                                  39.165,                               -3844.779,
8/28/2026 4:13:00 AM ,   69180.001,                                -376.667,                                  39.165,                               -3844.779,
8/28/2026 4:14:00 AM ,   69240.001,                                -376.667,                                  39.165,                               -3844.779,
8/28/2026 4:15:00 AM ,   69300.001,                                -376.667,                                  39.165,                               -3844.779,
8/28/2026 4:16:00 AM ,   69360.001,                                -376.667,                                  39.165,                               -3844.779,
8/28/2026 4:17:00 AM ,   69420.001,                                -376.664,                                  39.119,                               -3844.754,
8/28/2026 4:18:00 AM ,   69480.001,                                -376.667,                                  39.165,                               -3844.779,
8/28/2026 4:19:00 AM ,   69540.001,                                -376.667,                                  39.165,                               -3844.779,
8/28/2026 4:20:00 AM ,   69600.001,                                -376.667,                                  39.165,                               -3844.779,
8/28/2026 4:21:00 AM ,   69660.001,                                -376.667,                                  39.165,                               -3844.779,
8/28/2026 4:22:00 AM ,   69720.001,                                -376.667,                                  39.165,                               -3844.779,
8/28/2026 4:23:00 AM ,   69780.001,                                -376.667,                                  39.165,                               -3844.779,
8/28/2026 4:24:00 AM ,   69840.001,                                -376.667,                                  39.165,                               -3844.779,
8/28/2026 4:25:00 AM ,   69900.001,                                -376.667,                                  39.165,                               -3844.779,
8/28/2026 4:26:00 AM ,   69960.001,                                -376.667,                                  39.165,                               -3844.779,
8/28/2026 4:27:00 AM ,   70020.001,                                -376.667,                                  39.165,                               -3844.779,
8/28/2026 4:28:00 AM ,   70080.001,                                -376.667,                                  39.165,                               -3844.779,
8/28/2026 4:29:00 AM ,   70140.001,                                -376.667,                                  39.165,                               -3844.779,
8/28/2026 4:30:00 AM ,   70200.001,                                -376.667,                                  39.165,                               -3844.779,
8/28/2026 4:31:00 AM ,   70260.001,                                -376.667,                                  39.165,                               -3844.779,
8/28/2026 4:32:00 AM ,   70320.001,                                -376.667,                                  39.165,                               -3844.779,
8/28/2026 4:33:00 AM ,   70380.001,                                -376.667,                                  39.165,                               -3844.779,
8/28/2026 4:34:00 AM ,   70440.001,                                -376.667,                                  39.165,                               -3844.779,
8/28/2026 4:35:00 AM ,   70500.001,                                -376.667,                                  39.165,                               -3844.779,
8/28/2026 4:36:00 AM ,   70560.001,                                -376.667,                                  39.165,                               -3844.779,
8/28/2026 4:37:00 AM ,   70620.001,                                -376.667,                                  39.165,                               -3844.779,
8/28/2026 4:38:00 AM ,   70680.001,                                -376.667,                                  39.165,                               -3844.779,
8/28/2026 4:39:00 AM ,   70740.001,                                -376.667,                                  39.165,                               -3844.779,
8/28/2026 4:40:00 AM ,   70800.001,                                -376.667,                                  39.165,                               -3844.779,
8/28/2026 4:41:00 AM ,   70860.001,                                -376.667,                                  39.165,                               -3844.779,
8/28/2026 4:42:00 AM ,   70920.001,                                -376.667,                                  39.165,                               -3844.779,
8/28/2026 4:43:00 AM ,   70980.001,                                -376.667,                                  39.165,                               -3844.779,
8/28/2026 4:44:00 AM ,   71040.001,                                -376.669,                                  39.211,                               -3844.802,
8/28/2026 4:45:00 AM ,   71100.001,                                -376.667,                                  39.165,                               -3844.779,
8/28/2026 4:46:00 AM ,   71160.001,                                -376.667,                                  39.165,                               -3844.779,
8/28/2026 4:47:00 AM ,   71220.001,                                -376.667,                                  39.165,                               -3844.779,
8/28/2026 4:48:00 AM ,   71280.001,                                -376.667,                                  39.165,                               -3844.779,
8/28/2026 4:49:00 AM ,   71340.001,                                -376.667,                                  39.165,                               -3844.779,
8/28/2026 4:50:00 AM ,   71400.001,                                -376.667,                                  39.165,                               -3844.779,
8/28/2026 4:51:00 AM ,   71460.001,                                -376.667,                                  39.165,                               -3844.779,
8/28/2026 4:52:00 AM ,   71520.001,                                -376.667,                                  39.165,                               -3844.779,
8/28/2026 4:53:00 AM ,   71580.001,                                -376.667,                                  39.165,                               -3844.779,
8/28/2026 4:54:00 AM ,   71640.001,                                -376.667,                                  39.165,                               -3844.779,
8/28/2026 4:55:00 AM ,   71700.001,                                -376.667,                                  39.165,                               -3844.779,
8/28/2026 4:56:00 AM ,   71760.001,                                -376.667,                                  39.165,                               -3844.779,
8/28/2026 4:57:00 AM ,   71820.001,                                -376.667,                                  39.165,                               -3844.779,
8/28/2026 4:58:00 AM ,   71880.001,                                -376.669,                                  39.211,                               -3844.802,
8/28/2026 4:59:00 AM ,   71940.001,                                -376.667,                                  39.165,                               -3844.779,
8/28/2026 5:00:00 AM ,   72000.001,                                -376.667,                                  39.165,                               -3844.779,
8/28/2026 5:01:00 AM ,   72060.001,                                -376.667,                                  39.165,                               -3844.779,
8/28/2026 5:02:00 AM ,   72120.001,                                -376.667,                                  39.165,                               -3844.779,
8/28/2026 5:03:00 AM ,   72180.001,                                -376.667,                                  39.165,                               -3844.779,
8/28/2026 5:04:00 AM ,   72240.001,                                -376.667,                                  39.165,                               -3844.779,
8/28/2026 5:05:00 AM ,   72300.001,                                -376.667,                                  39.165,                               -3844.779,
8/28/2026 5:06:00 AM ,   72360.001,                                -376.667,                                  39.165,                               -3844.779,
8/28/2026 5:07:00 AM ,   72420.001,                                -376.667,                                  39.165,                               -3844.779,
8/28/2026 5:08:00 AM ,   72480.001,                                -376.667,                                  39.165,                               -3844.779,
8/28/2026 5:09:00 AM ,   72540.001,                                -376.667,                                  39.165,                               -3844.779,
8/28/2026 5:10:00 AM ,   72600.001,                                -376.667,                                  39.165,                               -3844.779,
8/28/2026 5:11:00 AM ,   72660.001,                                -376.667,                                  39.165,                               -3844.779,
8/28/2026 5:12:00 AM ,   72720.001,                                -376.667,                                  39.165,                               -3844.779,
8/28/2026 5:13:00 AM ,   72780.001,                                -376.667,                                  39.165,                               -3844.779,
8/28/2026 5:14:00 AM ,   72840.001,                                -376.667,                                  39.165,                               -3844.779,
8/28/2026 5:15:00 AM ,   72900.001,                                -376.667,                                  39.165,                               -3844.779,
8/28/2026 5:16:00 AM ,   72960.001,                                -376.667,                                  39.165,                               -3844.779,
8/28/2026 5:17:00 AM ,   73020.001,                                -376.667,                                  39.165,                               -3844.779,
8/28/2026 5:18:00 AM ,   73080.001,                                -376.667,                                  39.165,                               -3844.779,
8/28/2026 5:19:00 AM ,   73140.001,                                -376.667,                                  39.165,                               -3844.779,
8/28/2026 5:20:00 AM ,   73200.001,                                -376.667,                                  39.165,                               -3844.779,
8/28/2026 5:21:00 AM ,   73260.001,                                -376.667,                                  39.165,                               -3844.779,
8/28/2026 5:22:00 AM ,   73320.001,                                -376.667,                                  39.165,                               -3844.779,
8/28/2026 5:23:00 AM ,   73380.001,                                -376.667,                                  39.165,                               -3844.779,
8/28/2026 5:24:00 AM ,   73440.001,                                -376.667,                                  39.165,                               -3844.779,
8/28/2026 5:25:00 AM ,   73500.001,                                -376.667,                                  39.165,                               -3844.779,
8/28/2026 5:26:00 AM ,   73560.001,                                -376.667,                                  39.165,                               -3844.779,
8/28/2026 5:27:00 AM ,   73620.001,                                -376.667,                                  39.165,                               -3844.779,
8/28/2026 5:28:00 AM ,   73680.001,                                -376.667,                                  39.165,                               -3844.779,
8/28/2026 5:29:00 AM ,   73740.001,                                -376.667,                                  39.165,                               -3844.779,
8/28/2026 5:30:00 AM ,   73800.001,                                -376.667,                                  39.165,                               -3844.779,
8/28/2026 5:31:00 AM ,   73860.001,                                -376.667,                                  39.165,                               -3844.779,
8/28/2026 5:32:00 AM ,   73920.001,                                -376.667,                                  39.165,                               -3844.779,
8/28/2026 5:33:00 AM ,   73980.001,                                -376.667,                                  39.165,                               -3844.779,
8/28/2026 5:34:00 AM ,   74040.001,                                -376.667,                                  39.165,                               -3844.779,
8/28/2026 5:35:00 AM ,   74100.001,                                -376.667,                                  39.165,                               -3844.779,
8/28/2026 5:36:00 AM ,   74160.001,                                -376.667,                                  39.165,                               -3844.779,
8/28/2026 5:37:00 AM ,   74220.001,                                -376.667,                                  39.165,                               -3844.779,
8/28/2026 5:38:00 AM ,   74280.001,                                -376.667,                                  39.165,                               -3844.779,
8/28/2026 5:39:00 AM ,   74340.001,                                -376.669,                                  39.211,                               -3844.802,
8/28/2026 5:40:00 AM ,   74400.001,                                -376.667,                                  39.165,                               -3844.779,
8/28/2026 5:41:00 AM ,   74460.001,                                -376.667,                                  39.165,                               -3844.779,
8/28/2026 5:42:00 AM ,   74520.001,                                -376.667,                                  39.165,                               -3844.779,
8/28/2026 5:43:00 AM ,   74580.001,                                -376.667,                                  39.165,                               -3844.779,
8/28/2026 5:44:00 AM ,   74640.001,                                -376.667,                                  39.165,                               -3844.779,
8/28/2026 5:45:00 AM ,   74700.001,                                -376.667,                                  39.165,                               -3844.779,
8/28/2026 5:46:00 AM ,   74760.001,                                -376.667,                                  39.165,                               -3844.779,
8/28/2026 5:47:00 AM ,   74820.001,                                -376.667,                                  39.165,                               -3844.779,
8/28/2026 5:48:00 AM ,   74880.001,                                -376.667,                                  39.165,                               -3844.779,
8/28/2026 5:49:00 AM ,   74940.001,                                -376.667,                                  39.165,                               -3844.779,
8/28/2026 5:50:00 AM ,   75000.001,                                -376.667,                                  39.165,                               -3844.779,
8/28/2026 5:51:00 AM ,   75060.001,                                -376.667,                                  39.165,                               -3844.779,
8/28/2026 5:52:00 AM ,   75120.001,                                -376.667,                                  39.165,                               -3844.779,
8/28/2026 5:53:00 AM ,   75180.001,                                -376.667,                                  39.165,                               -3844.779,
8/28/2026 5:54:00 AM ,   75240.001,                                -376.667,                                  39.165,                               -3844.779,
8/28/2026 5:55:00 AM ,   75300.001,                                -376.667,                                  39.165,                               -3844.779,
8/28/2026 5:56:00 AM ,   75360.001,                                -376.667,                                  39.165,                               -3844.779,
8/28/2026 5:57:00 AM ,   75420.001,                                -376.667,                                  39.165,                               -3844.779,
8/28/2026 5:58:00 AM ,   75480.001,                                -376.667,                                  39.165,                               -3844.779,
8/28/2026 5:59:00 AM ,   75540.001,                                -376.667,                                  39.165,                               -3844.779,
8/28/2026 6:00:00 AM ,   75600.001,                                -376.667,                                  39.165,                               -3844.779,
8/28/2026 6:01:00 AM ,   75660.001,                                -376.667,                                  39.165,                               -3844.779,
8/28/2026 6:02:00 AM ,   75720.001,                                -376.667,                                  39.165,                               -3844.779,
8/28/2026 6:03:00 AM ,   75780.001,                                -376.667,                                  39.165,                               -3844.779,
8/28/2026 6:04:00 AM ,   75840.001,                                -376.667,                                  39.165,                               -3844.779,
8/28/2026 6:05:00 AM ,   75900.001,                                -376.667,                                  39.165,                               -3844.779,
8/28/2026 6:06:00 AM ,   75960.001,                                -376.667,                                  39.165,                               -3844.779,
8/28/2026 6:07:00 AM ,   76020.001,                                -376.667,                                  39.165,                               -3844.779,
8/28/2026 6:08:00 AM ,   76080.001,                                -376.667,                                  39.165,                               -3844.779,
8/28/2026 6:09:00 AM ,   76140.001,                                -376.667,                                  39.165,                               -3844.779,
8/28/2026 6:10:00 AM ,   76200.001,                                -376.667,                                  39.165,                               -3844.779,
8/28/2026 6:11:00 AM ,   76260.001,                                -376.667,                                  39.165,                               -3844.779,
8/28/2026 6:12:00 AM ,   76320.001,                                -376.667,                                  39.165,                               -3844.779,
8/28/2026 6:13:00 AM ,   76380.001,                                -376.667,                                  39.165,                               -3844.779,
8/28/2026 6:14:00 AM ,   76440.001,                                -376.667,                                  39.165,                               -3844.779,
8/28/2026 6:15:00 AM ,   76500.001,                                -376.667,                                  39.165,                               -3844.779,
8/28/2026 6:16:00 AM ,   76560.001,                                -376.667,                                  39.165,                               -3844.779,
8/28/2026 6:17:00 AM ,   76620.001,                                -376.667,                                  39.165,                               -3844.779,
8/28/2026 6:18:00 AM ,   76680.001,                                -376.667,                                  39.165,                               -3844.779,
8/28/2026 6:19:00 AM ,   76740.001,                                -376.667,                                  39.165,                               -3844.779,
8/28/2026 6:20:00 AM ,   76800.001,                                -376.667,                                  39.165,                               -3844.779,
8/28/2026 6:21:00 AM ,   76860.001,                                -376.667,                                  39.165,                               -3844.779,
8/28/2026 6:22:00 AM ,   76920.001,                                -376.667,                                  39.165,                               -3844.779,
8/28/2026 6:23:00 AM ,   76980.001,                                -376.667,                                  39.165,                               -3844.779,
8/28/2026 6:24:00 AM ,   77040.001,                                -376.667,                                  39.165,                               -3844.779,
8/28/2026 6:25:00 AM ,   77100.001,                                -376.667,                                  39.165,                               -3844.779,
8/28/2026 6:26:00 AM ,   77160.001,                                -376.664,                                  39.119,                               -3844.754,
8/28/2026 6:27:00 AM ,   77220.001,                                -376.667,                                  39.165,                               -3844.779,
8/28/2026 6:28:00 AM ,   77280.001,                                -376.667,                                  39.165,                               -3844.779,
8/28/2026 6:29:00 AM ,   77340.001,                                -376.667,                                  39.165,                               -3844.779,
8/28/2026 6:30:00 AM ,   77400.001,                                -376.667,                                  39.165,                               -3844.779,
8/28/2026 6:31:00 AM ,   77460.001,                                -376.667,                                  39.165,                               -3844.779,
8/28/2026 6:32:00 AM ,   77520.001,                                -376.667,                                  39.165,                               -3844.779,
8/28/2026 6:33:00 AM ,   77580.001,                                -376.667,                                  39.165,                               -3844.779,
8/28/2026 6:34:00 AM ,   77640.001,                                -376.667,                                  39.165,                               -3844.779,
8/28/2026 6:35:00 AM ,   77700.001,                                -376.667,                                  39.165,                               -3844.779,
8/28/2026 6:36:00 AM ,   77760.001,                                -376.667,                                  39.165,                               -3844.779,
8/28/2026 6:37:00 AM ,   77820.001,                                -376.667,                                  39.165,                               -3844.779,
8/28/2026 6:38:00 AM ,   77880.001,                                -376.667,                                  39.165,                               -3844.779,
8/28/2026 6:39:00 AM ,   77940.001,                                -376.667,                                  39.165,                               -3844.779,
8/28/2026 6:40:00 AM ,   78000.001,                                -376.667,                                  39.165,                               -3844.779,
8/28/2026 6:41:00 AM ,   78060.001,                                -376.667,                                  39.165,                               -3844.779,
8/28/2026 6:42:00 AM ,   78120.001,                                -376.667,                                  39.165,                               -3844.779,
8/28/2026 6:43:00 AM ,   78180.001,                                -376.667,                                  39.165,                               -3844.779,
8/28/2026 6:44:00 AM ,   78240.001,                                -376.667,                                  39.165,                               -3844.779,
8/28/2026 6:45:00 AM ,   78300.001,                                -376.667,                                  39.165,                               -3844.779,
8/28/2026 6:46:00 AM ,   78360.001,                                -376.667,                                  39.165,                               -3844.779,
8/28/2026 6:47:00 AM ,   78420.001,                                -376.667,                                  39.165,                               -3844.779,
8/28/2026 6:48:00 AM ,   78480.001,                                -376.667,                                  39.165,                               -3844.779,
8/28/2026 6:49:00 AM ,   78540.001,                                -376.667,                                  39.165,                               -3844.779,
8/28/2026 6:50:00 AM ,   78600.001,                                -376.664,                                  39.119,                               -3844.754,
8/28/2026 6:51:00 AM ,   78660.001,                                -376.667,                                  39.165,                               -3844.779,
8/28/2026 6:52:00 AM ,   78720.001,                                -376.667,                                  39.165,                               -3844.779,
8/28/2026 6:53:00 AM ,   78780.001,                                -376.667,                                  39.165,                               -3844.779,
8/28/2026 6:54:00 AM ,   78840.001,                                -376.667,                                  39.165,                               -3844.779,
8/28/2026 6:55:00 AM ,   78900.001,                                -376.667,                                  39.165,                               -3844.779,
8/28/2026 6:56:00 AM ,   78960.001,                                -376.667,                                  39.165,                               -3844.779,
8/28/2026 6:57:00 AM ,   79020.001,                                -376.667,                                  39.165,                               -3844.779,
8/28/2026 6:58:00 AM ,   79080.001,                                -376.667,                                  39.165,                               -3844.779,
8/28/2026 6:59:00 AM ,   79140.001,                                -376.667,                                  39.165,                               -3844.779,
8/28/2026 7:00:00 AM ,   79200.001,                                -376.667,                                  39.165,                               -3844.779,
8/28/2026 7:01:00 AM ,   79260.001,                                -376.664,                                  39.119,                               -3844.754,
8/28/2026 7:02:00 AM ,   79320.001,                                -376.667,                                  39.165,                               -3844.779,
8/28/2026 7:03:00 AM ,   79380.001,                                -376.667,                                  39.165,                               -3844.779,
8/28/2026 7:04:00 AM ,   79440.001,                                -376.667,                                  39.165,                               -3844.779,
8/28/2026 7:05:00 AM ,   79500.001,                                -376.664,                                  39.119,                               -3844.754,
8/28/2026 7:06:00 AM ,   79560.001,                                -376.667,                                  39.165,                               -3844.779,
8/28/2026 7:07:00 AM ,   79620.001,                                -376.664,                                  39.119,                               -3844.754,
8/28/2026 7:08:00 AM ,   79680.001,                                -376.664,                                  39.119,                               -3844.754,
8/28/2026 7:09:00 AM ,   79740.001,                                -376.664,                                  39.119,                               -3844.754,
8/28/2026 7:10:00 AM ,   79800.001,                                -376.667,                                  39.165,                               -3844.779,
8/28/2026 7:11:00 AM ,   79860.001,                                -376.667,                                  39.165,                               -3844.779,
8/28/2026 7:12:00 AM ,   79920.001,                                -376.664,                                  39.119,                               -3844.754,
8/28/2026 7:13:00 AM ,   79980.001,                                -376.667,                                  39.165,                               -3844.779,
8/28/2026 7:14:00 AM ,   80040.001,                                -376.664,                                  39.119,                               -3844.754,
8/28/2026 7:15:00 AM ,   80100.001,                                -376.664,                                  39.119,                               -3844.754,
8/28/2026 7:16:00 AM ,   80160.001,                                -376.664,                                  39.119,                               -3844.754,
8/28/2026 7:17:00 AM ,   80220.001,                                -376.664,                                  39.119,                               -3844.754,
8/28/2026 7:18:00 AM ,   80280.001,                                -376.667,                                  39.165,                               -3844.779,
8/28/2026 7:19:00 AM ,   80340.001,                                -376.664,                                  39.119,                               -3844.754,
8/28/2026 7:20:00 AM ,   80400.001,                                -376.667,                                  39.165,                               -3844.779,
8/28/2026 7:21:00 AM ,   80460.001,                                -376.664,                                  39.119,                               -3844.754,
8/28/2026 7:22:00 AM ,   80520.001,                                -376.664,                                  39.119,                               -3844.754,
8/28/2026 7:23:00 AM ,   80580.001,                                -376.664,                                  39.119,                               -3844.754,
8/28/2026 7:24:00 AM ,   80640.001,                                -376.664,                                  39.119,                               -3844.754,
8/28/2026 7:25:00 AM ,   80700.001,                                -376.664,                                  39.119,                               -3844.754,
8/28/2026 7:26:00 AM ,   80760.001,                                -376.664,                                  39.119,                               -3844.754,
8/28/2026 7:27:00 AM ,   80820.001,                                -376.664,                                  39.119,                               -3844.754,
8/28/2026 7:28:00 AM ,   80880.001,                                -376.664,                                  39.119,                               -3844.754,
8/28/2026 7:29:00 AM ,   80940.001,                                -376.664,                                  39.119,                               -3844.754,
8/28/2026 7:30:00 AM ,   81000.001,                                -376.667,                                  39.165,                               -3844.779,
8/28/2026 7:31:00 AM ,   81060.001,                                -376.664,                                  39.119,                               -3844.754,
8/28/2026 7:32:00 AM ,   81120.001,                                -376.664,                                  39.119,                               -3844.754,
8/28/2026 7:33:00 AM ,   81180.001,                                -376.664,                                  39.119,                               -3844.754,
8/28/2026 7:34:00 AM ,   81240.001,                                -376.664,                                  39.119,                               -3844.754,
8/28/2026 7:35:00 AM ,   81300.001,                                -376.667,                                  39.165,                               -3844.779,
8/28/2026 7:36:00 AM ,   81360.001,                                -376.667,                                  39.165,                               -3844.779,
8/28/2026 7:37:00 AM ,   81420.001,                                -376.664,                                  39.119,                               -3844.754,
8/28/2026 7:38:00 AM ,   81480.001,                                -376.664,                                  39.119,                               -3844.754,
8/28/2026 7:39:00 AM ,   81540.001,                                -376.664,                                  39.119,                               -3844.754,
8/28/2026 7:40:00 AM ,   81600.001,                                -376.664,                                  39.119,                               -3844.754,
8/28/2026 7:41:00 AM ,   81660.001,                                -376.667,                                  39.165,                               -3844.779,
8/28/2026 7:42:00 AM ,   81720.001,                                -376.664,                                  39.119,                               -3844.754,
8/28/2026 7:43:00 AM ,   81780.001,                                -376.664,                                  39.119,                               -3844.754,
8/28/2026 7:44:00 AM ,   81840.001,                                -376.664,                                  39.119,                               -3844.754,
8/28/2026 7:45:00 AM ,   81900.001,                                -376.664,                                  39.119,                               -3844.754,
8/28/2026 7:46:00 AM ,   81960.001,                                -376.664,                                  39.119,                               -3844.754,
8/28/2026 7:47:00 AM ,   82020.001,                                -376.664,                                  39.119,                               -3844.754,
8/28/2026 7:48:00 AM ,   82080.001,                                -376.664,                                  39.119,                               -3844.754,
8/28/2026 7:49:00 AM ,   82140.001,                                -376.664,                                  39.119,                               -3844.754,
8/28/2026 7:50:00 AM ,   82200.001,                                -376.664,                                  39.119,                               -3844.754,
8/28/2026 7:51:00 AM ,   82260.001,                                -376.664,                                  39.119,                               -3844.754,
8/28/2026 7:52:00 AM ,   82320.001,                                -376.664,                                  39.119,                               -3844.754,
8/28/2026 7:53:00 AM ,   82380.001,                                -376.664,                                  39.119,                               -3844.754,
8/28/2026 7:54:00 AM ,   82440.001,                                -376.664,                                  39.119,                               -3844.754,
8/28/2026 7:55:00 AM ,   82500.001,                                -376.664,                                  39.119,                               -3844.754,
8/28/2026 7:56:00 AM ,   82560.001,                                -376.664,                                  39.119,                               -3844.754,
8/28/2026 7:57:00 AM ,   82620.001,                                -376.664,                                  39.119,                               -3844.754,
8/28/2026 7:58:00 AM ,   82680.001,                                -376.664,                                  39.119,                               -3844.754,
8/28/2026 7:59:00 AM ,   82740.001,                                -376.664,                                  39.119,                               -3844.754,
8/28/2026 8:00:00 AM ,   82800.001,                                -376.664,                                  39.119,                               -3844.754,
8/28/2026 8:01:00 AM ,   82860.001,                                -376.664,                                  39.119,                               -3844.754,
8/28/2026 8:02:00 AM ,   82920.001,                                -376.664,                                  39.119,                               -3844.754,
8/28/2026 8:03:00 AM ,   82980.001,                                -376.664,                                  39.119,                               -3844.754,
8/28/2026 8:04:00 AM ,   83040.001,                                -376.664,                                  39.119,                               -3844.754,
8/28/2026 8:05:00 AM ,   83100.001,                                -376.664,                                  39.119,                               -3844.754,
8/28/2026 8:06:00 AM ,   83160.001,                                -376.664,                                  39.119,                               -3844.754,
8/28/2026 8:07:00 AM ,   83220.001,                                -376.664,                                  39.119,                               -3844.754,
8/28/2026 8:08:00 AM ,   83280.001,                                -376.664,                                  39.119,                               -3844.754,
8/28/2026 8:09:00 AM ,   83340.001,                                -376.664,                                  39.119,                               -3844.754,
8/28/2026 8:10:00 AM ,   83400.001,                                -376.664,                                  39.119,                               -3844.754,
8/28/2026 8:11:00 AM ,   83460.001,                                -376.664,                                  39.119,                               -3844.754,
8/28/2026 8:12:00 AM ,   83520.001,                                -376.664,                                  39.119,                               -3844.754,
8/28/2026 8:13:00 AM ,   83580.001,                                -376.664,                                  39.119,                               -3844.754,
8/28/2026 8:14:00 AM ,   83640.001,                                -376.664,                                  39.119,                               -3844.754,
8/28/2026 8:15:00 AM ,   83700.001,                                -376.664,                                  39.119,                               -3844.754,
8/28/2026 8:16:00 AM ,   83760.001,                                -376.664,                                  39.119,                               -3844.754,
8/28/2026 8:17:00 AM ,   83820.001,                                -376.664,                                  39.119,                               -3844.754,
8/28/2026 8:18:00 AM ,   83880.001,                                -376.664,                                  39.119,                               -3844.754,
8/28/2026 8:19:00 AM ,   83940.001,                                -376.664,                                  39.119,                               -3844.754,
8/28/2026 8:20:00 AM ,   84000.001,                                -376.664,                                  39.119,                               -3844.754,
8/28/2026 8:21:00 AM ,   84060.001,                                -376.664,                                  39.119,                               -3844.754,
8/28/2026 8:22:00 AM ,   84120.001,                                -376.664,                                  39.119,                               -3844.754,
8/28/2026 8:23:00 AM ,   84180.001,                                -376.662,                                  39.072,                               -3844.729,
8/28/2026 8:24:00 AM ,   84240.001,                                -376.664,                                  39.119,                               -3844.754,
8/28/2026 8:25:00 AM ,   84300.001,                                -376.664,                                  39.119,                               -3844.754,
8/28/2026 8:26:00 AM ,   84360.001,                                -376.664,                                  39.119,                               -3844.754,
8/28/2026 8:27:00 AM ,   84420.001,                                -376.664,                                  39.119,                               -3844.754,
8/28/2026 8:28:00 AM ,   84480.001,                                -376.664,                                  39.119,                               -3844.754,
8/28/2026 8:29:00 AM ,   84540.001,                                -376.664,                                  39.119,                               -3844.754,
8/28/2026 8:30:00 AM ,   84600.001,                                -376.664,                                  39.119,                               -3844.754,
8/28/2026 8:31:00 AM ,   84660.001,                                -376.664,                                  39.119,                               -3844.754,
8/28/2026 8:32:00 AM ,   84720.001,                                -376.664,                                  39.119,                               -3844.754,
8/28/2026 8:33:00 AM ,   84780.001,                                -376.664,                                  39.119,                               -3844.754,
8/28/2026 8:34:00 AM ,   84840.001,                                -376.664,                                  39.119,                               -3844.754,
8/28/2026 8:35:00 AM ,   84900.001,                                -376.664,                                  39.119,                               -3844.754,
8/28/2026 8:36:00 AM ,   84960.001,                                -376.664,                                  39.119,                               -3844.754,
8/28/2026 8:37:00 AM ,   85020.001,                                -376.664,                                  39.119,                               -3844.754,
8/28/2026 8:38:00 AM ,   85080.001,                                -376.664,                                  39.119,                               -3844.754,
8/28/2026 8:39:00 AM ,   85140.001,                                -376.664,                                  39.119,                               -3844.754,
8/28/2026 8:40:00 AM ,   85200.001,                                -376.664,                                  39.119,                               -3844.754,
8/28/2026 8:41:00 AM ,   85260.001,                                -376.662,                                  39.072,                               -3844.729,
8/28/2026 8:42:00 AM ,   85320.001,                                -376.664,                                  39.119,                               -3844.754,
8/28/2026 8:43:00 AM ,   85380.001,                                -376.664,                                  39.119,                               -3844.754,
8/28/2026 8:44:00 AM ,   85440.001,                                -376.664,                                  39.119,                               -3844.754,
8/28/2026 8:45:00 AM ,   85500.001,                                -376.662,                                  39.072,                               -3844.729,
8/28/2026 8:46:00 AM ,   85560.001,                                -376.664,                                  39.119,                               -3844.754,
8/28/2026 8:47:00 AM ,   85620.001,                                -376.664,                                  39.119,                               -3844.754,
8/28/2026 8:48:00 AM ,   85680.001,                                -376.664,                                  39.119,                               -3844.754,
8/28/2026 8:49:00 AM ,   85740.001,                                -376.664,                                  39.119,                               -3844.754,
8/28/2026 8:50:00 AM ,   85800.001,                                -376.662,                                  39.072,                               -3844.729,
8/28/2026 8:51:00 AM ,   85860.001,                                -376.662,                                  39.072,                               -3844.729,
8/28/2026 8:52:00 AM ,   85920.001,                                -376.664,                                  39.119,                               -3844.754,
8/28/2026 8:53:00 AM ,   85980.001,                                -376.664,                                  39.119,                               -3844.754,
8/28/2026 8:54:00 AM ,   86040.001,                                -376.662,                                  39.072,                               -3844.729,
8/28/2026 8:55:00 AM ,   86100.001,                                -376.662,                                  39.072,                               -3844.729,
8/28/2026 8:56:00 AM ,   86160.001,                                -376.662,                                  39.072,                               -3844.729,
8/28/2026 8:57:00 AM ,   86220.001,                                -376.662,                                  39.072,                               -3844.729,
8/28/2026 8:58:00 AM ,   86280.001,                                -376.662,                                  39.072,                               -3844.729,
8/28/2026 8:59:00 AM ,   86340.001,                                -376.662,                                  39.072,                               -3844.729,
8/28/2026 9:00:00 AM ,   86400.001,                                -376.664,                                  39.119,                               -3844.754,
8/28/2026 9:01:00 AM ,   86460.001,                                -376.664,                                  39.119,                               -3844.754,
8/28/2026 9:02:00 AM ,   86520.001,                                -376.664,                                  39.119,                               -3844.754,
8/28/2026 9:03:00 AM ,   86580.001,                                -376.662,                                  39.072,                               -3844.729,
8/28/2026 9:04:00 AM ,   86640.001,                                -376.662,                                  39.072,                               -3844.729,
8/28/2026 9:05:00 AM ,   86700.001,                                -376.662,                                  39.072,                               -3844.729,
8/28/2026 9:06:00 AM ,   86760.001,                                -376.664,                                  39.119,                               -3844.754,
8/28/2026 9:07:00 AM ,   86820.001,                                -376.662,                                  39.072,                               -3844.729,
8/28/2026 9:08:00 AM ,   86880.001,                                -376.664,                                  39.119,                               -3844.754,
8/28/2026 9:09:00 AM ,   86940.001,                                -376.662,                                  39.072,                               -3844.729,
8/28/2026 9:10:00 AM ,   87000.001,                                -376.662,                                  39.072,                               -3844.729,
8/28/2026 9:11:00 AM ,   87060.001,                                -376.664,                                  39.119,                               -3844.754,
8/28/2026 9:12:00 AM ,   87120.001,                                -376.662,                                  39.072,                               -3844.729,
8/28/2026 9:13:00 AM ,   87180.001,                                -376.664,                                  39.119,                               -3844.754,
8/28/2026 9:14:00 AM ,   87240.001,                                -376.662,                                  39.072,                               -3844.729,
8/28/2026 9:15:00 AM ,   87300.001,                                -376.662,                                  39.072,                               -3844.729,
8/28/2026 9:16:00 AM ,   87360.001,                                -376.662,                                  39.072,                               -3844.729,
8/28/2026 9:17:00 AM ,   87420.001,                                -376.662,                                  39.072,                               -3844.729,
8/28/2026 9:18:00 AM ,   87480.001,                                -376.662,                                  39.072,                               -3844.729,
8/28/2026 9:19:00 AM ,   87540.001,                                -376.662,                                  39.072,                               -3844.729,
8/28/2026 9:20:00 AM ,   87600.001,                                -376.662,                                  39.072,                               -3844.729,
8/28/2026 9:21:00 AM ,   87660.001,                                -376.662,                                  39.072,                               -3844.729,
8/28/2026 9:22:00 AM ,   87720.001,                                -376.662,                                  39.072,                               -3844.729,
8/28/2026 9:23:00 AM ,   87780.001,                                -376.662,                                  39.072,                               -3844.729,
8/28/2026 9:24:00 AM ,   87840.001,                                -376.662,                                  39.072,                               -3844.729,
8/28/2026 9:25:00 AM ,   87900.001,                                -376.662,                                  39.072,                               -3844.729,
8/28/2026 9:26:00 AM ,   87960.001,                                -376.662,                                  39.072,                               -3844.729,
8/28/2026 9:27:00 AM ,   88020.001,                                -376.662,                                  39.072,                               -3844.729,
8/28/2026 9:28:00 AM ,   88080.001,                                -376.662,                                  39.072,                               -3844.729,
8/28/2026 9:29:00 AM ,   88140.001,                                -376.662,                                  39.072,                               -3844.729,
8/28/2026 9:30:00 AM ,   88200.001,                                -376.662,                                  39.072,                               -3844.729,
8/28/2026 9:31:00 AM ,   88260.001,                                -376.662,                                  39.072,                               -3844.729,
8/28/2026 9:32:00 AM ,   88320.001,                                -376.662,                                  39.072,                               -3844.729,
8/28/2026 9:33:00 AM ,   88380.001,                                -376.662,                                  39.072,                               -3844.729,
8/28/2026 9:34:00 AM ,   88440.001,                                -376.662,                                  39.072,                               -3844.729,
8/28/2026 9:35:00 AM ,   88500.001,                                -376.662,                                  39.072,                               -3844.729,
8/28/2026 9:36:00 AM ,   88560.001,                                -376.664,                                  39.119,                               -3844.754,
8/28/2026 9:37:00 AM ,   88620.001,                                -376.662,                                  39.072,                               -3844.729,
8/28/2026 9:38:00 AM ,   88680.001,                                -376.664,                                  39.119,                               -3844.754,
8/28/2026 9:39:00 AM ,   88740.001,                                -376.662,                                  39.072,                               -3844.729,
8/28/2026 9:40:00 AM ,   88800.001,                                -376.664,                                  39.119,                               -3844.754,
8/28/2026 9:41:00 AM ,   88860.001,                                -376.662,                                  39.072,                               -3844.729,
8/28/2026 9:42:00 AM ,   88920.001,                                -376.662,                                  39.072,                               -3844.729,
8/28/2026 9:43:00 AM ,   88980.001,                                -376.664,                                  39.119,                               -3844.754,
8/28/2026 9:44:00 AM ,   89040.001,                                -376.662,                                  39.072,                               -3844.729,
8/28/2026 9:45:00 AM ,   89100.001,                                -376.662,                                  39.072,                               -3844.729,
8/28/2026 9:46:00 AM ,   89160.001,                                -376.662,                                  39.072,                               -3844.729,
8/28/2026 9:47:00 AM ,   89220.001,                                -376.662,                                  39.072,                               -3844.729,
8/28/2026 9:48:00 AM ,   89280.001,                                -376.662,                                  39.072,                               -3844.729,
8/28/2026 9:49:00 AM ,   89340.001,                                -376.662,                                  39.072,                               -3844.729,
8/28/2026 9:50:00 AM ,   89400.001,                                -376.662,                                  39.072,                               -3844.729,
8/28/2026 9:51:00 AM ,   89460.001,                                -376.662,                                  39.072,                               -3844.729,
8/28/2026 9:52:00 AM ,   89520.001,                                -376.664,                                  39.119,                               -3844.754,
8/28/2026 9:53:00 AM ,   89580.001,                                -376.662,                                  39.072,                               -3844.729,
8/28/2026 9:54:00 AM ,   89640.001,                                -376.662,                                  39.072,                               -3844.729,
8/28/2026 9:55:00 AM ,   89700.001,                                -376.662,                                  39.072,                               -3844.729,
8/28/2026 9:56:00 AM ,   89760.001,                                -376.662,                                  39.072,                               -3844.729,
8/28/2026 9:57:00 AM ,   89820.001,                                -376.662,                                  39.072,                               -3844.729,
8/28/2026 9:58:00 AM ,   89880.001,                                -376.662,                                  39.072,                               -3844.729,
8/28/2026 9:59:00 AM ,   89940.001,                                -376.662,                                  39.072,                               -3844.729,
8/28/2026 10:00:00 AM,   90000.001,                                -376.662,                                  39.072,                               -3844.729,
8/28/2026 10:01:00 AM,   90060.001,                                -376.662,                                  39.072,                               -3844.729,
8/28/2026 10:02:00 AM,   90120.001,                                -376.662,                                  39.072,                               -3844.729,
8/28/2026 10:03:00 AM,   90180.001,                                -376.662,                                  39.072,                               -3844.729,
8/28/2026 10:04:00 AM,   90240.001,                                -376.662,                                  39.072,                               -3844.729,
8/28/2026 10:05:00 AM,   90300.001,                                -376.662,                                  39.072,                               -3844.729,
8/28/2026 10:06:00 AM,   90360.001,                                -376.662,                                  39.072,                               -3844.729,
8/28/2026 10:07:00 AM,   90420.001,                                -376.662,                                  39.072,                               -3844.729,
8/28/2026 10:08:00 AM,   90480.001,                                -376.662,                                  39.072,                               -3844.729,
8/28/2026 10:09:00 AM,   90540.001,                                -376.662,                                  39.072,                               -3844.729,
8/28/2026 10:10:00 AM,   90600.001,                                -376.662,                                  39.072,                               -3844.729,
8/28/2026 10:11:00 AM,   90660.001,                                -376.662,                                  39.072,                               -3844.729,
8/28/2026 10:12:00 AM,   90720.001,                                -376.662,                                  39.072,                               -3844.729,
8/28/2026 10:13:00 AM,   90780.001,                                -376.660,                                  39.026,                               -3844.705,
8/28/2026 10:14:00 AM,   90840.001,                                -376.662,                                  39.072,                               -3844.729,
8/28/2026 10:15:00 AM,   90900.001,                                -376.662,                                  39.072,                               -3844.729,
8/28/2026 10:16:00 AM,   90960.001,                                -376.662,                                  39.072,                               -3844.729,
8/28/2026 10:17:00 AM,   91020.001,                                -376.662,                                  39.072,                               -3844.729,
8/28/2026 10:18:00 AM,   91080.001,                                -376.662,                                  39.072,                               -3844.729,
8/28/2026 10:19:00 AM,   91140.001,                                -376.662,                                  39.072,                               -3844.729,
8/28/2026 10:20:00 AM,   91200.001,                                -376.662,                                  39.072,                               -3844.729,
8/28/2026 10:21:00 AM,   91260.001,                                -376.662,                                  39.072,                               -3844.729,
8/28/2026 10:22:00 AM,   91320.001,                                -376.660,                                  39.026,                               -3844.705,
8/28/2026 10:23:00 AM,   91380.001,                                -376.662,                                  39.072,                               -3844.729,
8/28/2026 10:24:00 AM,   91440.001,                                -376.662,                                  39.072,                               -3844.729,
8/28/2026 10:25:00 AM,   91500.001,                                -376.662,                                  39.072,                               -3844.729,
8/28/2026 10:26:00 AM,   91560.001,                                -376.662,                                  39.072,                               -3844.729,
8/28/2026 10:27:00 AM,   91620.001,                                -376.662,                                  39.072,                               -3844.729,
8/28/2026 10:28:00 AM,   91680.001,                                -376.662,                                  39.072,                               -3844.729,
8/28/2026 10:29:00 AM,   91740.001,                                -376.662,                                  39.072,                               -3844.729,
8/28/2026 10:30:00 AM,   91800.001,                                -376.662,                                  39.072,                               -3844.729,
8/28/2026 10:31:00 AM,   91860.001,                                -376.660,                                  39.026,                               -3844.705,
8/28/2026 10:32:00 AM,   91920.001,                                -376.662,                                  39.072,                               -3844.729,
8/28/2026 10:33:00 AM,   91980.001,                                -376.662,                                  39.072,                               -3844.729,
8/28/2026 10:34:00 AM,   92040.001,                                -376.662,                                  39.072,                               -3844.729,
8/28/2026 10:35:00 AM,   92100.001,                                -376.662,                                  39.072,                               -3844.729,
8/28/2026 10:36:00 AM,   92160.001,                                -376.662,                                  39.072,                               -3844.729,
8/28/2026 10:37:00 AM,   92220.001,                                -376.662,                                  39.072,                               -3844.729,
8/28/2026 10:38:00 AM,   92280.001,                                -376.662,                                  39.072,                               -3844.729,
8/28/2026 10:39:00 AM,   92340.001,                                -376.662,                                  39.072,                               -3844.729,
8/28/2026 10:40:00 AM,   92400.001,                                -376.662,                                  39.072,                               -3844.729,
8/28/2026 10:41:00 AM,   92460.001,                                -376.660,                                  39.026,                               -3844.705,
8/28/2026 10:42:00 AM,   92520.001,                                -376.660,                                  39.026,                               -3844.705,
8/28/2026 10:43:00 AM,   92580.001,                                -376.662,                                  39.072,                               -3844.729,
8/28/2026 10:44:00 AM,   92640.001,                                -376.662,                                  39.072,                               -3844.729,
8/28/2026 10:45:00 AM,   92700.001,                                -376.662,                                  39.072,                               -3844.729,
8/28/2026 10:46:00 AM,   92760.001,                                -376.660,                                  39.026,                               -3844.705,
8/28/2026 10:47:00 AM,   92820.001,                                -376.662,                                  39.072,                               -3844.729,
8/28/2026 10:48:00 AM,   92880.001,                                -376.662,                                  39.072,                               -3844.729,
8/28/2026 10:49:00 AM,   92940.001,                                -376.662,                                  39.072,                               -3844.729,
8/28/2026 10:50:00 AM,   93000.001,                                -376.662,                                  39.072,                               -3844.729,
8/28/2026 10:51:00 AM,   93060.001,                                -376.662,                                  39.072,                               -3844.729,
8/28/2026 10:52:00 AM,   93120.001,                                -376.662,                                  39.072,                               -3844.729,
8/28/2026 10:53:00 AM,   93180.001,                                -376.660,                                  39.026,                               -3844.705,
8/28/2026 10:54:00 AM,   93240.001,                                -376.662,                                  39.072,                               -3844.729,
8/28/2026 10:55:00 AM,   93300.001,                                -376.660,                                  39.026,                               -3844.705,
8/28/2026 10:56:00 AM,   93360.001,                                -376.662,                                  39.072,                               -3844.729,
8/28/2026 10:57:00 AM,   93420.001,                                -376.662,                                  39.072,                               -3844.729,
8/28/2026 10:58:00 AM,   93480.001,                                -376.662,                                  39.072,                               -3844.729,
8/28/2026 10:59:00 AM,   93540.001,                                -376.662,                                  39.072,                               -3844.729,
8/28/2026 11:00:00 AM,   93600.001,                                -376.662,                                  39.072,                               -3844.729,
8/28/2026 11:01:00 AM,   93660.001,                                -376.662,                                  39.072,                               -3844.729,
8/28/2026 11:02:00 AM,   93720.001,                                -376.662,                                  39.072,                               -3844.729,
8/28/2026 11:03:00 AM,   93780.001,                                -376.662,                                  39.072,                               -3844.729,
8/28/2026 11:04:00 AM,   93840.001,                                -376.662,                                  39.072,                               -3844.729,
8/28/2026 11:05:00 AM,   93900.001,                                -376.662,                                  39.072,                               -3844.729,
8/28/2026 11:06:00 AM,   93960.001,                                -376.662,                                  39.072,                               -3844.729,
8/28/2026 11:07:00 AM,   94020.001,                                -376.662,                                  39.072,                               -3844.729,
8/28/2026 11:08:00 AM,   94080.001,                                -376.662,                                  39.072,                               -3844.729,
8/28/2026 11:09:00 AM,   94140.001,                                -376.660,                                  39.026,                               -3844.705,
8/28/2026 11:10:00 AM,   94200.001,                                -376.662,                                  39.072,                               -3844.729,
8/28/2026 11:11:00 AM,   94260.001,                                -376.662,                                  39.072,                               -3844.729,
8/28/2026 11:12:00 AM,   94320.001,                                -376.662,                                  39.072,                               -3844.729,
8/28/2026 11:13:00 AM,   94380.001,                                -376.662,                                  39.072,                               -3844.729,
8/28/2026 11:14:00 AM,   94440.001,                                -376.662,                                  39.072,                               -3844.729,
8/28/2026 11:15:00 AM,   94500.001,                                -376.662,                                  39.072,                               -3844.729,
8/28/2026 11:16:00 AM,   94560.001,                                -376.662,                                  39.072,                               -3844.729,
8/28/2026 11:17:00 AM,   94620.001,                                -376.660,                                  39.026,                               -3844.705,
8/28/2026 11:18:00 AM,   94680.001,                                -376.662,                                  39.072,                               -3844.729,
8/28/2026 11:19:00 AM,   94740.001,                                -376.662,                                  39.072,                               -3844.729,
8/28/2026 11:20:00 AM,   94800.001,                                -376.662,                                  39.072,                               -3844.729,
8/28/2026 11:21:00 AM,   94860.001,                                -376.662,                                  39.072,                               -3844.729,
8/28/2026 11:22:00 AM,   94920.001,                                -376.662,                                  39.072,                               -3844.729,
8/28/2026 11:23:00 AM,   94980.001,                                -376.662,                                  39.072,                               -3844.729,
8/28/2026 11:24:00 AM,   95040.001,                                -376.662,                                  39.072,                               -3844.729,
8/28/2026 11:25:00 AM,   95100.001,                                -376.660,                                  39.026,                               -3844.705,
8/28/2026 11:26:00 AM,   95160.001,                                -376.660,                                  39.026,                               -3844.705,
8/28/2026 11:27:00 AM,   95220.001,                                -376.660,                                  39.026,                               -3844.705,
8/28/2026 11:28:00 AM,   95280.001,                                -376.662,                                  39.072,                               -3844.729,
8/28/2026 11:29:00 AM,   95340.001,                                -376.660,                                  39.026,                               -3844.705,
8/28/2026 11:30:00 AM,   95400.001,                                -376.662,                                  39.072,                               -3844.729,
8/28/2026 11:31:00 AM,   95460.001,                                -376.662,                                  39.072,                               -3844.729,
8/28/2026 11:32:00 AM,   95520.001,                                -376.660,                                  39.026,                               -3844.705,
8/28/2026 11:33:00 AM,   95580.001,                                -376.662,                                  39.072,                               -3844.729,
8/28/2026 11:34:00 AM,   95640.001,                                -376.662,                                  39.072,                               -3844.729,
8/28/2026 11:35:00 AM,   95700.001,                                -376.662,                                  39.072,                               -3844.729,
8/28/2026 11:36:00 AM,   95760.001,                                -376.662,                                  39.072,                               -3844.729,
8/28/2026 11:37:00 AM,   95820.001,                                -376.660,                                  39.026,                               -3844.705,
8/28/2026 11:38:00 AM,   95880.001,                                -376.660,                                  39.026,                               -3844.705,
8/28/2026 11:39:00 AM,   95940.001,                                -376.662,                                  39.072,                               -3844.729,
8/28/2026 11:40:00 AM,   96000.001,                                -376.662,                                  39.072,                               -3844.729,
8/28/2026 11:41:00 AM,   96060.001,                                -376.662,                                  39.072,                               -3844.729,
8/28/2026 11:42:00 AM,   96120.001,                                -376.662,                                  39.072,                               -3844.729,
8/28/2026 11:43:00 AM,   96180.001,                                -376.660,                                  39.026,                               -3844.705,
8/28/2026 11:44:00 AM,   96240.001,                                -376.660,                                  39.026,                               -3844.705,
8/28/2026 11:45:00 AM,   96300.001,                                -376.660,                                  39.026,                               -3844.705,
8/28/2026 11:46:00 AM,   96360.001,                                -376.662,                                  39.072,                               -3844.729,
8/28/2026 11:47:00 AM,   96420.001,                                -376.660,                                  39.026,                               -3844.705,
8/28/2026 11:48:00 AM,   96480.001,                                -376.662,                                  39.072,                               -3844.729,
8/28/2026 11:49:00 AM,   96540.001,                                -376.662,                                  39.072,                               -3844.729,
8/28/2026 11:50:00 AM,   96600.001,                                -376.660,                                  39.026,                               -3844.705,
8/28/2026 11:51:00 AM,   96660.001,                                -376.660,                                  39.026,                               -3844.705,
8/28/2026 11:52:00 AM,   96720.001,                                -376.662,                                  39.072,                               -3844.729,
8/28/2026 11:53:00 AM,   96780.001,                                -376.662,                                  39.072,                               -3844.729,
8/28/2026 11:54:00 AM,   96840.001,                                -376.662,                                  39.072,                               -3844.729,
8/28/2026 11:55:00 AM,   96900.001,                                -376.662,                                  39.072,                               -3844.729,
8/28/2026 11:56:00 AM,   96960.001,                                -376.660,                                  39.026,                               -3844.705,
8/28/2026 11:57:00 AM,   97020.001,                                -376.662,                                  39.072,                               -3844.729,
8/28/2026 11:58:00 AM,   97080.001,                                -376.662,                                  39.072,                               -3844.729,
8/28/2026 11:59:00 AM,   97140.001,                                -376.662,                                  39.072,                               -3844.729,
8/28/2026 12:00:00 PM,   97200.001,                                -376.662,                                  39.072,                               -3844.729,
8/28/2026 12:01:00 PM,   97260.001,                                -376.662,                                  39.072,                               -3844.729,
8/28/2026 12:02:00 PM,   97320.001,                                -376.662,                                  39.072,                               -3844.729,
8/28/2026 12:03:00 PM,   97380.001,                                -376.662,                                  39.072,                               -3844.729,
8/28/2026 12:04:00 PM,   97440.001,                                -376.662,                                  39.072,                               -3844.729,
8/28/2026 12:05:00 PM,   97500.001,                                -376.660,                                  39.026,                               -3844.705,
8/28/2026 12:06:00 PM,   97560.001,                                -376.662,                                  39.072,                               -3844.729,
8/28/2026 12:07:00 PM,   97620.001,                                -376.662,                                  39.072,                               -3844.729,
8/28/2026 12:08:00 PM,   97680.001,                                -376.662,                                  39.072,                               -3844.729,
8/28/2026 12:09:00 PM,   97740.001,                                -376.662,                                  39.072,                               -3844.729,
8/28/2026 12:10:00 PM,   97800.001,                                -376.662,                                  39.072,                               -3844.729,
8/28/2026 12:11:00 PM,   97860.001,                                -376.660,                                  39.026,                               -3844.705,
8/28/2026 12:12:00 PM,   97920.001,                                -376.660,                                  39.026,                               -3844.705,
8/28/2026 12:13:00 PM,   97980.001,                                -376.662,                                  39.072,                               -3844.729,
8/28/2026 12:14:00 PM,   98040.001,                                -376.662,                                  39.072,                               -3844.729,
8/28/2026 12:15:00 PM,   98100.001,                                -376.660,                                  39.026,                               -3844.705,
8/28/2026 12:16:00 PM,   98160.001,                                -376.662,                                  39.072,                               -3844.729,
8/28/2026 12:17:00 PM,   98220.001,                                -376.662,                                  39.072,                               -3844.729,
8/28/2026 12:18:00 PM,   98280.001,                                -376.662,                                  39.072,                               -3844.729,
8/28/2026 12:19:00 PM,   98340.001,                                -376.662,                                  39.072,                               -3844.729,
8/28/2026 12:20:00 PM,   98400.001,                                -376.660,                                  39.026,                               -3844.705,
8/28/2026 12:21:00 PM,   98460.001,                                -376.662,                                  39.072,                               -3844.729,
8/28/2026 12:22:00 PM,   98520.001,                                -376.662,                                  39.072,                               -3844.729,
8/28/2026 12:23:00 PM,   98580.001,                                -376.660,                                  39.026,                               -3844.705,
8/28/2026 12:24:00 PM,   98640.001,                                -376.662,                                  39.072,                               -3844.729,
8/28/2026 12:25:00 PM,   98700.001,                                -376.662,                                  39.072,                               -3844.729,
8/28/2026 12:26:00 PM,   98760.001,                                -376.662,                                  39.072,                               -3844.729,
8/28/2026 12:27:00 PM,   98820.001,                                -376.662,                                  39.072,                               -3844.729,
8/28/2026 12:28:00 PM,   98880.001,                                -376.662,                                  39.072,                               -3844.729,
8/28/2026 12:29:00 PM,   98940.001,                                -376.662,                                  39.072,                               -3844.729,
8/28/2026 12:30:00 PM,   99000.001,                                -376.662,                                  39.072,                               -3844.729,
8/28/2026 12:31:00 PM,   99060.001,                                -376.662,                                  39.072,                               -3844.729,
8/28/2026 12:32:00 PM,   99120.001,                                -376.660,                                  39.026,                               -3844.705,
8/28/2026 12:33:00 PM,   99180.001,                                -376.662,                                  39.072,                               -3844.729,
8/28/2026 12:34:00 PM,   99240.001,                                -376.662,                                  39.072,                               -3844.729,
8/28/2026 12:35:00 PM,   99300.001,                                -376.662,                                  39.072,                               -3844.729,
8/28/2026 12:36:00 PM,   99360.001,                                -376.660,                                  39.026,                               -3844.705,
8/28/2026 12:37:00 PM,   99420.001,                                -376.662,                                  39.072,                               -3844.729,
8/28/2026 12:38:00 PM,   99480.001,                                -376.660,                                  39.026,                               -3844.705,
8/28/2026 12:39:00 PM,   99540.001,                                -376.662,                                  39.072,                               -3844.729,
8/28/2026 12:40:00 PM,   99600.001,                                -376.662,                                  39.072,                               -3844.729,
8/28/2026 12:41:00 PM,   99660.001,                                -376.662,                                  39.072,                               -3844.729,
8/28/2026 12:42:00 PM,   99720.001,                                -376.662,                                  39.072,                               -3844.729,
8/28/2026 12:43:00 PM,   99780.001,                                -376.662,                                  39.072,                               -3844.729,
8/28/2026 12:44:00 PM,   99840.001,                                -376.662,                                  39.072,                               -3844.729,
8/28/2026 12:45:00 PM,   99900.001,                                -376.662,                                  39.072,                               -3844.729,
8/28/2026 12:46:00 PM,   99960.001,                                -376.660,                                  39.026,                               -3844.705,
8/28/2026 12:47:00 PM,  100020.001,                                -376.660,                                  39.026,                               -3844.705,
8/28/2026 12:48:00 PM,  100080.001,                                -376.662,                                  39.072,                               -3844.729,
8/28/2026 12:49:00 PM,  100140.001,                                -376.662,                                  39.072,                               -3844.729,
8/28/2026 12:50:00 PM,  100200.001,                                -376.662,                                  39.072,                               -3844.729,
8/28/2026 12:51:00 PM,  100260.001,                                -376.660,                                  39.026,                               -3844.705,
8/28/2026 12:52:00 PM,  100320.001,                                -376.662,                                  39.072,                               -3844.729,
8/28/2026 12:53:00 PM,  100380.001,                                -376.660,                                  39.026,                               -3844.705,
8/28/2026 12:54:00 PM,  100440.001,                                -376.662,                                  39.072,                               -3844.729,
8/28/2026 12:55:00 PM,  100500.001,                                -376.662,                                  39.072,                               -3844.729,
8/28/2026 12:56:00 PM,  100560.001,                                -376.662,                                  39.072,                               -3844.729,
8/28/2026 12:57:00 PM,  100620.001,                                -376.662,                                  39.072,                               -3844.729,
8/28/2026 12:58:00 PM,  100680.001,                                -376.662,                                  39.072,                               -3844.729,
8/28/2026 12:59:00 PM,  100740.001,                                -376.660,                                  39.026,                               -3844.705,
8/28/2026 1:00:00 PM ,  100800.001,                                -376.662,                                  39.072,                               -3844.729,
8/28/2026 1:01:00 PM ,  100860.001,                                -376.662,                                  39.072,                               -3844.729,
8/28/2026 1:02:00 PM ,  100920.001,                                -376.662,                                  39.072,                               -3844.729,
8/28/2026 1:03:00 PM ,  100980.001,                                -376.662,                                  39.072,                               -3844.729,
8/28/2026 1:04:00 PM ,  101040.001,                                -376.660,                                  39.026,                               -3844.705,
8/28/2026 1:05:00 PM ,  101100.001,                                -376.660,                                  39.026,                               -3844.705,
8/28/2026 1:06:00 PM ,  101160.001,                                -376.662,                                  39.072,                               -3844.729,
8/28/2026 1:07:00 PM ,  101220.001,                                -376.660,                                  39.026,                               -3844.705,
8/28/2026 1:08:00 PM ,  101280.001,                                -376.662,                                  39.072,                               -3844.729,
8/28/2026 1:09:00 PM ,  101340.001,                                -376.660,                                  39.026,                               -3844.705,
8/28/2026 1:10:00 PM ,  101400.001,                                -376.662,                                  39.072,                               -3844.729,
8/28/2026 1:11:00 PM ,  101460.001,                                -376.662,                                  39.072,                               -3844.729,
8/28/2026 1:12:00 PM ,  101520.001,                                -376.662,                                  39.072,                               -3844.729,
8/28/2026 1:13:00 PM ,  101580.001,                                -376.662,                                  39.072,                               -3844.729,
8/28/2026 1:14:00 PM ,  101640.001,                                -376.662,                                  39.072,                               -3844.729,
8/28/2026 1:15:00 PM ,  101700.001,                                -376.662,                                  39.072,                               -3844.729,
8/28/2026 1:16:00 PM ,  101760.001,                                -376.662,                                  39.072,                               -3844.729,
8/28/2026 1:17:00 PM ,  101820.001,                                -376.662,                                  39.072,                               -3844.729,
8/28/2026 1:18:00 PM ,  101880.001,                                -376.662,                                  39.072,                               -3844.729,
8/28/2026 1:19:00 PM ,  101940.001,                                -376.662,                                  39.072,                               -3844.729,
8/28/2026 1:20:00 PM ,  102000.001,                                -376.662,                                  39.072,                               -3844.729,
8/28/2026 1:21:00 PM ,  102060.001,                                -376.662,                                  39.072,                               -3844.729,
8/28/2026 1:22:00 PM ,  102120.001,                                -376.660,                                  39.026,                               -3844.705,
8/28/2026 1:23:00 PM ,  102180.001,                                -376.662,                                  39.072,                               -3844.729,
8/28/2026 1:24:00 PM ,  102240.001,                                -376.660,                                  39.026,                               -3844.705,
8/28/2026 1:25:00 PM ,  102300.001,                                -376.662,                                  39.072,                               -3844.729,
8/28/2026 1:26:00 PM ,  102360.001,                                -376.662,                                  39.072,                               -3844.729,
8/28/2026 1:27:00 PM ,  102420.001,                                -376.662,                                  39.072,                               -3844.729,
8/28/2026 1:28:00 PM ,  102480.001,                                -376.662,                                  39.072,                               -3844.729,
8/28/2026 1:29:00 PM ,  102540.001,                                -376.662,                                  39.072,                               -3844.729,
8/28/2026 1:30:00 PM ,  102600.001,                                -376.662,                                  39.072,                               -3844.729,
8/28/2026 1:31:00 PM ,  102660.001,                                -376.662,                                  39.072,                               -3844.729,
8/28/2026 1:32:00 PM ,  102720.001,                                -376.662,                                  39.072,                               -3844.729,
8/28/2026 1:33:00 PM ,  102780.001,                                -376.662,                                  39.072,                               -3844.729,
8/28/2026 1:34:00 PM ,  102840.001,                                -376.660,                                  39.026,                               -3844.705,
8/28/2026 1:35:00 PM ,  102900.001,                                -376.662,                                  39.072,                               -3844.729,
8/28/2026 1:36:00 PM ,  102960.001,                                -376.662,                                  39.072,                               -3844.729,
8/28/2026 1:37:00 PM ,  103020.001,                                -376.662,                                  39.072,                               -3844.729,
8/28/2026 1:38:00 PM ,  103080.001,                                -376.662,                                  39.072,                               -3844.729,
8/28/2026 1:39:00 PM ,  103140.001,                                -376.662,                                  39.072,                               -3844.729,
8/28/2026 1:40:00 PM ,  103200.001,                                -376.662,                                  39.072,                               -3844.729,
8/28/2026 1:41:00 PM ,  103260.001,                                -376.662,                                  39.072,                               -3844.729,
8/28/2026 1:42:00 PM ,  103320.001,                                -376.662,                                  39.072,                               -3844.729,
8/28/2026 1:43:00 PM ,  103380.001,                                -376.662,                                  39.072,                               -3844.729,
8/28/2026 1:44:00 PM ,  103440.001,                                -376.662,                                  39.072,                               -3844.729,
8/28/2026 1:45:00 PM ,  103500.001,                                -376.662,                                  39.072,                               -3844.729,
8/28/2026 1:46:00 PM ,  103560.001,                                -376.660,                                  39.026,                               -3844.705,
8/28/2026 1:47:00 PM ,  103620.001,                                -376.662,                                  39.072,                               -3844.729,
8/28/2026 1:48:00 PM ,  103680.001,                                -376.662,                                  39.072,                               -3844.729,
8/28/2026 1:49:00 PM ,  103740.001,                                -376.662,                                  39.072,                               -3844.729,
8/28/2026 1:50:00 PM ,  103800.001,                                -376.662,                                  39.072,                               -3844.729,
8/28/2026 1:51:00 PM ,  103860.001,                                -376.662,                                  39.072,                               -3844.729,
8/28/2026 1:52:00 PM ,  103920.001,                                -376.662,                                  39.072,                               -3844.729,
8/28/2026 1:53:00 PM ,  103980.001,                                -376.662,                                  39.072,                               -3844.729,
8/28/2026 1:54:00 PM ,  104040.001,                                -376.662,                                  39.072,                               -3844.729,
8/28/2026 1:55:00 PM ,  104100.001,                                -376.662,                                  39.072,                               -3844.729,
8/28/2026 1:56:00 PM ,  104160.001,                                -376.662,                                  39.072,                               -3844.729,
8/28/2026 1:57:00 PM ,  104220.001,                                -376.662,                                  39.072,                               -3844.729,
8/28/2026 1:58:00 PM ,  104280.001,                                -376.662,                                  39.072,                               -3844.729,
8/28/2026 1:59:00 PM ,  104340.001,                                -376.660,                                  39.026,                               -3844.705,
8/28/2026 2:00:00 PM ,  104400.001,                                -376.660,                                  39.026,                               -3844.705,
8/28/2026 2:01:00 PM ,  104460.001,                                -376.662,                                  39.072,                               -3844.729,
8/28/2026 2:02:00 PM ,  104520.001,                                -376.662,                                  39.072,                               -3844.729,
8/28/2026 2:03:00 PM ,  104580.001,                                -376.662,                                  39.072,                               -3844.729,
8/28/2026 2:04:00 PM ,  104640.001,                                -376.662,                                  39.072,                               -3844.729,
8/28/2026 2:05:00 PM ,  104700.001,                                -376.662,                                  39.072,                               -3844.729,
8/28/2026 2:06:00 PM ,  104760.001,                                -376.662,                                  39.072,                               -3844.729,
8/28/2026 2:07:00 PM ,  104820.001,                                -376.662,                                  39.072,                               -3844.729,
8/28/2026 2:08:00 PM ,  104880.001,                                -376.662,                                  39.072,                               -3844.729,
8/28/2026 2:09:00 PM ,  104940.001,                                -376.662,                                  39.072,                               -3844.729,
8/28/2026 2:10:00 PM ,  105000.001,                                -376.662,                                  39.072,                               -3844.729,
8/28/2026 2:11:00 PM ,  105060.001,                                -376.662,                                  39.072,                               -3844.729,
8/28/2026 2:12:00 PM ,  105120.001,                                -376.662,                                  39.072,                               -3844.729,
8/28/2026 2:13:00 PM ,  105180.001,                                -376.662,                                  39.072,                               -3844.729,
8/28/2026 2:14:00 PM ,  105240.001,                                -376.662,                                  39.072,                               -3844.729,
8/28/2026 2:15:00 PM ,  105300.001,                                -376.662,                                  39.072,                               -3844.729,
8/28/2026 2:16:00 PM ,  105360.001,                                -376.662,                                  39.072,                               -3844.729,
8/28/2026 2:17:00 PM ,  105420.001,                                -376.662,                                  39.072,                               -3844.729,
8/28/2026 2:18:00 PM ,  105480.001,                                -376.660,                                  39.026,                               -3844.705,
8/28/2026 2:19:00 PM ,  105540.001,                                -376.662,                                  39.072,                               -3844.729,
8/28/2026 2:20:00 PM ,  105600.001,                                -376.662,                                  39.072,                               -3844.729,
8/28/2026 2:21:00 PM ,  105660.001,                                -376.662,                                  39.072,                               -3844.729,
8/28/2026 2:22:00 PM ,  105720.001,                                -376.662,                                  39.072,                               -3844.729,
8/28/2026 2:23:00 PM ,  105780.001,                                -376.662,                                  39.072,                               -3844.729,
8/28/2026 2:24:00 PM ,  105840.001,                                -376.662,                                  39.072,                               -3844.729,
8/28/2026 2:25:00 PM ,  105900.001,                                -376.662,                                  39.072,                               -3844.729,
8/28/2026 2:26:00 PM ,  105960.001,                                -376.662,                                  39.072,                               -3844.729,
8/28/2026 2:27:00 PM ,  106020.001,                                -376.662,                                  39.072,                               -3844.729,
8/28/2026 2:28:00 PM ,  106080.001,                                -376.662,                                  39.072,                               -3844.729,
8/28/2026 2:29:00 PM ,  106140.001,                                -376.662,                                  39.072,                               -3844.729,
8/28/2026 2:30:00 PM ,  106200.001,                                -376.662,                                  39.072,                               -3844.729,
8/28/2026 2:31:00 PM ,  106260.001,                                -376.662,                                  39.072,                               -3844.729,
8/28/2026 2:32:00 PM ,  106320.001,                                -376.660,                                  39.026,                               -3844.705,
8/28/2026 2:33:00 PM ,  106380.001,                                -376.662,                                  39.072,                               -3844.729,
8/28/2026 2:34:00 PM ,  106440.001,                                -376.662,                                  39.072,                               -3844.729,
8/28/2026 2:35:00 PM ,  106500.001,                                -376.662,                                  39.072,                               -3844.729,
8/28/2026 2:36:00 PM ,  106560.001,                                -376.662,                                  39.072,                               -3844.729,
8/28/2026 2:37:00 PM ,  106620.001,                                -376.662,                                  39.072,                               -3844.729,
8/28/2026 2:38:00 PM ,  106680.001,                                -376.662,                                  39.072,                               -3844.729,
8/28/2026 2:39:00 PM ,  106740.001,                                -376.662,                                  39.072,                               -3844.729,
8/28/2026 2:40:00 PM ,  106800.001,                                -376.662,                                  39.072,                               -3844.729,
8/28/2026 2:41:00 PM ,  106860.001,                                -376.662,                                  39.072,                               -3844.729,
8/28/2026 2:42:00 PM ,  106920.001,                                -376.662,                                  39.072,                               -3844.729,
8/28/2026 2:43:00 PM ,  106980.001,                                -376.660,                                  39.026,                               -3844.705,
8/28/2026 2:44:00 PM ,  107040.001,                                -376.660,                                  39.026,                               -3844.705,
8/28/2026 2:45:00 PM ,  107100.001,                                -376.662,                                  39.072,                               -3844.729,
8/28/2026 2:46:00 PM ,  107160.001,                                -376.662,                                  39.072,                               -3844.729,
8/28/2026 2:47:00 PM ,  107220.001,                                -376.662,                                  39.072,                               -3844.729,
8/28/2026 2:48:00 PM ,  107280.001,                                -376.662,                                  39.072,                               -3844.729,
8/28/2026 2:49:00 PM ,  107340.001,                                -376.662,                                  39.072,                               -3844.729,
8/28/2026 2:50:00 PM ,  107400.001,                                -376.662,                                  39.072,                               -3844.729,
8/28/2026 2:51:00 PM ,  107460.001,                                -376.662,                                  39.072,                               -3844.729,
8/28/2026 2:52:00 PM ,  107520.001,                                -376.660,                                  39.026,                               -3844.705,
8/28/2026 2:53:00 PM ,  107580.001,                                -376.662,                                  39.072,                               -3844.729,
8/28/2026 2:54:00 PM ,  107640.001,                                -376.662,                                  39.072,                               -3844.729,
8/28/2026 2:55:00 PM ,  107700.001,                                -376.662,                                  39.072,                               -3844.729,
8/28/2026 2:56:00 PM ,  107760.001,                                -376.662,                                  39.072,                               -3844.729,
8/28/2026 2:57:00 PM ,  107820.001,                                -376.662,                                  39.072,                               -3844.729,
8/28/2026 2:58:00 PM ,  107880.001,                                -376.662,                                  39.072,                               -3844.729,
8/28/2026 2:59:00 PM ,  107940.001,                                -376.662,                                  39.072,                               -3844.729,
8/28/2026 3:00:00 PM ,  108000.001,                                -376.662,                                  39.072,                               -3844.729,
8/28/2026 3:01:00 PM ,  108060.001,                                -376.662,                                  39.072,                               -3844.729,
8/28/2026 3:02:00 PM ,  108120.001,                                -376.662,                                  39.072,                               -3844.729,
8/28/2026 3:03:00 PM ,  108180.001,                                -376.662,                                  39.072,                               -3844.729,
8/28/2026 3:04:00 PM ,  108240.001,                                -376.662,                                  39.072,                               -3844.729,
8/28/2026 3:05:00 PM ,  108300.001,                                -376.662,                                  39.072,                               -3844.729,
8/28/2026 3:06:00 PM ,  108360.001,                                -376.662,                                  39.072,                               -3844.729,
8/28/2026 3:07:00 PM ,  108420.001,                                -376.662,                                  39.072,                               -3844.729,
8/28/2026 3:08:00 PM ,  108480.001,                                -376.660,                                  39.026,                               -3844.705,
8/28/2026 3:09:00 PM ,  108540.001,                                -376.662,                                  39.072,                               -3844.729,
8/28/2026 3:10:00 PM ,  108600.001,                                -376.662,                                  39.072,                               -3844.729,
8/28/2026 3:11:00 PM ,  108660.001,                                -376.662,                                  39.072,                               -3844.729,
8/28/2026 3:12:00 PM ,  108720.001,                                -376.662,                                  39.072,                               -3844.729,
8/28/2026 3:13:00 PM ,  108780.001,                                -376.662,                                  39.072,                               -3844.729,
8/28/2026 3:14:00 PM ,  108840.001,                                -376.662,                                  39.072,                               -3844.729,
8/28/2026 3:15:00 PM ,  108900.001,                                -376.662,                                  39.072,                               -3844.729,
8/28/2026 3:16:00 PM ,  108960.001,                                -376.662,                                  39.072,                               -3844.729,
8/28/2026 3:17:00 PM ,  109020.001,                                -376.662,                                  39.072,                               -3844.729,
8/28/2026 3:18:00 PM ,  109080.001,                                -376.662,                                  39.072,                               -3844.729,
8/28/2026 3:19:00 PM ,  109140.001,                                -376.662,                                  39.072,                               -3844.729,
8/28/2026 3:20:00 PM ,  109200.001,                                -376.662,                                  39.072,                               -3844.729,
8/28/2026 3:21:00 PM ,  109260.001,                                -376.662,                                  39.072,                               -3844.729,
8/28/2026 3:22:00 PM ,  109320.001,                                -376.662,                                  39.072,                               -3844.729,
8/28/2026 3:23:00 PM ,  109380.001,                                -376.662,                                  39.072,                               -3844.729,
8/28/2026 3:24:00 PM ,  109440.001,                                -376.662,                                  39.072,                               -3844.729,
8/28/2026 3:25:00 PM ,  109500.001,                                -376.662,                                  39.072,                               -3844.729,
8/28/2026 3:26:00 PM ,  109560.001,                                -376.662,                                  39.072,                               -3844.729,
8/28/2026 3:27:00 PM ,  109620.001,                                -376.662,                                  39.072,                               -3844.729,
8/28/2026 3:28:00 PM ,  109680.001,                                -376.662,                                  39.072,                               -3844.729,
8/28/2026 3:29:00 PM ,  109740.001,                                -376.662,                                  39.072,                               -3844.729,
8/28/2026 3:30:00 PM ,  109800.001,                                -376.662,                                  39.072,                               -3844.729,
8/28/2026 3:31:00 PM ,  109860.001,                                -376.662,                                  39.072,                               -3844.729,
8/28/2026 3:32:00 PM ,  109920.001,                                -376.662,                                  39.072,                               -3844.729,
8/28/2026 3:33:00 PM ,  109980.001,                                -376.662,                                  39.072,                               -3844.729,
8/28/2026 3:34:00 PM ,  110040.001,                                -376.662,                                  39.072,                               -3844.729,
8/28/2026 3:35:00 PM ,  110100.001,                                -376.662,                                  39.072,                               -3844.729,
8/28/2026 3:36:00 PM ,  110160.001,                                -376.662,                                  39.072,                               -3844.729,
8/28/2026 3:37:00 PM ,  110220.001,                                -376.662,                                  39.072,                               -3844.729,
8/28/2026 3:38:00 PM ,  110280.001,                                -376.662,                                  39.072,                               -3844.729,
8/28/2026 3:39:00 PM ,  110340.001,                                -376.662,                                  39.072,                               -3844.729,
8/28/2026 3:40:00 PM ,  110400.001,                                -376.662,                                  39.072,                               -3844.729,
8/28/2026 3:41:00 PM ,  110460.001,                                -376.662,                                  39.072,                               -3844.729,
8/28/2026 3:42:00 PM ,  110520.001,                                -376.662,                                  39.072,                               -3844.729,
8/28/2026 3:43:00 PM ,  110580.001,                                -376.662,                                  39.072,                               -3844.729,
8/28/2026 3:44:00 PM ,  110640.001,                                -376.662,                                  39.072,                               -3844.729,
8/28/2026 3:45:00 PM ,  110700.001,                                -376.662,                                  39.072,                               -3844.729,
8/28/2026 3:46:00 PM ,  110760.001,                                -376.662,                                  39.072,                               -3844.729,
8/28/2026 3:47:00 PM ,  110820.001,                                -376.662,                                  39.072,                               -3844.729,
8/28/2026 3:48:00 PM ,  110880.001,                                -376.664,                                  39.119,                               -3844.754,
8/28/2026 3:49:00 PM ,  110940.001,                                -376.662,                                  39.072,                               -3844.729,
8/28/2026 3:50:00 PM ,  111000.001,                                -376.662,                                  39.072,                               -3844.729,
8/28/2026 3:51:00 PM ,  111060.001,                                -376.662,                                  39.072,                               -3844.729,
8/28/2026 3:52:00 PM ,  111120.001,                                -376.662,                                  39.072,                               -3844.729,
8/28/2026 3:53:00 PM ,  111180.001,                                -376.662,                                  39.072,                               -3844.729,
8/28/2026 3:54:00 PM ,  111240.001,                                -376.662,                                  39.072,                               -3844.729,
8/28/2026 3:55:00 PM ,  111300.001,                                -376.662,                                  39.072,                               -3844.729,
8/28/2026 3:56:00 PM ,  111360.001,                                -376.662,                                  39.072,                               -3844.729,
8/28/2026 3:57:00 PM ,  111420.001,                                -376.662,                                  39.072,                               -3844.729,
8/28/2026 3:58:00 PM ,  111480.001,                                -376.664,                                  39.119,                               -3844.754,
8/28/2026 3:59:00 PM ,  111540.001,                                -376.662,                                  39.072,                               -3844.729,
8/28/2026 4:00:00 PM ,  111600.001,                                -376.662,                                  39.072,                               -3844.729,
8/28/2026 4:01:00 PM ,  111660.001,                                -376.662,                                  39.072,                               -3844.729,
8/28/2026 4:02:00 PM ,  111720.001,                                -376.662,                                  39.072,                               -3844.729,
8/28/2026 4:03:00 PM ,  111780.001,                                -376.662,                                  39.072,                               -3844.729,
8/28/2026 4:04:00 PM ,  111840.001,                                -376.662,                                  39.072,                               -3844.729,
8/28/2026 4:05:00 PM ,  111900.001,                                -376.664,                                  39.119,                               -3844.754,
8/28/2026 4:06:00 PM ,  111960.001,                                -376.662,                                  39.072,                               -3844.729,
8/28/2026 4:07:00 PM ,  112020.001,                                -376.662,                                  39.072,                               -3844.729,
8/28/2026 4:08:00 PM ,  112080.001,                                -376.664,                                  39.119,                               -3844.754,
8/28/2026 4:09:00 PM ,  112140.001,                                -376.662,                                  39.072,                               -3844.729,
8/28/2026 4:10:00 PM ,  112200.001,                                -376.662,                                  39.072,                               -3844.729,
8/28/2026 4:11:00 PM ,  112260.001,                                -376.664,                                  39.119,                               -3844.754,
8/28/2026 4:12:00 PM ,  112320.001,                                -376.664,                                  39.119,                               -3844.754,
8/28/2026 4:13:00 PM ,  112380.001,                                -376.664,                                  39.119,                               -3844.754,
8/28/2026 4:14:00 PM ,  112440.001,                                -376.664,                                  39.119,                               -3844.754,
8/28/2026 4:15:00 PM ,  112500.001,                                -376.664,                                  39.119,                               -3844.754,
8/28/2026 4:16:00 PM ,  112560.001,                                -376.662,                                  39.072,                               -3844.729,
8/28/2026 4:17:00 PM ,  112620.001,                                -376.662,                                  39.072,                               -3844.729,
8/28/2026 4:18:00 PM ,  112680.001,                                -376.662,                                  39.072,                               -3844.729,
8/28/2026 4:19:00 PM ,  112740.001,                                -376.662,                                  39.072,                               -3844.729,
8/28/2026 4:20:00 PM ,  112800.001,                                -376.664,                                  39.119,                               -3844.754,
8/28/2026 4:21:00 PM ,  112860.001,                                -376.664,                                  39.119,                               -3844.754,
8/28/2026 4:22:00 PM ,  112920.001,                                -376.662,                                  39.072,                               -3844.729,
8/28/2026 4:23:00 PM ,  112980.001,                                -376.664,                                  39.119,                               -3844.754,
8/28/2026 4:24:00 PM ,  113040.001,                                -376.664,                                  39.119,                               -3844.754,
8/28/2026 4:25:00 PM ,  113100.001,                                -376.664,                                  39.119,                               -3844.754,
8/28/2026 4:26:00 PM ,  113160.001,                                -376.664,                                  39.119,                               -3844.754,
8/28/2026 4:27:00 PM ,  113220.001,                                -376.662,                                  39.072,                               -3844.729,
8/28/2026 4:28:00 PM ,  113280.001,                                -376.662,                                  39.072,                               -3844.729,
8/28/2026 4:29:00 PM ,  113340.001,                                -376.662,                                  39.072,                               -3844.729,
8/28/2026 4:30:00 PM ,  113400.001,                                -376.664,                                  39.119,                               -3844.754,
8/28/2026 4:31:00 PM ,  113460.001,                                -376.662,                                  39.072,                               -3844.729,
8/28/2026 4:32:00 PM ,  113520.001,                                -376.664,                                  39.119,                               -3844.754,
8/28/2026 4:33:00 PM ,  113580.001,                                -376.664,                                  39.119,                               -3844.754,
8/28/2026 4:34:00 PM ,  113640.001,                                -376.662,                                  39.072,                               -3844.729,
8/28/2026 4:35:00 PM ,  113700.001,                                -376.662,                                  39.072,                               -3844.729,
8/28/2026 4:36:00 PM ,  113760.001,                                -376.662,                                  39.072,                               -3844.729,
8/28/2026 4:37:00 PM ,  113820.001,                                -376.662,                                  39.072,                               -3844.729,
8/28/2026 4:38:00 PM ,  113880.001,                                -376.662,                                  39.072,                               -3844.729,
8/28/2026 4:39:00 PM ,  113940.001,                                -376.662,                                  39.072,                               -3844.729,
8/28/2026 4:40:00 PM ,  114000.001,                                -376.664,                                  39.119,                               -3844.754,
8/28/2026 4:41:00 PM ,  114060.001,                                -376.662,                                  39.072,                               -3844.729,
8/28/2026 4:42:00 PM ,  114120.001,                                -376.664,                                  39.119,                               -3844.754,
8/28/2026 4:43:00 PM ,  114180.001,                                -376.662,                                  39.072,                               -3844.729,
8/28/2026 4:44:00 PM ,  114240.001,                                -376.662,                                  39.072,                               -3844.729,
8/28/2026 4:45:00 PM ,  114300.001,                                -376.664,                                  39.119,                               -3844.754,
8/28/2026 4:46:00 PM ,  114360.001,                                -376.662,                                  39.072,                               -3844.729,
8/28/2026 4:47:00 PM ,  114420.001,                                -376.662,                                  39.072,                               -3844.729,
8/28/2026 4:48:00 PM ,  114480.001,                                -376.664,                                  39.119,                               -3844.754,
8/28/2026 4:49:00 PM ,  114540.001,                                -376.664,                                  39.119,                               -3844.754,
8/28/2026 4:50:00 PM ,  114600.001,                                -376.662,                                  39.072,                               -3844.729,
8/28/2026 4:51:00 PM ,  114660.001,                                -376.662,                                  39.072,                               -3844.729,
8/28/2026 4:52:00 PM ,  114720.001,                                -376.664,                                  39.119,                               -3844.754,
8/28/2026 4:53:00 PM ,  114780.001,                                -376.664,                                  39.119,                               -3844.754,
8/28/2026 4:54:00 PM ,  114840.001,                                -376.664,                                  39.119,                               -3844.754,
8/28/2026 4:55:00 PM ,  114900.001,                                -376.662,                                  39.072,                               -3844.729,
8/28/2026 4:56:00 PM ,  114960.001,                                -376.662,                                  39.072,                               -3844.729,
8/28/2026 4:57:00 PM ,  115020.001,                                -376.662,                                  39.072,                               -3844.729,
8/28/2026 4:58:00 PM ,  115080.001,                                -376.662,                                  39.072,                               -3844.729,
8/28/2026 4:59:00 PM ,  115140.001,                                -376.664,                                  39.119,                               -3844.754,
8/28/2026 5:00:00 PM ,  115200.001,                                -376.662,                                  39.072,                               -3844.729,
8/28/2026 5:01:00 PM ,  115260.001,                                -376.662,                                  39.072,                               -3844.729,
8/28/2026 5:02:00 PM ,  115320.001,                                -376.662,                                  39.072,                               -3844.729,
8/28/2026 5:03:00 PM ,  115380.001,                                -376.664,                                  39.119,                               -3844.754,
8/28/2026 5:04:00 PM ,  115440.001,                                -376.664,                                  39.119,                               -3844.754,
8/28/2026 5:05:00 PM ,  115500.001,                                -376.664,                                  39.119,                               -3844.754,
8/28/2026 5:06:00 PM ,  115560.001,                                -376.662,                                  39.072,                               -3844.729,
8/28/2026 5:07:00 PM ,  115620.001,                                -376.664,                                  39.119,                               -3844.754,
8/28/2026 5:08:00 PM ,  115680.001,                                -376.664,                                  39.119,                               -3844.754,
8/28/2026 5:09:00 PM ,  115740.001,                                -376.664,                                  39.119,                               -3844.754,
8/28/2026 5:10:00 PM ,  115800.001,                                -376.664,                                  39.119,                               -3844.754,
8/28/2026 5:11:00 PM ,  115860.001,                                -376.664,                                  39.119,                               -3844.754,
8/28/2026 5:12:00 PM ,  115920.001,                                -376.664,                                  39.119,                               -3844.754,
8/28/2026 5:13:00 PM ,  115980.001,                                -376.664,                                  39.119,                               -3844.754,
8/28/2026 5:14:00 PM ,  116040.001,                                -376.662,                                  39.072,                               -3844.729,
8/28/2026 5:15:00 PM ,  116100.001,                                -376.664,                                  39.119,                               -3844.754,
8/28/2026 5:16:00 PM ,  116160.001,                                -376.662,                                  39.072,                               -3844.729,
8/28/2026 5:17:00 PM ,  116220.001,                                -376.662,                                  39.072,                               -3844.729,
8/28/2026 5:18:00 PM ,  116280.001,                                -376.664,                                  39.119,                               -3844.754,
8/28/2026 5:19:00 PM ,  116340.001,                                -376.662,                                  39.072,                               -3844.729,
8/28/2026 5:20:00 PM ,  116400.001,                                -376.664,                                  39.119,                               -3844.754,
8/28/2026 5:21:00 PM ,  116460.001,                                -376.664,                                  39.119,                               -3844.754,
8/28/2026 5:22:00 PM ,  116520.001,                                -376.662,                                  39.072,                               -3844.729,
8/28/2026 5:23:00 PM ,  116580.001,                                -376.662,                                  39.072,                               -3844.729,
8/28/2026 5:24:00 PM ,  116640.001,                                -376.662,                                  39.072,                               -3844.729,
8/28/2026 5:25:00 PM ,  116700.001,                                -376.662,                                  39.072,                               -3844.729,
8/28/2026 5:26:00 PM ,  116760.001,                                -376.662,                                  39.072,                               -3844.729,
8/28/2026 5:27:00 PM ,  116820.001,                                -376.662,                                  39.072,                               -3844.729,
8/28/2026 5:28:00 PM ,  116880.001,                                -376.662,                                  39.072,                               -3844.729,
8/28/2026 5:29:00 PM ,  116940.001,                                -376.662,                                  39.072,                               -3844.729,
8/28/2026 5:30:00 PM ,  117000.001,                                -376.662,                                  39.072,                               -3844.729,
8/28/2026 5:31:00 PM ,  117060.001,                                -376.662,                                  39.072,                               -3844.729,
8/28/2026 5:32:00 PM ,  117120.001,                                -376.664,                                  39.119,                               -3844.754,
8/28/2026 5:33:00 PM ,  117180.001,                                -376.662,                                  39.072,                               -3844.729,
8/28/2026 5:34:00 PM ,  117240.001,                                -376.662,                                  39.072,                               -3844.729,
8/28/2026 5:35:00 PM ,  117300.001,                                -376.662,                                  39.072,                               -3844.729,
8/28/2026 5:36:00 PM ,  117360.001,                                -376.664,                                  39.119,                               -3844.754,
8/28/2026 5:37:00 PM ,  117420.001,                                -376.664,                                  39.119,                               -3844.754,
8/28/2026 5:38:00 PM ,  117480.001,                                -376.664,                                  39.119,                               -3844.754,
8/28/2026 5:39:00 PM ,  117540.001,                                -376.664,                                  39.119,                               -3844.754,
8/28/2026 5:40:00 PM ,  117600.001,                                -376.662,                                  39.072,                               -3844.729,
8/28/2026 5:41:00 PM ,  117660.001,                                -376.664,                                  39.119,                               -3844.754,
8/28/2026 5:42:00 PM ,  117720.001,                                -376.664,                                  39.119,                               -3844.754,
8/28/2026 5:43:00 PM ,  117780.001,                                -376.664,                                  39.119,                               -3844.754,
8/28/2026 5:44:00 PM ,  117840.001,                                -376.664,                                  39.119,                               -3844.754,
8/28/2026 5:45:00 PM ,  117900.001,                                -376.662,                                  39.072,                               -3844.729,
8/28/2026 5:46:00 PM ,  117960.001,                                -376.664,                                  39.119,                               -3844.754,
8/28/2026 5:47:00 PM ,  118020.001,                                -376.664,                                  39.119,                               -3844.754,
8/28/2026 5:48:00 PM ,  118080.001,                                -376.662,                                  39.072,                               -3844.729,
8/28/2026 5:49:00 PM ,  118140.001,                                -376.662,                                  39.072,                               -3844.729,
8/28/2026 5:50:00 PM ,  118200.001,                                -376.664,                                  39.119,                               -3844.754,
8/28/2026 5:51:00 PM ,  118260.001,                                -376.662,                                  39.072,                               -3844.729,
8/28/2026 5:52:00 PM ,  118320.001,                                -376.664,                                  39.119,                               -3844.754,
8/28/2026 5:53:00 PM ,  118380.001,                                -376.662,                                  39.072,                               -3844.729,
8/28/2026 5:54:00 PM ,  118440.001,                                -376.664,                                  39.119,                               -3844.754,
8/28/2026 5:55:00 PM ,  118500.001,                                -376.664,                                  39.119,                               -3844.754,
8/28/2026 5:56:00 PM ,  118560.001,                                -376.662,                                  39.072,                               -3844.729,
8/28/2026 5:57:00 PM ,  118620.001,                                -376.664,                                  39.119,                               -3844.754,
8/28/2026 5:58:00 PM ,  118680.001,                                -376.664,                                  39.119,                               -3844.754,
8/28/2026 5:59:00 PM ,  118740.001,                                -376.662,                                  39.072,                               -3844.729,
8/28/2026 6:00:00 PM ,  118800.001,                                -376.664,                                  39.119,                               -3844.754,
8/28/2026 6:01:00 PM ,  118860.001,                                -376.664,                                  39.119,                               -3844.754,
8/28/2026 6:02:00 PM ,  118920.001,                                -376.662,                                  39.072,                               -3844.729,
8/28/2026 6:03:00 PM ,  118980.001,                                -376.664,                                  39.119,                               -3844.754,
8/28/2026 6:04:00 PM ,  119040.001,                                -376.664,                                  39.119,                               -3844.754,
8/28/2026 6:05:00 PM ,  119100.001,                                -376.662,                                  39.072,                               -3844.729,
8/28/2026 6:06:00 PM ,  119160.001,                                -376.662,                                  39.072,                               -3844.729,
8/28/2026 6:07:00 PM ,  119220.001,                                -376.664,                                  39.119,                               -3844.754,
8/28/2026 6:08:00 PM ,  119280.001,                                -376.664,                                  39.119,                               -3844.754,
8/28/2026 6:09:00 PM ,  119340.001,                                -376.664,                                  39.119,                               -3844.754,
8/28/2026 6:10:00 PM ,  119400.001,                                -376.664,                                  39.119,                               -3844.754,
8/28/2026 6:11:00 PM ,  119460.001,                                -376.664,                                  39.119,                               -3844.754,
8/28/2026 6:12:00 PM ,  119520.001,                                -376.664,                                  39.119,                               -3844.754,
8/28/2026 6:13:00 PM ,  119580.001,                                -376.664,                                  39.119,                               -3844.754,
8/28/2026 6:14:00 PM ,  119640.001,                                -376.664,                                  39.119,                               -3844.754,
8/28/2026 6:15:00 PM ,  119700.001,                                -376.664,                                  39.119,                               -3844.754,
8/28/2026 6:16:00 PM ,  119760.001,                                -376.664,                                  39.119,                               -3844.754,
8/28/2026 6:17:00 PM ,  119820.001,                                -376.662,                                  39.072,                               -3844.729,
8/28/2026 6:18:00 PM ,  119880.001,                                -376.664,                                  39.119,                               -3844.754,
8/28/2026 6:19:00 PM ,  119940.001,                                -376.664,                                  39.119,                               -3844.754,
8/28/2026 6:20:00 PM ,  120000.001,                                -376.664,                                  39.119,                               -3844.754,
8/28/2026 6:21:00 PM ,  120060.001,                                -376.664,                                  39.119,                               -3844.754,
8/28/2026 6:22:00 PM ,  120120.001,                                -376.664,                                  39.119,                               -3844.754,
8/28/2026 6:23:00 PM ,  120180.001,                                -376.664,                                  39.119,                               -3844.754,
8/28/2026 6:24:00 PM ,  120240.001,                                -376.662,                                  39.072,                               -3844.729,
8/28/2026 6:25:00 PM ,  120300.001,                                -376.662,                                  39.072,                               -3844.729,
8/28/2026 6:26:00 PM ,  120360.001,                                -376.664,                                  39.119,                               -3844.754,
8/28/2026 6:27:00 PM ,  120420.001,                                -376.662,                                  39.072,                               -3844.729,
8/28/2026 6:28:00 PM ,  120480.001,                                -376.664,                                  39.119,                               -3844.754,
8/28/2026 6:29:00 PM ,  120540.001,                                -376.664,                                  39.119,                               -3844.754,
8/28/2026 6:30:00 PM ,  120600.001,                                -376.664,                                  39.119,                               -3844.754,
8/28/2026 6:31:00 PM ,  120660.001,                                -376.662,                                  39.072,                               -3844.729,
8/28/2026 6:32:00 PM ,  120720.001,                                -376.664,                                  39.119,                               -3844.754,
8/28/2026 6:33:00 PM ,  120780.001,                                -376.664,                                  39.119,                               -3844.754,
8/28/2026 6:34:00 PM ,  120840.001,                                -376.662,                                  39.072,                               -3844.729,
8/28/2026 6:35:00 PM ,  120900.001,                                -376.662,                                  39.072,                               -3844.729,
8/28/2026 6:36:00 PM ,  120960.001,                                -376.664,                                  39.119,                               -3844.754,
8/28/2026 6:37:00 PM ,  121020.001,                                -376.664,                                  39.119,                               -3844.754,
8/28/2026 6:38:00 PM ,  121080.001,                                -376.664,                                  39.119,                               -3844.754,
8/28/2026 6:39:00 PM ,  121140.001,                                -376.662,                                  39.072,                               -3844.729,
8/28/2026 6:40:00 PM ,  121200.001,                                -376.664,                                  39.119,                               -3844.754,
8/28/2026 6:41:00 PM ,  121260.001,                                -376.662,                                  39.072,                               -3844.729,
8/28/2026 6:42:00 PM ,  121320.001,                                -376.662,                                  39.072,                               -3844.729,
8/28/2026 6:43:00 PM ,  121380.001,                                -376.664,                                  39.119,                               -3844.754,
8/28/2026 6:44:00 PM ,  121440.001,                                -376.664,                                  39.119,                               -3844.754,
8/28/2026 6:45:00 PM ,  121500.001,                                -376.662,                                  39.072,                               -3844.729,
8/28/2026 6:46:00 PM ,  121560.001,                                -376.664,                                  39.119,                               -3844.754,
8/28/2026 6:47:00 PM ,  121620.001,                                -376.662,                                  39.072,                               -3844.729,
8/28/2026 6:48:00 PM ,  121680.001,                                -376.664,                                  39.119,                               -3844.754,
8/28/2026 6:49:00 PM ,  121740.001,                                -376.662,                                  39.072,                               -3844.729,
8/28/2026 6:50:00 PM ,  121800.001,                                -376.662,                                  39.072,                               -3844.729,
8/28/2026 6:51:00 PM ,  121860.001,                                -376.664,                                  39.119,                               -3844.754,
8/28/2026 6:52:00 PM ,  121920.001,                                -376.664,                                  39.119,                               -3844.754,
8/28/2026 6:53:00 PM ,  121980.001,                                -376.664,                                  39.119,                               -3844.754,
8/28/2026 6:54:00 PM ,  122040.001,                                -376.662,                                  39.072,                               -3844.729,
8/28/2026 6:55:00 PM ,  122100.001,                                -376.662,                                  39.072,                               -3844.729,
8/28/2026 6:56:00 PM ,  122160.001,                                -376.662,                                  39.072,                               -3844.729,
8/28/2026 6:57:00 PM ,  122220.001,                                -376.664,                                  39.119,                               -3844.754,
8/28/2026 6:58:00 PM ,  122280.001,                                -376.662,                                  39.072,                               -3844.729,
8/28/2026 6:59:00 PM ,  122340.001,                                -376.662,                                  39.072,                               -3844.729,
8/28/2026 7:00:00 PM ,  122400.001,                                -376.662,                                  39.072,                               -3844.729,
8/28/2026 7:01:00 PM ,  122460.001,                                -376.662,                                  39.072,                               -3844.729,
8/28/2026 7:02:00 PM ,  122520.001,                                -376.662,                                  39.072,                               -3844.729,
8/28/2026 7:03:00 PM ,  122580.001,                                -376.662,                                  39.072,                               -3844.729,
8/28/2026 7:04:00 PM ,  122640.001,                                -376.662,                                  39.072,                               -3844.729,
8/28/2026 7:05:00 PM ,  122700.001,                                -376.662,                                  39.072,                               -3844.729,
8/28/2026 7:06:00 PM ,  122760.001,                                -376.662,                                  39.072,                               -3844.729,
8/28/2026 7:07:00 PM ,  122820.001,                                -376.662,                                  39.072,                               -3844.729,
8/28/2026 7:08:00 PM ,  122880.001,                                -376.662,                                  39.072,                               -3844.729,
8/28/2026 7:09:00 PM ,  122940.001,                                -376.664,                                  39.119,                               -3844.754,
8/28/2026 7:10:00 PM ,  123000.001,                                -376.662,                                  39.072,                               -3844.729,
8/28/2026 7:11:00 PM ,  123060.001,                                -376.662,                                  39.072,                               -3844.729,
8/28/2026 7:12:00 PM ,  123120.001,                                -376.662,                                  39.072,                               -3844.729,
8/28/2026 7:13:00 PM ,  123180.001,                                -376.662,                                  39.072,                               -3844.729,
8/28/2026 7:14:00 PM ,  123240.001,                                -376.664,                                  39.119,                               -3844.754,
8/28/2026 7:15:00 PM ,  123300.001,                                -376.662,                                  39.072,                               -3844.729,
8/28/2026 7:16:00 PM ,  123360.001,                                -376.662,                                  39.072,                               -3844.729,
8/28/2026 7:17:00 PM ,  123420.001,                                -376.662,                                  39.072,                               -3844.729,
8/28/2026 7:18:00 PM ,  123480.001,                                -376.662,                                  39.072,                               -3844.729,
8/28/2026 7:19:00 PM ,  123540.001,                                -376.662,                                  39.072,                               -3844.729,
8/28/2026 7:20:00 PM ,  123600.001,                                -376.662,                                  39.072,                               -3844.729,
8/28/2026 7:21:00 PM ,  123660.001,                                -376.662,                                  39.072,                               -3844.729,
8/28/2026 7:22:00 PM ,  123720.001,                                -376.662,                                  39.072,                               -3844.729,
8/28/2026 7:23:00 PM ,  123780.001,                                -376.662,                                  39.072,                               -3844.729,
8/28/2026 7:24:00 PM ,  123840.001,                                -376.662,                                  39.072,                               -3844.729,
8/28/2026 7:25:00 PM ,  123900.001,                                -376.662,                                  39.072,                               -3844.729,
8/28/2026 7:26:00 PM ,  123960.001,                                -376.662,                                  39.072,                               -3844.729,
8/28/2026 7:27:00 PM ,  124020.001,                                -376.662,                                  39.072,                               -3844.729,
8/28/2026 7:28:00 PM ,  124080.001,                                -376.662,                                  39.072,                               -3844.729,
8/28/2026 7:29:00 PM ,  124140.001,                                -376.662,                                  39.072,                               -3844.729,
8/28/2026 7:30:00 PM ,  124200.001,                                -376.662,                                  39.072,                               -3844.729,
8/28/2026 7:31:00 PM ,  124260.001,                                -376.662,                                  39.072,                               -3844.729,
8/28/2026 7:32:00 PM ,  124320.001,                                -376.662,                                  39.072,                               -3844.729,
8/28/2026 7:33:00 PM ,  124380.001,                                -376.662,                                  39.072,                               -3844.729,
8/28/2026 7:34:00 PM ,  124440.001,                                -376.660,                                  39.026,                               -3844.705,
8/28/2026 7:35:00 PM ,  124500.001,                                -376.662,                                  39.072,                               -3844.729,
8/28/2026 7:36:00 PM ,  124560.001,                                -376.662,                                  39.072,                               -3844.729,
8/28/2026 7:37:00 PM ,  124620.001,                                -376.662,                                  39.072,                               -3844.729,
8/28/2026 7:38:00 PM ,  124680.001,                                -376.662,                                  39.072,                               -3844.729,
8/28/2026 7:39:00 PM ,  124740.001,                                -376.662,                                  39.072,                               -3844.729,
8/28/2026 7:40:00 PM ,  124800.001,                                -376.662,                                  39.072,                               -3844.729,
8/28/2026 7:41:00 PM ,  124860.001,                                -376.664,                                  39.119,                               -3844.754,
8/28/2026 7:42:00 PM ,  124920.001,                                -376.662,                                  39.072,                               -3844.729,
8/28/2026 7:43:00 PM ,  124980.001,                                -376.662,                                  39.072,                               -3844.729,
8/28/2026 7:44:00 PM ,  125040.001,                                -376.662,                                  39.072,                               -3844.729,
8/28/2026 7:45:00 PM ,  125100.001,                                -376.662,                                  39.072,                               -3844.729,
8/28/2026 7:46:00 PM ,  125160.001,                                -376.662,                                  39.072,                               -3844.729,
8/28/2026 7:47:00 PM ,  125220.001,                                -376.662,                                  39.072,                               -3844.729,
8/28/2026 7:48:00 PM ,  125280.001,                                -376.662,                                  39.072,                               -3844.729,
8/28/2026 7:49:00 PM ,  125340.001,                                -376.662,                                  39.072,                               -3844.729,
8/28/2026 7:50:00 PM ,  125400.001,                                -376.662,                                  39.072,                               -3844.729,
8/28/2026 7:51:00 PM ,  125460.001,                                -376.662,                                  39.072,                               -3844.729,
8/28/2026 7:52:00 PM ,  125520.001,                                -376.662,                                  39.072,                               -3844.729,
8/28/2026 7:53:00 PM ,  125580.001,                                -376.662,                                  39.072,                               -3844.729,
8/28/2026 7:54:00 PM ,  125640.001,                                -376.662,                                  39.072,                               -3844.729,
8/28/2026 7:55:00 PM ,  125700.001,                                -376.662,                                  39.072,                               -3844.729,
8/28/2026 7:56:00 PM ,  125760.001,                                -376.662,                                  39.072,                               -3844.729,
8/28/2026 7:57:00 PM ,  125820.001,                                -376.662,                                  39.072,                               -3844.729,
8/28/2026 7:58:00 PM ,  125880.001,                                -376.662,                                  39.072,                               -3844.729,
8/28/2026 7:59:00 PM ,  125940.001,                                -376.662,                                  39.072,                               -3844.729,
8/28/2026 8:00:00 PM ,  126000.001,                                -376.662,                                  39.072,                               -3844.729,
8/28/2026 8:01:00 PM ,  126060.001,                                -376.662,                                  39.072,                               -3844.729,
8/28/2026 8:02:00 PM ,  126120.001,                                -376.660,                                  39.026,                               -3844.705,
8/28/2026 8:03:00 PM ,  126180.001,                                -376.662,                                  39.072,                               -3844.729,
8/28/2026 8:04:00 PM ,  126240.001,                                -376.662,                                  39.072,                               -3844.729,
8/28/2026 8:05:00 PM ,  126300.001,                                -376.662,                                  39.072,                               -3844.729,
8/28/2026 8:06:00 PM ,  126360.001,                                -376.662,                                  39.072,                               -3844.729,
8/28/2026 8:07:00 PM ,  126420.001,                                -376.662,                                  39.072,                               -3844.729,
8/28/2026 8:08:00 PM ,  126480.001,                                -376.662,                                  39.072,                               -3844.729,
8/28/2026 8:09:00 PM ,  126540.001,                                -376.662,                                  39.072,                               -3844.729,
8/28/2026 8:10:00 PM ,  126600.001,                                -376.662,                                  39.072,                               -3844.729,
8/28/2026 8:11:00 PM ,  126660.001,                                -376.662,                                  39.072,                               -3844.729,
8/28/2026 8:12:00 PM ,  126720.001,                                -376.662,                                  39.072,                               -3844.729,
8/28/2026 8:13:00 PM ,  126780.001,                                -376.662,                                  39.072,                               -3844.729,
8/28/2026 8:14:00 PM ,  126840.001,                                -376.660,                                  39.026,                               -3844.705,
8/28/2026 8:15:00 PM ,  126900.001,                                -376.662,                                  39.072,                               -3844.729,
8/28/2026 8:16:00 PM ,  126960.001,                                -376.662,                                  39.072,                               -3844.729,
8/28/2026 8:17:00 PM ,  127020.001,                                -376.662,                                  39.072,                               -3844.729,
8/28/2026 8:18:00 PM ,  127080.001,                                -376.662,                                  39.072,                               -3844.729,
8/28/2026 8:19:00 PM ,  127140.001,                                -376.662,                                  39.072,                               -3844.729,
8/28/2026 8:20:00 PM ,  127200.001,                                -376.660,                                  39.026,                               -3844.705,
8/28/2026 8:21:00 PM ,  127260.001,                                -376.660,                                  39.026,                               -3844.705,
8/28/2026 8:22:00 PM ,  127320.001,                                -376.662,                                  39.072,                               -3844.729,
8/28/2026 8:23:00 PM ,  127380.001,                                -376.660,                                  39.026,                               -3844.705,
8/28/2026 8:24:00 PM ,  127440.001,                                -376.662,                                  39.072,                               -3844.729,
8/28/2026 8:25:00 PM ,  127500.001,                                -376.662,                                  39.072,                               -3844.729,
8/28/2026 8:26:00 PM ,  127560.001,                                -376.662,                                  39.072,                               -3844.729,
8/28/2026 8:27:00 PM ,  127620.001,                                -376.662,                                  39.072,                               -3844.729,
8/28/2026 8:28:00 PM ,  127680.001,                                -376.662,                                  39.072,                               -3844.729,
8/28/2026 8:29:00 PM ,  127740.001,                                -376.662,                                  39.072,                               -3844.729,
8/28/2026 8:30:00 PM ,  127800.001,                                -376.662,                                  39.072,                               -3844.729,
8/28/2026 8:31:00 PM ,  127860.001,                                -376.662,                                  39.072,                               -3844.729,
8/28/2026 8:32:00 PM ,  127920.001,                                -376.662,                                  39.072,                               -3844.729,
8/28/2026 8:33:00 PM ,  127980.001,                                -376.662,                                  39.072,                               -3844.729,
8/28/2026 8:34:00 PM ,  128040.001,                                -376.662,                                  39.072,                               -3844.729,
8/28/2026 8:35:00 PM ,  128100.001,                                -376.662,                                  39.072,                               -3844.729,
8/28/2026 8:36:00 PM ,  128160.001,                                -376.662,                                  39.072,                               -3844.729,
8/28/2026 8:37:00 PM ,  128220.001,                                -376.662,                                  39.072,                               -3844.729,
8/28/2026 8:38:00 PM ,  128280.001,                                -376.662,                                  39.072,                               -3844.729,
8/28/2026 8:39:00 PM ,  128340.001,                                -376.662,                                  39.072,                               -3844.729,
8/28/2026 8:40:00 PM ,  128400.001,                                -376.662,                                  39.072,                               -3844.729,
8/28/2026 8:41:00 PM ,  128460.001,                                -376.660,                                  39.026,                               -3844.705,
8/28/2026 8:42:00 PM ,  128520.001,                                -376.660,                                  39.026,                               -3844.705,
8/28/2026 8:43:00 PM ,  128580.001,                                -376.662,                                  39.072,                               -3844.729,
8/28/2026 8:44:00 PM ,  128640.001,                                -376.662,                                  39.072,                               -3844.729,
8/28/2026 8:45:00 PM ,  128700.001,                                -376.662,                                  39.072,                               -3844.729,
8/28/2026 8:46:00 PM ,  128760.001,                                -376.660,                                  39.026,                               -3844.705,
8/28/2026 8:47:00 PM ,  128820.001,                                -376.662,                                  39.072,                               -3844.729,
8/28/2026 8:48:00 PM ,  128880.001,                                -376.662,                                  39.072,                               -3844.729,
8/28/2026 8:49:00 PM ,  128940.001,                                -376.660,                                  39.026,                               -3844.705,
8/28/2026 8:50:00 PM ,  129000.001,                                -376.662,                                  39.072,                               -3844.729,
8/28/2026 8:51:00 PM ,  129060.001,                                -376.662,                                  39.072,                               -3844.729,
8/28/2026 8:52:00 PM ,  129120.001,                                -376.662,                                  39.072,                               -3844.729,
8/28/2026 8:53:00 PM ,  129180.001,                                -376.660,                                  39.026,                               -3844.705,
8/28/2026 8:54:00 PM ,  129240.001,                                -376.660,                                  39.026,                               -3844.705,
8/28/2026 8:55:00 PM ,  129300.001,                                -376.660,                                  39.026,                               -3844.705,
8/28/2026 8:56:00 PM ,  129360.001,                                -376.660,                                  39.026,                               -3844.705,
8/28/2026 8:57:00 PM ,  129420.001,                                -376.660,                                  39.026,                               -3844.705,
8/28/2026 8:58:00 PM ,  129480.001,                                -376.660,                                  39.026,                               -3844.705,
8/28/2026 8:59:00 PM ,  129540.001,                                -376.660,                                  39.026,                               -3844.705,
8/28/2026 9:00:00 PM ,  129600.001,                                -376.660,                                  39.026,                               -3844.705,
8/28/2026 9:01:00 PM ,  129660.001,                                -376.660,                                  39.026,                               -3844.705,
8/28/2026 9:02:00 PM ,  129720.001,                                -376.662,                                  39.072,                               -3844.729,
8/28/2026 9:03:00 PM ,  129780.001,                                -376.662,                                  39.072,                               -3844.729,
8/28/2026 9:04:00 PM ,  129840.001,                                -376.660,                                  39.026,                               -3844.705,
8/28/2026 9:05:00 PM ,  129900.001,                                -376.660,                                  39.026,                               -3844.705,
8/28/2026 9:06:00 PM ,  129960.001,                                -376.660,                                  39.026,                               -3844.705,
8/28/2026 9:07:00 PM ,  130020.001,                                -376.660,                                  39.026,                               -3844.705,
8/28/2026 9:08:00 PM ,  130080.001,                                -376.660,                                  39.026,                               -3844.705,
8/28/2026 9:09:00 PM ,  130140.001,                                -376.660,                                  39.026,                               -3844.705,
8/28/2026 9:10:00 PM ,  130200.001,                                -376.660,                                  39.026,                               -3844.705,
8/28/2026 9:11:00 PM ,  130260.001,                                -376.660,                                  39.026,                               -3844.705,
8/28/2026 9:12:00 PM ,  130320.001,                                -376.660,                                  39.026,                               -3844.705,
8/28/2026 9:13:00 PM ,  130380.001,                                -376.662,                                  39.072,                               -3844.729,
8/28/2026 9:14:00 PM ,  130440.001,                                -376.660,                                  39.026,                               -3844.705,
8/28/2026 9:15:00 PM ,  130500.001,                                -376.660,                                  39.026,                               -3844.705,
8/28/2026 9:16:00 PM ,  130560.001,                                -376.660,                                  39.026,                               -3844.705,
8/28/2026 9:17:00 PM ,  130620.001,                                -376.662,                                  39.072,                               -3844.729,
8/28/2026 9:18:00 PM ,  130680.001,                                -376.660,                                  39.026,                               -3844.705,
8/28/2026 9:19:00 PM ,  130740.001,                                -376.660,                                  39.026,                               -3844.705,
8/28/2026 9:20:00 PM ,  130800.001,                                -376.660,                                  39.026,                               -3844.705,
8/28/2026 9:21:00 PM ,  130860.001,                                -376.662,                                  39.072,                               -3844.729,
8/28/2026 9:22:00 PM ,  130920.001,                                -376.660,                                  39.026,                               -3844.705,
8/28/2026 9:23:00 PM ,  130980.001,                                -376.660,                                  39.026,                               -3844.705,
8/28/2026 9:24:00 PM ,  131040.001,                                -376.660,                                  39.026,                               -3844.705,
8/28/2026 9:25:00 PM ,  131100.001,                                -376.660,                                  39.026,                               -3844.705,
8/28/2026 9:26:00 PM ,  131160.001,                                -376.660,                                  39.026,                               -3844.705,
8/28/2026 9:27:00 PM ,  131220.001,                                -376.660,                                  39.026,                               -3844.705,
8/28/2026 9:28:00 PM ,  131280.001,                                -376.660,                                  39.026,                               -3844.705,
8/28/2026 9:29:00 PM ,  131340.001,                                -376.660,                                  39.026,                               -3844.705,
8/28/2026 9:30:00 PM ,  131400.001,                                -376.660,                                  39.026,                               -3844.705,
8/28/2026 9:31:00 PM ,  131460.001,                                -376.660,                                  39.026,                               -3844.705,
8/28/2026 9:32:00 PM ,  131520.001,                                -376.660,                                  39.026,                               -3844.705,
8/28/2026 9:33:00 PM ,  131580.001,                                -376.660,                                  39.026,                               -3844.705,
8/28/2026 9:34:00 PM ,  131640.001,                                -376.660,                                  39.026,                               -3844.705,
8/28/2026 9:35:00 PM ,  131700.001,                                -376.660,                                  39.026,                               -3844.705,
8/28/2026 9:36:00 PM ,  131760.001,                                -376.660,                                  39.026,                               -3844.705,
8/28/2026 9:37:00 PM ,  131820.001,                                -376.660,                                  39.026,                               -3844.705,
8/28/2026 9:38:00 PM ,  131880.001,                                -376.660,                                  39.026,                               -3844.705,
8/28/2026 9:39:00 PM ,  131940.001,                                -376.660,                                  39.026,                               -3844.705,
8/28/2026 9:40:00 PM ,  132000.001,                                -376.660,                                  39.026,                               -3844.705,
8/28/2026 9:41:00 PM ,  132060.001,                                -376.660,                                  39.026,                               -3844.705,
8/28/2026 9:42:00 PM ,  132120.001,                                -376.660,                                  39.026,                               -3844.705,
8/28/2026 9:43:00 PM ,  132180.001,                                -376.660,                                  39.026,                               -3844.705,
8/28/2026 9:44:00 PM ,  132240.001,                                -376.660,                                  39.026,                               -3844.705,
8/28/2026 9:45:00 PM ,  132300.001,                                -376.660,                                  39.026,                               -3844.705,
8/28/2026 9:46:00 PM ,  132360.001,                                -376.660,                                  39.026,                               -3844.705,
8/28/2026 9:47:00 PM ,  132420.001,                                -376.660,                                  39.026,                               -3844.705,
8/28/2026 9:48:00 PM ,  132480.001,                                -376.660,                                  39.026,                               -3844.705,
8/28/2026 9:49:00 PM ,  132540.001,                                -376.657,                                  38.980,                               -3844.680,
8/28/2026 9:50:00 PM ,  132600.001,                                -376.660,                                  39.026,                               -3844.705,
8/28/2026 9:51:00 PM ,  132660.001,                                -376.660,                                  39.026,                               -3844.705,
8/28/2026 9:52:00 PM ,  132720.001,                                -376.660,                                  39.026,                               -3844.705,
8/28/2026 9:53:00 PM ,  132780.001,                                -376.660,                                  39.026,                               -3844.705,
8/28/2026 9:54:00 PM ,  132840.001,                                -376.660,                                  39.026,                               -3844.705,
8/28/2026 9:55:00 PM ,  132900.001,                                -376.660,                                  39.026,                               -3844.705,
8/28/2026 9:56:00 PM ,  132960.001,                                -376.660,                                  39.026,                               -3844.705,
8/28/2026 9:57:00 PM ,  133020.001,                                -376.660,                                  39.026,                               -3844.705,
8/28/2026 9:58:00 PM ,  133080.001,                                -376.660,                                  39.026,                               -3844.705,
8/28/2026 9:59:00 PM ,  133140.001,                                -376.660,                                  39.026,                               -3844.705,
8/28/2026 10:00:00 PM,  133200.001,                                -376.660,                                  39.026,                               -3844.705,
8/28/2026 10:01:00 PM,  133260.001,                                -376.662,                                  39.072,                               -3844.729,
8/28/2026 10:02:00 PM,  133320.001,                                -376.660,                                  39.026,                               -3844.705,
8/28/2026 10:03:00 PM,  133380.001,                                -376.660,                                  39.026,                               -3844.705,
8/28/2026 10:04:00 PM,  133440.001,                                -376.660,                                  39.026,                               -3844.705,
8/28/2026 10:05:00 PM,  133500.001,                                -376.660,                                  39.026,                               -3844.705,
8/28/2026 10:06:00 PM,  133560.001,                                -376.660,                                  39.026,                               -3844.705,
8/28/2026 10:07:00 PM,  133620.001,                                -376.660,                                  39.026,                               -3844.705,
8/28/2026 10:08:00 PM,  133680.001,                                -376.660,                                  39.026,                               -3844.705,
8/28/2026 10:09:00 PM,  133740.001,                                -376.660,                                  39.026,                               -3844.705,
8/28/2026 10:10:00 PM,  133800.001,                                -376.660,                                  39.026,                               -3844.705,
8/28/2026 10:11:00 PM,  133860.001,                                -376.660,                                  39.026,                               -3844.705,
8/28/2026 10:12:00 PM,  133920.001,                                -376.660,                                  39.026,                               -3844.705,
8/28/2026 10:13:00 PM,  133980.001,                                -376.660,                                  39.026,                               -3844.705,
8/28/2026 10:14:00 PM,  134040.001,                                -376.660,                                  39.026,                               -3844.705,
8/28/2026 10:15:00 PM,  134100.001,                                -376.660,                                  39.026,                               -3844.705,
8/28/2026 10:16:00 PM,  134160.001,                                -376.660,                                  39.026,                               -3844.705,
8/28/2026 10:17:00 PM,  134220.001,                                -376.660,                                  39.026,                               -3844.705,
8/28/2026 10:18:00 PM,  134280.001,                                -376.660,                                  39.026,                               -3844.705,
8/28/2026 10:19:00 PM,  134340.001,                                -376.660,                                  39.026,                               -3844.705,
8/28/2026 10:20:00 PM,  134400.001,                                -376.660,                                  39.026,                               -3844.705,
8/28/2026 10:21:00 PM,  134460.001,                                -376.660,                                  39.026,                               -3844.705,
8/28/2026 10:22:00 PM,  134520.001,                                -376.660,                                  39.026,                               -3844.705,
8/28/2026 10:23:00 PM,  134580.001,                                -376.660,                                  39.026,                               -3844.705,
8/28/2026 10:24:00 PM,  134640.001,                                -376.660,                                  39.026,                               -3844.705,
8/28/2026 10:25:00 PM,  134700.001,                                -376.660,                                  39.026,                               -3844.705,
8/28/2026 10:26:00 PM,  134760.001,                                -376.660,                                  39.026,                               -3844.705,
8/28/2026 10:27:00 PM,  134820.001,                                -376.660,                                  39.026,                               -3844.705,
8/28/2026 10:28:00 PM,  134880.001,                                -376.660,                                  39.026,                               -3844.705,
8/28/2026 10:29:00 PM,  134940.001,                                -376.660,                                  39.026,                               -3844.705,
8/28/2026 10:30:00 PM,  135000.001,                                -376.660,                                  39.026,                               -3844.705,
8/28/2026 10:31:00 PM,  135060.001,                                -376.660,                                  39.026,                               -3844.705,
8/28/2026 10:32:00 PM,  135120.001,                                -376.660,                                  39.026,                               -3844.705,
8/28/2026 10:33:00 PM,  135180.001,                                -376.660,                                  39.026,                               -3844.705,
8/28/2026 10:34:00 PM,  135240.001,                                -376.660,                                  39.026,                               -3844.705,
8/28/2026 10:35:00 PM,  135300.001,                                -376.660,                                  39.026,                               -3844.705,
8/28/2026 10:36:00 PM,  135360.001,                                -376.660,                                  39.026,                               -3844.705,
8/28/2026 10:37:00 PM,  135420.001,                                -376.660,                                  39.026,                               -3844.705,
8/28/2026 10:38:00 PM,  135480.001,                                -376.660,                                  39.026,                               -3844.705,
8/28/2026 10:39:00 PM,  135540.001,                                -376.657,                                  38.980,                               -3844.680,
8/28/2026 10:40:00 PM,  135600.001,                                -376.660,                                  39.026,                               -3844.705,
8/28/2026 10:41:00 PM,  135660.001,                                -376.660,                                  39.026,                               -3844.705,
8/28/2026 10:42:00 PM,  135720.001,                                -376.657,                                  38.980,                               -3844.680,
8/28/2026 10:43:00 PM,  135780.001,                                -376.660,                                  39.026,                               -3844.705,
8/28/2026 10:44:00 PM,  135840.001,                                -376.660,                                  39.026,                               -3844.705,
8/28/2026 10:45:00 PM,  135900.001,                                -376.657,                                  38.980,                               -3844.680,
8/28/2026 10:46:00 PM,  135960.001,                                -376.660,                                  39.026,                               -3844.705,
8/28/2026 10:47:00 PM,  136020.001,                                -376.660,                                  39.026,                               -3844.705,
8/28/2026 10:48:00 PM,  136080.001,                                -376.660,                                  39.026,                               -3844.705,
8/28/2026 10:49:00 PM,  136140.001,                                -376.660,                                  39.026,                               -3844.705,
8/28/2026 10:50:00 PM,  136200.001,                                -376.660,                                  39.026,                               -3844.705,
8/28/2026 10:51:00 PM,  136260.001,                                -376.660,                                  39.026,                               -3844.705,
8/28/2026 10:52:00 PM,  136320.001,                                -376.660,                                  39.026,                               -3844.705,
8/28/2026 10:53:00 PM,  136380.001,                                -376.660,                                  39.026,                               -3844.705,
8/28/2026 10:54:00 PM,  136440.001,                                -376.660,                                  39.026,                               -3844.705,
8/28/2026 10:55:00 PM,  136500.001,                                -376.660,                                  39.026,                               -3844.705,
8/28/2026 10:56:00 PM,  136560.001,                                -376.660,                                  39.026,                               -3844.705,
8/28/2026 10:57:00 PM,  136620.001,                                -376.660,                                  39.026,                               -3844.705,
8/28/2026 10:58:00 PM,  136680.001,                                -376.660,                                  39.026,                               -3844.705,
8/28/2026 10:59:00 PM,  136740.001,                                -376.657,                                  38.980,                               -3844.680,
8/28/2026 11:00:00 PM,  136800.001,                                -376.660,                                  39.026,                               -3844.705,
8/28/2026 11:01:00 PM,  136860.001,                                -376.660,                                  39.026,                               -3844.705,
8/28/2026 11:02:00 PM,  136920.001,                                -376.660,                                  39.026,                               -3844.705,
8/28/2026 11:03:00 PM,  136980.001,                                -376.657,                                  38.980,                               -3844.680,
8/28/2026 11:04:00 PM,  137040.001,                                -376.660,                                  39.026,                               -3844.705,
8/28/2026 11:05:00 PM,  137100.001,                                -376.660,                                  39.026,                               -3844.705,
8/28/2026 11:06:00 PM,  137160.001,                                -376.657,                                  38.980,                               -3844.680,
8/28/2026 11:07:00 PM,  137220.001,                                -376.660,                                  39.026,                               -3844.705,
8/28/2026 11:08:00 PM,  137280.001,                                -376.660,                                  39.026,                               -3844.705,
8/28/2026 11:09:00 PM,  137340.001,                                -376.660,                                  39.026,                               -3844.705,
8/28/2026 11:10:00 PM,  137400.001,                                -376.660,                                  39.026,                               -3844.705,
8/28/2026 11:11:00 PM,  137460.001,                                -376.660,                                  39.026,                               -3844.705,
8/28/2026 11:12:00 PM,  137520.001,                                -376.657,                                  38.980,                               -3844.680,
8/28/2026 11:13:00 PM,  137580.001,                                -376.657,                                  38.980,                               -3844.680,
8/28/2026 11:14:00 PM,  137640.001,                                -376.660,                                  39.026,                               -3844.705,
8/28/2026 11:15:00 PM,  137700.001,                                -376.660,                                  39.026,                               -3844.705,
8/28/2026 11:16:00 PM,  137760.001,                                -376.660,                                  39.026,                               -3844.705,
8/28/2026 11:17:00 PM,  137820.001,                                -376.660,                                  39.026,                               -3844.705,
8/28/2026 11:18:00 PM,  137880.001,                                -376.657,                                  38.980,                               -3844.680,
8/28/2026 11:19:00 PM,  137940.001,                                -376.660,                                  39.026,                               -3844.705,
8/28/2026 11:20:00 PM,  138000.001,                                -376.660,                                  39.026,                               -3844.705,
8/28/2026 11:21:00 PM,  138060.001,                                -376.660,                                  39.026,                               -3844.705,
8/28/2026 11:22:00 PM,  138120.001,                                -376.657,                                  38.980,                               -3844.680,
8/28/2026 11:23:00 PM,  138180.001,                                -376.660,                                  39.026,                               -3844.705,
8/28/2026 11:24:00 PM,  138240.001,                                -376.660,                                  39.026,                               -3844.705,
8/28/2026 11:25:00 PM,  138300.001,                                -376.657,                                  38.980,                               -3844.680,
8/28/2026 11:26:00 PM,  138360.001,                                -376.660,                                  39.026,                               -3844.705,
8/28/2026 11:27:00 PM,  138420.001,                                -376.660,                                  39.026,                               -3844.705,
8/28/2026 11:28:00 PM,  138480.001,                                -376.660,                                  39.026,                               -3844.705,
8/28/2026 11:29:00 PM,  138540.001,                                -376.657,                                  38.980,                               -3844.680,
8/28/2026 11:30:00 PM,  138600.001,                                -376.660,                                  39.026,                               -3844.705,
8/28/2026 11:31:00 PM,  138660.001,                                -376.657,                                  38.980,                               -3844.680,
8/28/2026 11:32:00 PM,  138720.001,                                -376.657,                                  38.980,                               -3844.680,
8/28/2026 11:33:00 PM,  138780.001,                                -376.657,                                  38.980,                               -3844.680,
8/28/2026 11:34:00 PM,  138840.001,                                -376.657,                                  38.980,                               -3844.680,
8/28/2026 11:35:00 PM,  138900.001,                                -376.660,                                  39.026,                               -3844.705,
8/28/2026 11:36:00 PM,  138960.001,                                -376.660,                                  39.026,                               -3844.705,
8/28/2026 11:37:00 PM,  139020.001,                                -376.660,                                  39.026,                               -3844.705,
8/28/2026 11:38:00 PM,  139080.001,                                -376.657,                                  38.980,                               -3844.680,
8/28/2026 11:39:00 PM,  139140.001,                                -376.660,                                  39.026,                               -3844.705,
8/28/2026 11:40:00 PM,  139200.001,                                -376.660,                                  39.026,                               -3844.705,
8/28/2026 11:41:00 PM,  139260.001,                                -376.660,                                  39.026,                               -3844.705,
8/28/2026 11:42:00 PM,  139320.001,                                -376.660,                                  39.026,                               -3844.705,
8/28/2026 11:43:00 PM,  139380.001,                                -376.660,                                  39.026,                               -3844.705,
8/28/2026 11:44:00 PM,  139440.001,                                -376.660,                                  39.026,                               -3844.705,
8/28/2026 11:45:00 PM,  139500.001,                                -376.657,                                  38.980,                               -3844.680,
8/28/2026 11:46:00 PM,  139560.001,                                -376.660,                                  39.026,                               -3844.705,
8/28/2026 11:47:00 PM,  139620.001,                                -376.660,                                  39.026,                               -3844.705,
8/28/2026 11:48:00 PM,  139680.001,                                -376.657,                                  38.980,                               -3844.680,
8/28/2026 11:49:00 PM,  139740.001,                                -376.657,                                  38.980,                               -3844.680,
8/28/2026 11:50:00 PM,  139800.001,                                -376.657,                                  38.980,                               -3844.680,
8/28/2026 11:51:00 PM,  139860.001,                                -376.657,                                  38.980,                               -3844.680,
8/28/2026 11:52:00 PM,  139920.001,                                -376.660,                                  39.026,                               -3844.705,
8/28/2026 11:53:00 PM,  139980.001,                                -376.657,                                  38.980,                               -3844.680,
8/28/2026 11:54:00 PM,  140040.001,                                -376.660,                                  39.026,                               -3844.705,
8/28/2026 11:55:00 PM,  140100.001,                                -376.660,                                  39.026,                               -3844.705,
8/28/2026 11:56:00 PM,  140160.001,                                -376.657,                                  38.980,                               -3844.680,
8/28/2026 11:57:00 PM,  140220.001,                                -376.657,                                  38.980,                               -3844.680,
8/28/2026 11:58:00 PM,  140280.001,                                -376.660,                                  39.026,                               -3844.705,
8/28/2026 11:59:00 PM,  140340.001,                                -376.657,                                  38.980,                               -3844.680,
8/29/2026 12:00:00 AM,  140400.001,                                -376.660,                                  39.026,                               -3844.705,
8/29/2026 12:01:00 AM,  140460.001,                                -376.660,                                  39.026,                               -3844.705,
8/29/2026 12:02:00 AM,  140520.001,                                -376.657,                                  38.980,                               -3844.680,
8/29/2026 12:03:00 AM,  140580.001,                                -376.660,                                  39.026,                               -3844.705,
8/29/2026 12:04:00 AM,  140640.001,                                -376.657,                                  38.980,                               -3844.680,
8/29/2026 12:05:00 AM,  140700.001,                                -376.657,                                  38.980,                               -3844.680,
8/29/2026 12:06:00 AM,  140760.001,                                -376.660,                                  39.026,                               -3844.705,
8/29/2026 12:07:00 AM,  140820.001,                                -376.657,                                  38.980,                               -3844.680,
8/29/2026 12:08:00 AM,  140880.001,                                -376.657,                                  38.980,                               -3844.680,
8/29/2026 12:09:00 AM,  140940.001,                                -376.660,                                  39.026,                               -3844.705,
8/29/2026 12:10:00 AM,  141000.001,                                -376.657,                                  38.980,                               -3844.680,
8/29/2026 12:11:00 AM,  141060.001,                                -376.660,                                  39.026,                               -3844.705,
8/29/2026 12:12:00 AM,  141120.001,                                -376.660,                                  39.026,                               -3844.705,
8/29/2026 12:13:00 AM,  141180.001,                                -376.660,                                  39.026,                               -3844.705,
8/29/2026 12:14:00 AM,  141240.001,                                -376.660,                                  39.026,                               -3844.705,
8/29/2026 12:15:00 AM,  141300.001,                                -376.657,                                  38.980,                               -3844.680,
8/29/2026 12:16:00 AM,  141360.001,                                -376.657,                                  38.980,                               -3844.680,
8/29/2026 12:17:00 AM,  141420.001,                                -376.657,                                  38.980,                               -3844.680,
8/29/2026 12:18:00 AM,  141480.001,                                -376.657,                                  38.980,                               -3844.680,
8/29/2026 12:19:00 AM,  141540.001,                                -376.657,                                  38.980,                               -3844.680,
8/29/2026 12:20:00 AM,  141600.001,                                -376.660,                                  39.026,                               -3844.705,
8/29/2026 12:21:00 AM,  141660.001,                                -376.657,                                  38.980,                               -3844.680,
8/29/2026 12:22:00 AM,  141720.001,                                -376.657,                                  38.980,                               -3844.680,
8/29/2026 12:23:00 AM,  141780.001,                                -376.660,                                  39.026,                               -3844.705,
8/29/2026 12:24:00 AM,  141840.001,                                -376.660,                                  39.026,                               -3844.705,
8/29/2026 12:25:00 AM,  141900.001,                                -376.657,                                  38.980,                               -3844.680,
8/29/2026 12:26:00 AM,  141960.001,                                -376.657,                                  38.980,                               -3844.680,
8/29/2026 12:27:00 AM,  142020.001,                                -376.660,                                  39.026,                               -3844.705,
8/29/2026 12:28:00 AM,  142080.001,                                -376.657,                                  38.980,                               -3844.680,
8/29/2026 12:29:00 AM,  142140.001,                                -376.660,                                  39.026,                               -3844.705,
8/29/2026 12:30:00 AM,  142200.001,                                -376.657,                                  38.980,                               -3844.680,
8/29/2026 12:31:00 AM,  142260.001,                                -376.660,                                  39.026,                               -3844.705,
8/29/2026 12:32:00 AM,  142320.001,                                -376.660,                                  39.026,                               -3844.705,
8/29/2026 12:33:00 AM,  142380.001,                                -376.660,                                  39.026,                               -3844.705,
8/29/2026 12:34:00 AM,  142440.001,                                -376.657,                                  38.980,                               -3844.680,
8/29/2026 12:35:00 AM,  142500.001,                                -376.657,                                  38.980,                               -3844.680,
8/29/2026 12:36:00 AM,  142560.001,                                -376.657,                                  38.980,                               -3844.680,
8/29/2026 12:37:00 AM,  142620.001,                                -376.660,                                  39.026,                               -3844.705,
8/29/2026 12:38:00 AM,  142680.001,                                -376.660,                                  39.026,                               -3844.705,
8/29/2026 12:39:00 AM,  142740.001,                                -376.660,                                  39.026,                               -3844.705,
8/29/2026 12:40:00 AM,  142800.001,                                -376.660,                                  39.026,                               -3844.705,
8/29/2026 12:41:00 AM,  142860.001,                                -376.657,                                  38.980,                               -3844.680,
8/29/2026 12:42:00 AM,  142920.001,                                -376.657,                                  38.980,                               -3844.680,
8/29/2026 12:43:00 AM,  142980.001,                                -376.660,                                  39.026,                               -3844.705,
8/29/2026 12:44:00 AM,  143040.001,                                -376.657,                                  38.980,                               -3844.680,
8/29/2026 12:45:00 AM,  143100.001,                                -376.660,                                  39.026,                               -3844.705,
8/29/2026 12:46:00 AM,  143160.001,                                -376.657,                                  38.980,                               -3844.680,
8/29/2026 12:47:00 AM,  143220.001,                                -376.660,                                  39.026,                               -3844.705,
8/29/2026 12:48:00 AM,  143280.001,                                -376.657,                                  38.980,                               -3844.680,
8/29/2026 12:49:00 AM,  143340.001,                                -376.660,                                  39.026,                               -3844.705,
8/29/2026 12:50:00 AM,  143400.001,                                -376.660,                                  39.026,                               -3844.705,
8/29/2026 12:51:00 AM,  143460.001,                                -376.660,                                  39.026,                               -3844.705,
8/29/2026 12:52:00 AM,  143520.001,                                -376.657,                                  38.980,                               -3844.680,
8/29/2026 12:53:00 AM,  143580.001,                                -376.657,                                  38.980,                               -3844.680,
8/29/2026 12:54:00 AM,  143640.001,                                -376.657,                                  38.980,                               -3844.680,
8/29/2026 12:55:00 AM,  143700.001,                                -376.657,                                  38.980,                               -3844.680,
8/29/2026 12:56:00 AM,  143760.001,                                -376.657,                                  38.980,                               -3844.680,
8/29/2026 12:57:00 AM,  143820.001,                                -376.657,                                  38.980,                               -3844.680,
8/29/2026 12:58:00 AM,  143880.001,                                -376.660,                                  39.026,                               -3844.705,
8/29/2026 12:59:00 AM,  143940.001,                                -376.660,                                  39.026,                               -3844.705,
8/29/2026 1:00:00 AM ,  144000.001,                                -376.657,                                  38.980,                               -3844.680,
8/29/2026 1:01:00 AM ,  144060.001,                                -376.660,                                  39.026,                               -3844.705,
8/29/2026 1:02:00 AM ,  144120.001,                                -376.657,                                  38.980,                               -3844.680,
8/29/2026 1:03:00 AM ,  144180.001,                                -376.657,                                  38.980,                               -3844.680,
8/29/2026 1:04:00 AM ,  144240.001,                                -376.657,                                  38.980,                               -3844.680,
8/29/2026 1:05:00 AM ,  144300.001,                                -376.660,                                  39.026,                               -3844.705,
8/29/2026 1:06:00 AM ,  144360.001,                                -376.660,                                  39.026,                               -3844.705,
8/29/2026 1:07:00 AM ,  144420.001,                                -376.657,                                  38.980,                               -3844.680,
8/29/2026 1:08:00 AM ,  144480.001,                                -376.657,                                  38.980,                               -3844.680,
8/29/2026 1:09:00 AM ,  144540.001,                                -376.657,                                  38.980,                               -3844.680,
8/29/2026 1:10:00 AM ,  144600.001,                                -376.660,                                  39.026,                               -3844.705,
8/29/2026 1:11:00 AM ,  144660.001,                                -376.660,                                  39.026,                               -3844.705,
8/29/2026 1:12:00 AM ,  144720.001,                                -376.657,                                  38.980,                               -3844.680,
8/29/2026 1:13:00 AM ,  144780.001,                                -376.657,                                  38.980,                               -3844.680,
8/29/2026 1:14:00 AM ,  144840.001,                                -376.657,                                  38.980,                               -3844.680,
8/29/2026 1:15:00 AM ,  144900.001,                                -376.660,                                  39.026,                               -3844.705,
8/29/2026 1:16:00 AM ,  144960.001,                                -376.657,                                  38.980,                               -3844.680,
8/29/2026 1:17:00 AM ,  145020.001,                                -376.660,                                  39.026,                               -3844.705,
8/29/2026 1:18:00 AM ,  145080.001,                                -376.657,                                  38.980,                               -3844.680,
8/29/2026 1:19:00 AM ,  145140.001,                                -376.660,                                  39.026,                               -3844.705,
8/29/2026 1:20:00 AM ,  145200.001,                                -376.660,                                  39.026,                               -3844.705,
8/29/2026 1:21:00 AM ,  145260.001,                                -376.660,                                  39.026,                               -3844.705,
8/29/2026 1:22:00 AM ,  145320.001,                                -376.660,                                  39.026,                               -3844.705,
8/29/2026 1:23:00 AM ,  145380.001,                                -376.657,                                  38.980,                               -3844.680,
8/29/2026 1:24:00 AM ,  145440.001,                                -376.657,                                  38.980,                               -3844.680,
8/29/2026 1:25:00 AM ,  145500.001,                                -376.660,                                  39.026,                               -3844.705,
8/29/2026 1:26:00 AM ,  145560.001,                                -376.657,                                  38.980,                               -3844.680,
8/29/2026 1:27:00 AM ,  145620.001,                                -376.660,                                  39.026,                               -3844.705,
8/29/2026 1:28:00 AM ,  145680.001,                                -376.660,                                  39.026,                               -3844.705,
8/29/2026 1:29:00 AM ,  145740.001,                                -376.660,                                  39.026,                               -3844.705,
8/29/2026 1:30:00 AM ,  145800.001,                                -376.657,                                  38.980,                               -3844.680,
8/29/2026 1:31:00 AM ,  145860.001,                                -376.660,                                  39.026,                               -3844.705,
8/29/2026 1:32:00 AM ,  145920.001,                                -376.660,                                  39.026,                               -3844.705,
8/29/2026 1:33:00 AM ,  145980.001,                                -376.660,                                  39.026,                               -3844.705,
8/29/2026 1:34:00 AM ,  146040.001,                                -376.660,                                  39.026,                               -3844.705,
8/29/2026 1:35:00 AM ,  146100.001,                                -376.660,                                  39.026,                               -3844.705,
8/29/2026 1:36:00 AM ,  146160.001,                                -376.657,                                  38.980,                               -3844.680,
8/29/2026 1:37:00 AM ,  146220.001,                                -376.660,                                  39.026,                               -3844.705,
8/29/2026 1:38:00 AM ,  146280.001,                                -376.660,                                  39.026,                               -3844.705,
8/29/2026 1:39:00 AM ,  146340.001,                                -376.660,                                  39.026,                               -3844.705,
8/29/2026 1:40:00 AM ,  146400.001,                                -376.660,                                  39.026,                               -3844.705,
8/29/2026 1:41:00 AM ,  146460.001,                                -376.660,                                  39.026,                               -3844.705,
8/29/2026 1:42:00 AM ,  146520.001,                                -376.657,                                  38.980,                               -3844.680,
8/29/2026 1:43:00 AM ,  146580.001,                                -376.660,                                  39.026,                               -3844.705,
8/29/2026 1:44:00 AM ,  146640.001,                                -376.657,                                  38.980,                               -3844.680,
8/29/2026 1:45:00 AM ,  146700.001,                                -376.657,                                  38.980,                               -3844.680,
8/29/2026 1:46:00 AM ,  146760.001,                                -376.657,                                  38.980,                               -3844.680,
8/29/2026 1:47:00 AM ,  146820.001,                                -376.660,                                  39.026,                               -3844.705,
8/29/2026 1:48:00 AM ,  146880.001,                                -376.660,                                  39.026,                               -3844.705,
8/29/2026 1:49:00 AM ,  146940.001,                                -376.657,                                  38.980,                               -3844.680,
8/29/2026 1:50:00 AM ,  147000.001,                                -376.660,                                  39.026,                               -3844.705,
8/29/2026 1:51:00 AM ,  147060.001,                                -376.660,                                  39.026,                               -3844.705,
8/29/2026 1:52:00 AM ,  147120.001,                                -376.660,                                  39.026,                               -3844.705,
8/29/2026 1:53:00 AM ,  147180.001,                                -376.660,                                  39.026,                               -3844.705,
8/29/2026 1:54:00 AM ,  147240.001,                                -376.660,                                  39.026,                               -3844.705,
8/29/2026 1:55:00 AM ,  147300.001,                                -376.660,                                  39.026,                               -3844.705,
8/29/2026 1:56:00 AM ,  147360.001,                                -376.660,                                  39.026,                               -3844.705,
8/29/2026 1:57:00 AM ,  147420.001,                                -376.660,                                  39.026,                               -3844.705,
8/29/2026 1:58:00 AM ,  147480.001,                                -376.660,                                  39.026,                               -3844.705,
8/29/2026 1:59:00 AM ,  147540.001,                                -376.660,                                  39.026,                               -3844.705,
8/29/2026 2:00:00 AM ,  147600.001,                                -376.657,                                  38.980,                               -3844.680,
8/29/2026 2:01:00 AM ,  147660.001,                                -376.657,                                  38.980,                               -3844.680,
8/29/2026 2:02:00 AM ,  147720.001,                                -376.657,                                  38.980,                               -3844.680,
8/29/2026 2:03:00 AM ,  147780.001,                                -376.657,                                  38.980,                               -3844.680,
8/29/2026 2:04:00 AM ,  147840.001,                                -376.660,                                  39.026,                               -3844.705,
8/29/2026 2:05:00 AM ,  147900.001,                                -376.660,                                  39.026,                               -3844.705,
8/29/2026 2:06:00 AM ,  147960.001,                                -376.657,                                  38.980,                               -3844.680,
8/29/2026 2:07:00 AM ,  148020.001,                                -376.657,                                  38.980,                               -3844.680,
8/29/2026 2:08:00 AM ,  148080.001,                                -376.657,                                  38.980,                               -3844.680,
8/29/2026 2:09:00 AM ,  148140.001,                                -376.660,                                  39.026,                               -3844.705,
8/29/2026 2:10:00 AM ,  148200.001,                                -376.660,                                  39.026,                               -3844.705,
8/29/2026 2:11:00 AM ,  148260.001,                                -376.660,                                  39.026,                               -3844.705,
8/29/2026 2:12:00 AM ,  148320.001,                                -376.657,                                  38.980,                               -3844.680,
8/29/2026 2:13:00 AM ,  148380.001,                                -376.660,                                  39.026,                               -3844.705,
8/29/2026 2:14:00 AM ,  148440.001,                                -376.660,                                  39.026,                               -3844.705,
8/29/2026 2:15:00 AM ,  148500.001,                                -376.660,                                  39.026,                               -3844.705,
8/29/2026 2:16:00 AM ,  148560.001,                                -376.660,                                  39.026,                               -3844.705,
8/29/2026 2:17:00 AM ,  148620.001,                                -376.660,                                  39.026,                               -3844.705,
8/29/2026 2:18:00 AM ,  148680.001,                                -376.660,                                  39.026,                               -3844.705,
8/29/2026 2:19:00 AM ,  148740.001,                                -376.657,                                  38.980,                               -3844.680,
8/29/2026 2:20:00 AM ,  148800.001,                                -376.660,                                  39.026,                               -3844.705,
8/29/2026 2:21:00 AM ,  148860.001,                                -376.660,                                  39.026,                               -3844.705,
8/29/2026 2:22:00 AM ,  148920.001,                                -376.660,                                  39.026,                               -3844.705,
8/29/2026 2:23:00 AM ,  148980.001,                                -376.657,                                  38.980,                               -3844.680,
8/29/2026 2:24:00 AM ,  149040.001,                                -376.660,                                  39.026,                               -3844.705,
8/29/2026 2:25:00 AM ,  149100.001,                                -376.657,                                  38.980,                               -3844.680,
8/29/2026 2:26:00 AM ,  149160.001,                                -376.660,                                  39.026,                               -3844.705,
8/29/2026 2:27:00 AM ,  149220.001,                                -376.660,                                  39.026,                               -3844.705,
8/29/2026 2:28:00 AM ,  149280.001,                                -376.657,                                  38.980,                               -3844.680,
8/29/2026 2:29:00 AM ,  149340.001,                                -376.660,                                  39.026,                               -3844.705,
8/29/2026 2:30:00 AM ,  149400.001,                                -376.657,                                  38.980,                               -3844.680,
8/29/2026 2:31:00 AM ,  149460.001,                                -376.660,                                  39.026,                               -3844.705,
8/29/2026 2:32:00 AM ,  149520.001,                                -376.660,                                  39.026,                               -3844.705,
8/29/2026 2:33:00 AM ,  149580.001,                                -376.657,                                  38.980,                               -3844.680,
8/29/2026 2:34:00 AM ,  149640.001,                                -376.660,                                  39.026,                               -3844.705,
8/29/2026 2:35:00 AM ,  149700.001,                                -376.657,                                  38.980,                               -3844.680,
8/29/2026 2:36:00 AM ,  149760.001,                                -376.660,                                  39.026,                               -3844.705,
8/29/2026 2:37:00 AM ,  149820.001,                                -376.657,                                  38.980,                               -3844.680,
8/29/2026 2:38:00 AM ,  149880.001,                                -376.657,                                  38.980,                               -3844.680,
8/29/2026 2:39:00 AM ,  149940.001,                                -376.660,                                  39.026,                               -3844.705,
8/29/2026 2:40:00 AM ,  150000.001,                                -376.660,                                  39.026,                               -3844.705,
8/29/2026 2:41:00 AM ,  150060.001,                                -376.660,                                  39.026,                               -3844.705,
8/29/2026 2:42:00 AM ,  150120.001,                                -376.660,                                  39.026,                               -3844.705,
8/29/2026 2:43:00 AM ,  150180.001,                                -376.657,                                  38.980,                               -3844.680,
8/29/2026 2:44:00 AM ,  150240.001,                                -376.660,                                  39.026,                               -3844.705,
8/29/2026 2:45:00 AM ,  150300.001,                                -376.657,                                  38.980,                               -3844.680,
8/29/2026 2:46:00 AM ,  150360.001,                                -376.660,                                  39.026,                               -3844.705,
8/29/2026 2:47:00 AM ,  150420.001,                                -376.660,                                  39.026,                               -3844.705,
8/29/2026 2:48:00 AM ,  150480.001,                                -376.660,                                  39.026,                               -3844.705,
8/29/2026 2:49:00 AM ,  150540.001,                                -376.660,                                  39.026,                               -3844.705,
8/29/2026 2:50:00 AM ,  150600.001,                                -376.660,                                  39.026,                               -3844.705,
8/29/2026 2:51:00 AM ,  150660.001,                                -376.660,                                  39.026,                               -3844.705,
8/29/2026 2:52:00 AM ,  150720.001,                                -376.660,                                  39.026,                               -3844.705,
8/29/2026 2:53:00 AM ,  150780.001,                                -376.660,                                  39.026,                               -3844.705,
8/29/2026 2:54:00 AM ,  150840.001,                                -376.660,                                  39.026,                               -3844.705,
8/29/2026 2:55:00 AM ,  150900.001,                                -376.660,                                  39.026,                               -3844.705,
8/29/2026 2:56:00 AM ,  150960.001,                                -376.657,                                  38.980,                               -3844.680,
8/29/2026 2:57:00 AM ,  151020.001,                                -376.660,                                  39.026,                               -3844.705,
8/29/2026 2:58:00 AM ,  151080.001,                                -376.660,                                  39.026,                               -3844.705,
8/29/2026 2:59:00 AM ,  151140.001,                                -376.660,                                  39.026,                               -3844.705,
8/29/2026 3:00:00 AM ,  151200.001,                                -376.660,                                  39.026,                               -3844.705,
8/29/2026 3:01:00 AM ,  151260.001,                                -376.660,                                  39.026,                               -3844.705,
8/29/2026 3:02:00 AM ,  151320.001,                                -376.660,                                  39.026,                               -3844.705,
8/29/2026 3:03:00 AM ,  151380.001,                                -376.660,                                  39.026,                               -3844.705,
8/29/2026 3:04:00 AM ,  151440.001,                                -376.657,                                  38.980,                               -3844.680,
8/29/2026 3:05:00 AM ,  151500.001,                                -376.660,                                  39.026,                               -3844.705,
8/29/2026 3:06:00 AM ,  151560.001,                                -376.660,                                  39.026,                               -3844.705,
8/29/2026 3:07:00 AM ,  151620.001,                                -376.660,                                  39.026,                               -3844.705,
8/29/2026 3:08:00 AM ,  151680.001,                                -376.660,                                  39.026,                               -3844.705,
8/29/2026 3:09:00 AM ,  151740.001,                                -376.660,                                  39.026,                               -3844.705,
8/29/2026 3:10:00 AM ,  151800.001,                                -376.660,                                  39.026,                               -3844.705,
8/29/2026 3:11:00 AM ,  151860.001,                                -376.660,                                  39.026,                               -3844.705,
8/29/2026 3:12:00 AM ,  151920.001,                                -376.660,                                  39.026,                               -3844.705,
8/29/2026 3:13:00 AM ,  151980.001,                                -376.660,                                  39.026,                               -3844.705,
8/29/2026 3:14:00 AM ,  152040.001,                                -376.660,                                  39.026,                               -3844.705,
8/29/2026 3:15:00 AM ,  152100.001,                                -376.660,                                  39.026,                               -3844.705,
8/29/2026 3:16:00 AM ,  152160.001,                                -376.660,                                  39.026,                               -3844.705,
8/29/2026 3:17:00 AM ,  152220.001,                                -376.660,                                  39.026,                               -3844.705,
8/29/2026 3:18:00 AM ,  152280.001,                                -376.660,                                  39.026,                               -3844.705,
8/29/2026 3:19:00 AM ,  152340.001,                                -376.660,                                  39.026,                               -3844.705,
8/29/2026 3:20:00 AM ,  152400.001,                                -376.660,                                  39.026,                               -3844.705,
8/29/2026 3:21:00 AM ,  152460.001,                                -376.660,                                  39.026,                               -3844.705,
8/29/2026 3:22:00 AM ,  152520.001,                                -376.660,                                  39.026,                               -3844.705,
8/29/2026 3:23:00 AM ,  152580.001,                                -376.660,                                  39.026,                               -3844.705,
8/29/2026 3:24:00 AM ,  152640.001,                                -376.660,                                  39.026,                               -3844.705,
8/29/2026 3:25:00 AM ,  152700.001,                                -376.660,                                  39.026,                               -3844.705,
8/29/2026 3:26:00 AM ,  152760.001,                                -376.660,                                  39.026,                               -3844.705,
8/29/2026 3:27:00 AM ,  152820.001,                                -376.660,                                  39.026,                               -3844.705,
8/29/2026 3:28:00 AM ,  152880.001,                                -376.660,                                  39.026,                               -3844.705,
8/29/2026 3:29:00 AM ,  152940.001,                                -376.660,                                  39.026,                               -3844.705,
8/29/2026 3:30:00 AM ,  153000.001,                                -376.660,                                  39.026,                               -3844.705,
8/29/2026 3:31:00 AM ,  153060.001,                                -376.660,                                  39.026,                               -3844.705,
8/29/2026 3:32:00 AM ,  153120.001,                                -376.660,                                  39.026,                               -3844.705,
8/29/2026 3:33:00 AM ,  153180.001,                                -376.660,                                  39.026,                               -3844.705,
8/29/2026 3:34:00 AM ,  153240.001,                                -376.660,                                  39.026,                               -3844.705,
8/29/2026 3:35:00 AM ,  153300.001,                                -376.660,                                  39.026,                               -3844.705,
8/29/2026 3:36:00 AM ,  153360.001,                                -376.660,                                  39.026,                               -3844.705,
8/29/2026 3:37:00 AM ,  153420.001,                                -376.660,                                  39.026,                               -3844.705,
8/29/2026 3:38:00 AM ,  153480.001,                                -376.660,                                  39.026,                               -3844.705,
8/29/2026 3:39:00 AM ,  153540.001,                                -376.660,                                  39.026,                               -3844.705,
8/29/2026 3:40:00 AM ,  153600.001,                                -376.660,                                  39.026,                               -3844.705,
8/29/2026 3:41:00 AM ,  153660.001,                                -376.660,                                  39.026,                               -3844.705,
8/29/2026 3:42:00 AM ,  153720.001,                                -376.660,                                  39.026,                               -3844.705,
8/29/2026 3:43:00 AM ,  153780.001,                                -376.660,                                  39.026,                               -3844.705,
8/29/2026 3:44:00 AM ,  153840.001,                                -376.660,                                  39.026,                               -3844.705,
8/29/2026 3:45:00 AM ,  153900.001,                                -376.660,                                  39.026,                               -3844.705,
8/29/2026 3:46:00 AM ,  153960.001,                                -376.660,                                  39.026,                               -3844.705,
8/29/2026 3:47:00 AM ,  154020.001,                                -376.657,                                  38.980,                               -3844.680,
8/29/2026 3:48:00 AM ,  154080.001,                                -376.660,                                  39.026,                               -3844.705,
8/29/2026 3:49:00 AM ,  154140.001,                                -376.660,                                  39.026,                               -3844.705,
8/29/2026 3:50:00 AM ,  154200.001,                                -376.660,                                  39.026,                               -3844.705,
8/29/2026 3:51:00 AM ,  154260.001,                                -376.660,                                  39.026,                               -3844.705,
8/29/2026 3:52:00 AM ,  154320.001,                                -376.660,                                  39.026,                               -3844.705,
8/29/2026 3:53:00 AM ,  154380.001,                                -376.660,                                  39.026,                               -3844.705,
8/29/2026 3:54:00 AM ,  154440.001,                                -376.660,                                  39.026,                               -3844.705,
8/29/2026 3:55:00 AM ,  154500.001,                                -376.660,                                  39.026,                               -3844.705,
8/29/2026 3:56:00 AM ,  154560.001,                                -376.660,                                  39.026,                               -3844.705,
8/29/2026 3:57:00 AM ,  154620.001,                                -376.660,                                  39.026,                               -3844.705,
8/29/2026 3:58:00 AM ,  154680.001,                                -376.660,                                  39.026,                               -3844.705,
8/29/2026 3:59:00 AM ,  154740.001,                                -376.660,                                  39.026,                               -3844.705,
8/29/2026 4:00:00 AM ,  154800.001,                                -376.660,                                  39.026,                               -3844.705,
8/29/2026 4:01:00 AM ,  154860.001,                                -376.662,                                  39.072,                               -3844.729,
8/29/2026 4:02:00 AM ,  154920.001,                                -376.660,                                  39.026,                               -3844.705,
8/29/2026 4:03:00 AM ,  154980.001,                                -376.660,                                  39.026,                               -3844.705,
8/29/2026 4:04:00 AM ,  155040.001,                                -376.660,                                  39.026,                               -3844.705,
8/29/2026 4:05:00 AM ,  155100.001,                                -376.660,                                  39.026,                               -3844.705,
8/29/2026 4:06:00 AM ,  155160.001,                                -376.660,                                  39.026,                               -3844.705,
8/29/2026 4:07:00 AM ,  155220.001,                                -376.660,                                  39.026,                               -3844.705,
8/29/2026 4:08:00 AM ,  155280.001,                                -376.660,                                  39.026,                               -3844.705,
8/29/2026 4:09:00 AM ,  155340.001,                                -376.660,                                  39.026,                               -3844.705,
8/29/2026 4:10:00 AM ,  155400.001,                                -376.660,                                  39.026,                               -3844.705,
8/29/2026 4:11:00 AM ,  155460.001,                                -376.660,                                  39.026,                               -3844.705,
8/29/2026 4:12:00 AM ,  155520.001,                                -376.660,                                  39.026,                               -3844.705,
8/29/2026 4:13:00 AM ,  155580.001,                                -376.660,                                  39.026,                               -3844.705,
8/29/2026 4:14:00 AM ,  155640.001,                                -376.660,                                  39.026,                               -3844.705,
8/29/2026 4:15:00 AM ,  155700.001,                                -376.660,                                  39.026,                               -3844.705,
8/29/2026 4:16:00 AM ,  155760.001,                                -376.660,                                  39.026,                               -3844.705,
8/29/2026 4:17:00 AM ,  155820.001,                                -376.660,                                  39.026,                               -3844.705,
8/29/2026 4:18:00 AM ,  155880.001,                                -376.660,                                  39.026,                               -3844.705,
8/29/2026 4:19:00 AM ,  155940.001,                                -376.657,                                  38.980,                               -3844.680,
8/29/2026 4:20:00 AM ,  156000.001,                                -376.660,                                  39.026,                               -3844.705,
8/29/2026 4:21:00 AM ,  156060.001,                                -376.660,                                  39.026,                               -3844.705,
8/29/2026 4:22:00 AM ,  156120.001,                                -376.660,                                  39.026,                               -3844.705,
8/29/2026 4:23:00 AM ,  156180.001,                                -376.660,                                  39.026,                               -3844.705,
8/29/2026 4:24:00 AM ,  156240.001,                                -376.660,                                  39.026,                               -3844.705,
8/29/2026 4:25:00 AM ,  156300.001,                                -376.660,                                  39.026,                               -3844.705,
8/29/2026 4:26:00 AM ,  156360.001,                                -376.660,                                  39.026,                               -3844.705,
8/29/2026 4:27:00 AM ,  156420.001,                                -376.662,                                  39.072,                               -3844.729,
8/29/2026 4:28:00 AM ,  156480.001,                                -376.660,                                  39.026,                               -3844.705,
8/29/2026 4:29:00 AM ,  156540.001,                                -376.662,                                  39.072,                               -3844.729,
8/29/2026 4:30:00 AM ,  156600.001,                                -376.660,                                  39.026,                               -3844.705,
8/29/2026 4:31:00 AM ,  156660.001,                                -376.660,                                  39.026,                               -3844.705,
8/29/2026 4:32:00 AM ,  156720.001,                                -376.660,                                  39.026,                               -3844.705,
8/29/2026 4:33:00 AM ,  156780.001,                                -376.660,                                  39.026,                               -3844.705,
8/29/2026 4:34:00 AM ,  156840.001,                                -376.662,                                  39.072,                               -3844.729,
8/29/2026 4:35:00 AM ,  156900.001,                                -376.660,                                  39.026,                               -3844.705,
8/29/2026 4:36:00 AM ,  156960.001,                                -376.660,                                  39.026,                               -3844.705,
8/29/2026 4:37:00 AM ,  157020.001,                                -376.660,                                  39.026,                               -3844.705,
8/29/2026 4:38:00 AM ,  157080.001,                                -376.662,                                  39.072,                               -3844.729,
8/29/2026 4:39:00 AM ,  157140.001,                                -376.660,                                  39.026,                               -3844.705,
8/29/2026 4:40:00 AM ,  157200.001,                                -376.660,                                  39.026,                               -3844.705,
8/29/2026 4:41:00 AM ,  157260.001,                                -376.660,                                  39.026,                               -3844.705,
8/29/2026 4:42:00 AM ,  157320.001,                                -376.660,                                  39.026,                               -3844.705,
8/29/2026 4:43:00 AM ,  157380.001,                                -376.660,                                  39.026,                               -3844.705,
8/29/2026 4:44:00 AM ,  157440.001,                                -376.660,                                  39.026,                               -3844.705,
8/29/2026 4:45:00 AM ,  157500.001,                                -376.662,                                  39.072,                               -3844.729,
8/29/2026 4:46:00 AM ,  157560.001,                                -376.660,                                  39.026,                               -3844.705,
8/29/2026 4:47:00 AM ,  157620.001,                                -376.660,                                  39.026,                               -3844.705,
8/29/2026 4:48:00 AM ,  157680.001,                                -376.660,                                  39.026,                               -3844.705,
8/29/2026 4:49:00 AM ,  157740.001,                                -376.660,                                  39.026,                               -3844.705,
8/29/2026 4:50:00 AM ,  157800.001,                                -376.660,                                  39.026,                               -3844.705,
8/29/2026 4:51:00 AM ,  157860.001,                                -376.662,                                  39.072,                               -3844.729,
8/29/2026 4:52:00 AM ,  157920.001,                                -376.660,                                  39.026,                               -3844.705,
8/29/2026 4:53:00 AM ,  157980.001,                                -376.660,                                  39.026,                               -3844.705,
8/29/2026 4:54:00 AM ,  158040.001,                                -376.660,                                  39.026,                               -3844.705,
8/29/2026 4:55:00 AM ,  158100.001,                                -376.660,                                  39.026,                               -3844.705,
8/29/2026 4:56:00 AM ,  158160.001,                                -376.660,                                  39.026,                               -3844.705,
8/29/2026 4:57:00 AM ,  158220.001,                                -376.660,                                  39.026,                               -3844.705,
8/29/2026 4:58:00 AM ,  158280.001,                                -376.660,                                  39.026,                               -3844.705,
8/29/2026 4:59:00 AM ,  158340.001,                                -376.662,                                  39.072,                               -3844.729,
8/29/2026 5:00:00 AM ,  158400.001,                                -376.660,                                  39.026,                               -3844.705,
8/29/2026 5:01:00 AM ,  158460.001,                                -376.660,                                  39.026,                               -3844.705,
8/29/2026 5:02:00 AM ,  158520.001,                                -376.660,                                  39.026,                               -3844.705,
8/29/2026 5:03:00 AM ,  158580.001,                                -376.660,                                  39.026,                               -3844.705,
8/29/2026 5:04:00 AM ,  158640.001,                                -376.660,                                  39.026,                               -3844.705,
8/29/2026 5:05:00 AM ,  158700.001,                                -376.662,                                  39.072,                               -3844.729,
8/29/2026 5:06:00 AM ,  158760.001,                                -376.662,                                  39.072,                               -3844.729,
8/29/2026 5:07:00 AM ,  158820.001,                                -376.660,                                  39.026,                               -3844.705,
8/29/2026 5:08:00 AM ,  158880.001,                                -376.660,                                  39.026,                               -3844.705,
8/29/2026 5:09:00 AM ,  158940.001,                                -376.660,                                  39.026,                               -3844.705,
8/29/2026 5:10:00 AM ,  159000.001,                                -376.662,                                  39.072,                               -3844.729,
8/29/2026 5:11:00 AM ,  159060.001,                                -376.660,                                  39.026,                               -3844.705,
8/29/2026 5:12:00 AM ,  159120.001,                                -376.660,                                  39.026,                               -3844.705,
8/29/2026 5:13:00 AM ,  159180.001,                                -376.660,                                  39.026,                               -3844.705,
8/29/2026 5:14:00 AM ,  159240.001,                                -376.660,                                  39.026,                               -3844.705,
8/29/2026 5:15:00 AM ,  159300.001,                                -376.660,                                  39.026,                               -3844.705,
8/29/2026 5:16:00 AM ,  159360.001,                                -376.660,                                  39.026,                               -3844.705,
8/29/2026 5:17:00 AM ,  159420.001,                                -376.660,                                  39.026,                               -3844.705,
8/29/2026 5:18:00 AM ,  159480.001,                                -376.660,                                  39.026,                               -3844.705,
8/29/2026 5:19:00 AM ,  159540.001,                                -376.660,                                  39.026,                               -3844.705,
8/29/2026 5:20:00 AM ,  159600.001,                                -376.660,                                  39.026,                               -3844.705,
8/29/2026 5:21:00 AM ,  159660.001,                                -376.660,                                  39.026,                               -3844.705,
8/29/2026 5:22:00 AM ,  159720.001,                                -376.660,                                  39.026,                               -3844.705,
8/29/2026 5:23:00 AM ,  159780.001,                                -376.660,                                  39.026,                               -3844.705,
8/29/2026 5:24:00 AM ,  159840.001,                                -376.660,                                  39.026,                               -3844.705,
8/29/2026 5:25:00 AM ,  159900.001,                                -376.660,                                  39.026,                               -3844.705,
8/29/2026 5:26:00 AM ,  159960.001,                                -376.660,                                  39.026,                               -3844.705,
8/29/2026 5:27:00 AM ,  160020.001,                                -376.662,                                  39.072,                               -3844.729,
8/29/2026 5:28:00 AM ,  160080.001,                                -376.662,                                  39.072,                               -3844.729,
8/29/2026 5:29:00 AM ,  160140.001,                                -376.660,                                  39.026,                               -3844.705,
8/29/2026 5:30:00 AM ,  160200.001,                                -376.662,                                  39.072,                               -3844.729,
8/29/2026 5:31:00 AM ,  160260.001,                                -376.660,                                  39.026,                               -3844.705,
8/29/2026 5:32:00 AM ,  160320.001,                                -376.660,                                  39.026,                               -3844.705,
8/29/2026 5:33:00 AM ,  160380.001,                                -376.662,                                  39.072,                               -3844.729,
8/29/2026 5:34:00 AM ,  160440.001,                                -376.660,                                  39.026,                               -3844.705,
8/29/2026 5:35:00 AM ,  160500.001,                                -376.660,                                  39.026,                               -3844.705,
8/29/2026 5:36:00 AM ,  160560.001,                                -376.660,                                  39.026,                               -3844.705,
8/29/2026 5:37:00 AM ,  160620.001,                                -376.660,                                  39.026,                               -3844.705,
8/29/2026 5:38:00 AM ,  160680.001,                                -376.660,                                  39.026,                               -3844.705,
8/29/2026 5:39:00 AM ,  160740.001,                                -376.660,                                  39.026,                               -3844.705,
8/29/2026 5:40:00 AM ,  160800.001,                                -376.660,                                  39.026,                               -3844.705,
8/29/2026 5:41:00 AM ,  160860.001,                                -376.660,                                  39.026,                               -3844.705,
8/29/2026 5:42:00 AM ,  160920.001,                                -376.662,                                  39.072,                               -3844.729,
8/29/2026 5:43:00 AM ,  160980.001,                                -376.660,                                  39.026,                               -3844.705,
8/29/2026 5:44:00 AM ,  161040.001,                                -376.660,                                  39.026,                               -3844.705,
8/29/2026 5:45:00 AM ,  161100.001,                                -376.660,                                  39.026,                               -3844.705,
8/29/2026 5:46:00 AM ,  161160.001,                                -376.660,                                  39.026,                               -3844.705,
8/29/2026 5:47:00 AM ,  161220.001,                                -376.660,                                  39.026,                               -3844.705,
8/29/2026 5:48:00 AM ,  161280.001,                                -376.660,                                  39.026,                               -3844.705,
8/29/2026 5:49:00 AM ,  161340.001,                                -376.660,                                  39.026,                               -3844.705,
8/29/2026 5:50:00 AM ,  161400.001,                                -376.660,                                  39.026,                               -3844.705,
8/29/2026 5:51:00 AM ,  161460.001,                                -376.660,                                  39.026,                               -3844.705,
8/29/2026 5:52:00 AM ,  161520.001,                                -376.660,                                  39.026,                               -3844.705,
8/29/2026 5:53:00 AM ,  161580.001,                                -376.660,                                  39.026,                               -3844.705,
8/29/2026 5:54:00 AM ,  161640.001,                                -376.660,                                  39.026,                               -3844.705,
8/29/2026 5:55:00 AM ,  161700.001,                                -376.660,                                  39.026,                               -3844.705,
8/29/2026 5:56:00 AM ,  161760.001,                                -376.660,                                  39.026,                               -3844.705,
8/29/2026 5:57:00 AM ,  161820.001,                                -376.660,                                  39.026,                               -3844.705,
8/29/2026 5:58:00 AM ,  161880.001,                                -376.660,                                  39.026,                               -3844.705,
8/29/2026 5:59:00 AM ,  161940.001,                                -376.662,                                  39.072,                               -3844.729,
8/29/2026 6:00:00 AM ,  162000.001,                                -376.660,                                  39.026,                               -3844.705,
8/29/2026 6:01:00 AM ,  162060.001,                                -376.660,                                  39.026,                               -3844.705,
8/29/2026 6:02:00 AM ,  162120.001,                                -376.660,                                  39.026,                               -3844.705,
8/29/2026 6:03:00 AM ,  162180.001,                                -376.660,                                  39.026,                               -3844.705,
8/29/2026 6:04:00 AM ,  162240.001,                                -376.660,                                  39.026,                               -3844.705,
8/29/2026 6:05:00 AM ,  162300.001,                                -376.660,                                  39.026,                               -3844.705,
8/29/2026 6:06:00 AM ,  162360.001,                                -376.660,                                  39.026,                               -3844.705,
8/29/2026 6:07:00 AM ,  162420.001,                                -376.660,                                  39.026,                               -3844.705,
8/29/2026 6:08:00 AM ,  162480.001,                                -376.660,                                  39.026,                               -3844.705,
8/29/2026 6:09:00 AM ,  162540.001,                                -376.660,                                  39.026,                               -3844.705,
8/29/2026 6:10:00 AM ,  162600.001,                                -376.662,                                  39.072,                               -3844.729,
8/29/2026 6:11:00 AM ,  162660.001,                                -376.660,                                  39.026,                               -3844.705,
8/29/2026 6:12:00 AM ,  162720.001,                                -376.660,                                  39.026,                               -3844.705,
8/29/2026 6:13:00 AM ,  162780.001,                                -376.662,                                  39.072,                               -3844.729,
8/29/2026 6:14:00 AM ,  162840.001,                                -376.660,                                  39.026,                               -3844.705,
8/29/2026 6:15:00 AM ,  162900.001,                                -376.660,                                  39.026,                               -3844.705,
8/29/2026 6:16:00 AM ,  162960.001,                                -376.662,                                  39.072,                               -3844.729,
8/29/2026 6:17:00 AM ,  163020.001,                                -376.660,                                  39.026,                               -3844.705,
8/29/2026 6:18:00 AM ,  163080.001,                                -376.660,                                  39.026,                               -3844.705,
8/29/2026 6:19:00 AM ,  163140.001,                                -376.660,                                  39.026,                               -3844.705,
8/29/2026 6:20:00 AM ,  163200.001,                                -376.660,                                  39.026,                               -3844.705,
8/29/2026 6:21:00 AM ,  163260.001,                                -376.662,                                  39.072,                               -3844.729,
8/29/2026 6:22:00 AM ,  163320.001,                                -376.662,                                  39.072,                               -3844.729,
8/29/2026 6:23:00 AM ,  163380.001,                                -376.660,                                  39.026,                               -3844.705,
8/29/2026 6:24:00 AM ,  163440.001,                                -376.660,                                  39.026,                               -3844.705,
8/29/2026 6:25:00 AM ,  163500.001,                                -376.660,                                  39.026,                               -3844.705,
8/29/2026 6:26:00 AM ,  163560.001,                                -376.660,                                  39.026,                               -3844.705,
8/29/2026 6:27:00 AM ,  163620.001,                                -376.660,                                  39.026,                               -3844.705,
8/29/2026 6:28:00 AM ,  163680.001,                                -376.660,                                  39.026,                               -3844.705,
8/29/2026 6:29:00 AM ,  163740.001,                                -376.660,                                  39.026,                               -3844.705,
8/29/2026 6:30:00 AM ,  163800.001,                                -376.660,                                  39.026,                               -3844.705,
8/29/2026 6:31:00 AM ,  163860.001,                                -376.660,                                  39.026,                               -3844.705,
8/29/2026 6:32:00 AM ,  163920.001,                                -376.660,                                  39.026,                               -3844.705,
8/29/2026 6:33:00 AM ,  163980.001,                                -376.660,                                  39.026,                               -3844.705,
8/29/2026 6:34:00 AM ,  164040.001,                                -376.662,                                  39.072,                               -3844.729,
8/29/2026 6:35:00 AM ,  164100.001,                                -376.662,                                  39.072,                               -3844.729,
8/29/2026 6:36:00 AM ,  164160.001,                                -376.660,                                  39.026,                               -3844.705,
8/29/2026 6:37:00 AM ,  164220.001,                                -376.660,                                  39.026,                               -3844.705,
8/29/2026 6:38:00 AM ,  164280.001,                                -376.662,                                  39.072,                               -3844.729,
8/29/2026 6:39:00 AM ,  164340.001,                                -376.662,                                  39.072,                               -3844.729,
8/29/2026 6:40:00 AM ,  164400.001,                                -376.660,                                  39.026,                               -3844.705,
8/29/2026 6:41:00 AM ,  164460.001,                                -376.660,                                  39.026,                               -3844.705,
8/29/2026 6:42:00 AM ,  164520.001,                                -376.662,                                  39.072,                               -3844.729,
8/29/2026 6:43:00 AM ,  164580.001,                                -376.660,                                  39.026,                               -3844.705,
8/29/2026 6:44:00 AM ,  164640.001,                                -376.660,                                  39.026,                               -3844.705,
8/29/2026 6:45:00 AM ,  164700.001,                                -376.662,                                  39.072,                               -3844.729,
8/29/2026 6:46:00 AM ,  164760.001,                                -376.662,                                  39.072,                               -3844.729,
8/29/2026 6:47:00 AM ,  164820.001,                                -376.660,                                  39.026,                               -3844.705,
8/29/2026 6:48:00 AM ,  164880.001,                                -376.660,                                  39.026,                               -3844.705,
8/29/2026 6:49:00 AM ,  164940.001,                                -376.660,                                  39.026,                               -3844.705,
8/29/2026 6:50:00 AM ,  165000.001,                                -376.660,                                  39.026,                               -3844.705,
8/29/2026 6:51:00 AM ,  165060.001,                                -376.660,                                  39.026,                               -3844.705,
8/29/2026 6:52:00 AM ,  165120.001,                                -376.660,                                  39.026,                               -3844.705,
8/29/2026 6:53:00 AM ,  165180.001,                                -376.662,                                  39.072,                               -3844.729,
8/29/2026 6:54:00 AM ,  165240.001,                                -376.660,                                  39.026,                               -3844.705,
8/29/2026 6:55:00 AM ,  165300.001,                                -376.660,                                  39.026,                               -3844.705,
8/29/2026 6:56:00 AM ,  165360.001,                                -376.662,                                  39.072,                               -3844.729,
8/29/2026 6:57:00 AM ,  165420.001,                                -376.660,                                  39.026,                               -3844.705,
8/29/2026 6:58:00 AM ,  165480.001,                                -376.662,                                  39.072,                               -3844.729,
8/29/2026 6:59:00 AM ,  165540.001,                                -376.660,                                  39.026,                               -3844.705,
8/29/2026 7:00:00 AM ,  165600.001,                                -376.660,                                  39.026,                               -3844.705,
8/29/2026 7:01:00 AM ,  165660.001,                                -376.660,                                  39.026,                               -3844.705,
8/29/2026 7:02:00 AM ,  165720.001,                                -376.660,                                  39.026,                               -3844.705,
8/29/2026 7:03:00 AM ,  165780.001,                                -376.660,                                  39.026,                               -3844.705,
8/29/2026 7:04:00 AM ,  165840.001,                                -376.660,                                  39.026,                               -3844.705,
8/29/2026 7:05:00 AM ,  165900.001,                                -376.660,                                  39.026,                               -3844.705,
8/29/2026 7:06:00 AM ,  165960.001,                                -376.660,                                  39.026,                               -3844.705,
8/29/2026 7:07:00 AM ,  166020.001,                                -376.660,                                  39.026,                               -3844.705,
8/29/2026 7:08:00 AM ,  166080.001,                                -376.660,                                  39.026,                               -3844.705,
8/29/2026 7:09:00 AM ,  166140.001,                                -376.660,                                  39.026,                               -3844.705,
8/29/2026 7:10:00 AM ,  166200.001,                                -376.660,                                  39.026,                               -3844.705,
8/29/2026 7:11:00 AM ,  166260.001,                                -376.660,                                  39.026,                               -3844.705,
8/29/2026 7:12:00 AM ,  166320.001,                                -376.660,                                  39.026,                               -3844.705,
8/29/2026 7:13:00 AM ,  166380.001,                                -376.660,                                  39.026,                               -3844.705,
8/29/2026 7:14:00 AM ,  166440.001,                                -376.660,                                  39.026,                               -3844.705,
8/29/2026 7:15:00 AM ,  166500.001,                                -376.660,                                  39.026,                               -3844.705,
8/29/2026 7:16:00 AM ,  166560.001,                                -376.660,                                  39.026,                               -3844.705,
8/29/2026 7:17:00 AM ,  166620.001,                                -376.660,                                  39.026,                               -3844.705,
8/29/2026 7:18:00 AM ,  166680.001,                                -376.660,                                  39.026,                               -3844.705,
8/29/2026 7:19:00 AM ,  166740.001,                                -376.660,                                  39.026,                               -3844.705,
8/29/2026 7:20:00 AM ,  166800.001,                                -376.660,                                  39.026,                               -3844.705,
8/29/2026 7:21:00 AM ,  166860.001,                                -376.660,                                  39.026,                               -3844.705,
8/29/2026 7:22:00 AM ,  166920.001,                                -376.660,                                  39.026,                               -3844.705,
8/29/2026 7:23:00 AM ,  166980.001,                                -376.660,                                  39.026,                               -3844.705,
8/29/2026 7:24:00 AM ,  167040.001,                                -376.660,                                  39.026,                               -3844.705,
8/29/2026 7:25:00 AM ,  167100.001,                                -376.660,                                  39.026,                               -3844.705,
8/29/2026 7:26:00 AM ,  167160.001,                                -376.660,                                  39.026,                               -3844.705,
8/29/2026 7:27:00 AM ,  167220.001,                                -376.660,                                  39.026,                               -3844.705,
8/29/2026 7:28:00 AM ,  167280.001,                                -376.660,                                  39.026,                               -3844.705,
8/29/2026 7:29:00 AM ,  167340.001,                                -376.660,                                  39.026,                               -3844.705,
8/29/2026 7:30:00 AM ,  167400.001,                                -376.660,                                  39.026,                               -3844.705,
8/29/2026 7:31:00 AM ,  167460.001,                                -376.660,                                  39.026,                               -3844.705,
8/29/2026 7:32:00 AM ,  167520.001,                                -376.660,                                  39.026,                               -3844.705,
8/29/2026 7:33:00 AM ,  167580.001,                                -376.660,                                  39.026,                               -3844.705,
8/29/2026 7:34:00 AM ,  167640.001,                                -376.660,                                  39.026,                               -3844.705,
8/29/2026 7:35:00 AM ,  167700.001,                                -376.660,                                  39.026,                               -3844.705,
8/29/2026 7:36:00 AM ,  167760.001,                                -376.660,                                  39.026,                               -3844.705,
8/29/2026 7:37:00 AM ,  167820.001,                                -376.660,                                  39.026,                               -3844.705,
8/29/2026 7:38:00 AM ,  167880.001,                                -376.660,                                  39.026,                               -3844.705,
8/29/2026 7:39:00 AM ,  167940.001,                                -376.660,                                  39.026,                               -3844.705,
8/29/2026 7:40:00 AM ,  168000.001,                                -376.660,                                  39.026,                               -3844.705,
8/29/2026 7:41:00 AM ,  168060.001,                                -376.660,                                  39.026,                               -3844.705,
8/29/2026 7:42:00 AM ,  168120.001,                                -376.660,                                  39.026,                               -3844.705,
8/29/2026 7:43:00 AM ,  168180.001,                                -376.660,                                  39.026,                               -3844.705,
8/29/2026 7:44:00 AM ,  168240.001,                                -376.662,                                  39.072,                               -3844.729,
8/29/2026 7:45:00 AM ,  168300.001,                                -376.660,                                  39.026,                               -3844.705,
8/29/2026 7:46:00 AM ,  168360.001,                                -376.660,                                  39.026,                               -3844.705,
8/29/2026 7:47:00 AM ,  168420.001,                                -376.660,                                  39.026,                               -3844.705,
8/29/2026 7:48:00 AM ,  168480.001,                                -376.660,                                  39.026,                               -3844.705,
8/29/2026 7:49:00 AM ,  168540.001,                                -376.660,                                  39.026,                               -3844.705,
8/29/2026 7:50:00 AM ,  168600.001,                                -376.660,                                  39.026,                               -3844.705,
8/29/2026 7:51:00 AM ,  168660.001,                                -376.660,                                  39.026,                               -3844.705,
8/29/2026 7:52:00 AM ,  168720.001,                                -376.657,                                  38.980,                               -3844.680,
8/29/2026 7:53:00 AM ,  168780.001,                                -376.660,                                  39.026,                               -3844.705,
8/29/2026 7:54:00 AM ,  168840.001,                                -376.657,                                  38.980,                               -3844.680,
8/29/2026 7:55:00 AM ,  168900.001,                                -376.660,                                  39.026,                               -3844.705,
8/29/2026 7:56:00 AM ,  168960.001,                                -376.660,                                  39.026,                               -3844.705,
8/29/2026 7:57:00 AM ,  169020.001,                                -376.660,                                  39.026,                               -3844.705,
8/29/2026 7:58:00 AM ,  169080.001,                                -376.660,                                  39.026,                               -3844.705,
8/29/2026 7:59:00 AM ,  169140.001,                                -376.660,                                  39.026,                               -3844.705,
8/29/2026 8:00:00 AM ,  169200.001,                                -376.660,                                  39.026,                               -3844.705,
8/29/2026 8:01:00 AM ,  169260.001,                                -376.660,                                  39.026,                               -3844.705,
8/29/2026 8:02:00 AM ,  169320.001,                                -376.660,                                  39.026,                               -3844.705,
8/29/2026 8:03:00 AM ,  169380.001,                                -376.660,                                  39.026,                               -3844.705,
8/29/2026 8:04:00 AM ,  169440.001,                                -376.660,                                  39.026,                               -3844.705,
8/29/2026 8:05:00 AM ,  169500.001,                                -376.660,                                  39.026,                               -3844.705,
8/29/2026 8:06:00 AM ,  169560.001,                                -376.657,                                  38.980,                               -3844.680,
8/29/2026 8:07:00 AM ,  169620.001,                                -376.660,                                  39.026,                               -3844.705,
8/29/2026 8:08:00 AM ,  169680.001,                                -376.660,                                  39.026,                               -3844.705,
8/29/2026 8:09:00 AM ,  169740.001,                                -376.660,                                  39.026,                               -3844.705,
8/29/2026 8:10:00 AM ,  169800.001,                                -376.660,                                  39.026,                               -3844.705,
8/29/2026 8:11:00 AM ,  169860.001,                                -376.660,                                  39.026,                               -3844.705,
8/29/2026 8:12:00 AM ,  169920.001,                                -376.660,                                  39.026,                               -3844.705,
8/29/2026 8:13:00 AM ,  169980.001,                                -376.660,                                  39.026,                               -3844.705,
8/29/2026 8:14:00 AM ,  170040.001,                                -376.660,                                  39.026,                               -3844.705,
8/29/2026 8:15:00 AM ,  170100.001,                                -376.660,                                  39.026,                               -3844.705,
8/29/2026 8:16:00 AM ,  170160.001,                                -376.660,                                  39.026,                               -3844.705,
8/29/2026 8:17:00 AM ,  170220.001,                                -376.660,                                  39.026,                               -3844.705,
8/29/2026 8:18:00 AM ,  170280.001,                                -376.657,                                  38.980,                               -3844.680,
8/29/2026 8:19:00 AM ,  170340.001,                                -376.660,                                  39.026,                               -3844.705,
8/29/2026 8:20:00 AM ,  170400.001,                                -376.657,                                  38.980,                               -3844.680,
8/29/2026 8:21:00 AM ,  170460.001,                                -376.660,                                  39.026,                               -3844.705,
8/29/2026 8:22:00 AM ,  170520.001,                                -376.660,                                  39.026,                               -3844.705,
8/29/2026 8:23:00 AM ,  170580.001,                                -376.660,                                  39.026,                               -3844.705,
8/29/2026 8:24:00 AM ,  170640.001,                                -376.660,                                  39.026,                               -3844.705,
8/29/2026 8:25:00 AM ,  170700.001,                                -376.660,                                  39.026,                               -3844.705,
8/29/2026 8:26:00 AM ,  170760.001,                                -376.660,                                  39.026,                               -3844.705,
8/29/2026 8:27:00 AM ,  170820.001,                                -376.660,                                  39.026,                               -3844.705,
8/29/2026 8:28:00 AM ,  170880.001,                                -376.657,                                  38.980,                               -3844.680,
8/29/2026 8:29:00 AM ,  170940.001,                                -376.660,                                  39.026,                               -3844.705,
8/29/2026 8:30:00 AM ,  171000.001,                                -376.657,                                  38.980,                               -3844.680,
8/29/2026 8:31:00 AM ,  171060.001,                                -376.660,                                  39.026,                               -3844.705,
8/29/2026 8:32:00 AM ,  171120.001,                                -376.660,                                  39.026,                               -3844.705,
8/29/2026 8:33:00 AM ,  171180.001,                                -376.660,                                  39.026,                               -3844.705,
8/29/2026 8:34:00 AM ,  171240.001,                                -376.657,                                  38.980,                               -3844.680,
8/29/2026 8:35:00 AM ,  171300.001,                                -376.660,                                  39.026,                               -3844.705,
8/29/2026 8:36:00 AM ,  171360.001,                                -376.660,                                  39.026,                               -3844.705,
8/29/2026 8:37:00 AM ,  171420.001,                                -376.657,                                  38.980,                               -3844.680,
8/29/2026 8:38:00 AM ,  171480.001,                                -376.660,                                  39.026,                               -3844.705,
8/29/2026 8:39:00 AM ,  171540.001,                                -376.660,                                  39.026,                               -3844.705,
8/29/2026 8:40:00 AM ,  171600.001,                                -376.660,                                  39.026,                               -3844.705,
8/29/2026 8:41:00 AM ,  171660.001,                                -376.660,                                  39.026,                               -3844.705,
8/29/2026 8:42:00 AM ,  171720.001,                                -376.660,                                  39.026,                               -3844.705,
8/29/2026 8:43:00 AM ,  171780.001,                                -376.660,                                  39.026,                               -3844.705,
8/29/2026 8:44:00 AM ,  171840.001,                                -376.660,                                  39.026,                               -3844.705,
8/29/2026 8:45:00 AM ,  171900.001,                                -376.609,                                  38.195,                               -3844.191,
8/29/2026 8:46:00 AM ,  171960.001,                                -376.487,                                  36.667,                               -3842.941,
8/29/2026 8:47:00 AM ,  172020.001,                                -376.379,                                  35.598,                               -3841.845,
8/29/2026 8:48:00 AM ,  172080.001,                                -376.261,                                  34.572,                               -3840.632,
8/29/2026 8:49:00 AM ,  172140.001,                                -375.994,                                  32.604,                               -3837.907,
8/29/2026 8:50:00 AM ,  172200.001,                                -375.758,                                  31.095,                               -3835.497,
8/29/2026 8:51:00 AM ,  172260.001,                                -375.418,                                  29.151,                               -3832.033,
8/29/2026 8:52:00 AM ,  172320.001,                                -375.118,                                  27.575,                               -3828.972,
8/29/2026 8:53:00 AM ,  172380.001,                                -374.788,                                  25.942,                               -3825.596,
8/29/2026 8:54:00 AM ,  172440.001,                                -374.605,                                  25.072,                               -3823.728,
8/29/2026 8:55:00 AM ,  172500.001,                                -374.542,                                  24.782,                               -3823.093,
8/29/2026 8:56:00 AM ,  172560.001,                                -374.532,                                  24.733,                               -3822.987,
8/29/2026 8:57:00 AM ,  172620.001,                                -374.697,                                  25.507,                               -3824.668,
8/29/2026 8:58:00 AM ,  172680.001,                                -374.847,                                  26.231,                               -3826.207,
8/29/2026 8:59:00 AM ,  172740.001,                                -374.877,                                  26.375,                               -3826.510,
8/29/2026 9:00:00 AM ,  172800.001,                                -374.897,                                  26.471,                               -3826.710,
8/29/2026 9:01:00 AM ,  172860.001,                                -374.887,                                  26.423,                               -3826.610,
8/29/2026 9:02:00 AM ,  172920.001,                                -374.887,                                  26.423,                               -3826.610,
8/29/2026 9:03:00 AM ,  172980.001,                                -374.877,                                  26.375,                               -3826.510,
8/29/2026 9:04:00 AM ,  173040.001,                                -374.877,                                  26.375,                               -3826.510,
8/29/2026 9:05:00 AM ,  173100.001,                                -374.857,                                  26.279,                               -3826.308,
8/29/2026 9:06:00 AM ,  173160.001,                                -374.857,                                  26.279,                               -3826.308,
8/29/2026 9:07:00 AM ,  173220.001,                                -374.847,                                  26.231,                               -3826.207,
8/29/2026 9:08:00 AM ,  173280.001,                                -374.837,                                  26.183,                               -3826.105,
8/29/2026 9:09:00 AM ,  173340.001,                                -374.837,                                  26.183,                               -3826.105,
8/29/2026 9:10:00 AM ,  173400.001,                                -374.818,                                  26.086,                               -3825.902,
8/29/2026 9:11:00 AM ,  173460.001,                                -374.818,                                  26.086,                               -3825.902,
8/29/2026 9:12:00 AM ,  173520.001,                                -374.808,                                  26.038,                               -3825.800,
8/29/2026 9:13:00 AM ,  173580.001,                                -374.798,                                  25.990,                               -3825.698,
8/29/2026 9:14:00 AM ,  173640.001,                                -374.788,                                  25.942,                               -3825.596,
8/29/2026 9:15:00 AM ,  173700.001,                                -374.788,                                  25.942,                               -3825.596,
8/29/2026 9:16:00 AM ,  173760.001,                                -374.778,                                  25.894,                               -3825.494,
8/29/2026 9:17:00 AM ,  173820.001,                                -374.767,                                  25.845,                               -3825.391,
8/29/2026 9:18:00 AM ,  173880.001,                                -374.767,                                  25.845,                               -3825.391,
8/29/2026 9:19:00 AM ,  173940.001,                                -374.747,                                  25.749,                               -3825.186,
8/29/2026 9:20:00 AM ,  174000.001,                                -374.747,                                  25.749,                               -3825.186,
8/29/2026 9:21:00 AM ,  174060.001,                                -374.737,                                  25.701,                               -3825.082,
8/29/2026 9:22:00 AM ,  174120.001,                                -374.737,                                  25.701,                               -3825.082,
8/29/2026 9:23:00 AM ,  174180.001,                                -374.727,                                  25.652,                               -3824.978,
8/29/2026 9:24:00 AM ,  174240.001,                                -374.717,                                  25.604,                               -3824.876,
8/29/2026 9:25:00 AM ,  174300.001,                                -374.717,                                  25.604,                               -3824.876,
8/29/2026 9:26:00 AM ,  174360.001,                                -374.707,                                  25.556,                               -3824.772,
8/29/2026 9:27:00 AM ,  174420.001,                                -374.707,                                  25.556,                               -3824.772,
8/29/2026 9:28:00 AM ,  174480.001,                                -374.697,                                  25.507,                               -3824.668,
8/29/2026 9:29:00 AM ,  174540.001,                                -374.686,                                  25.459,                               -3824.563,
8/29/2026 9:30:00 AM ,  174600.001,                                -374.686,                                  25.459,                               -3824.563,
8/29/2026 9:31:00 AM ,  174660.001,                                -374.686,                                  25.459,                               -3824.563,
8/29/2026 9:32:00 AM ,  174720.001,                                -374.676,                                  25.411,                               -3824.460,
8/29/2026 9:33:00 AM ,  174780.001,                                -374.666,                                  25.362,                               -3824.356,
8/29/2026 9:34:00 AM ,  174840.001,                                -374.666,                                  25.362,                               -3824.356,
8/29/2026 9:35:00 AM ,  174900.001,                                -374.666,                                  25.362,                               -3824.356,
8/29/2026 9:36:00 AM ,  174960.001,                                -374.656,                                  25.314,                               -3824.251,
8/29/2026 9:37:00 AM ,  175020.001,                                -374.646,                                  25.266,                               -3824.147,
8/29/2026 9:38:00 AM ,  175080.001,                                -374.646,                                  25.266,                               -3824.147,
8/29/2026 9:39:00 AM ,  175140.001,                                -374.646,                                  25.266,                               -3824.147,
8/29/2026 9:40:00 AM ,  175200.001,                                -374.635,                                  25.217,                               -3824.042,
8/29/2026 9:41:00 AM ,  175260.001,                                -374.625,                                  25.169,                               -3823.937,
8/29/2026 9:42:00 AM ,  175320.001,                                -374.625,                                  25.169,                               -3823.937,
8/29/2026 9:43:00 AM ,  175380.001,                                -374.625,                                  25.169,                               -3823.937,
8/29/2026 9:44:00 AM ,  175440.001,                                -374.615,                                  25.121,                               -3823.833,
8/29/2026 9:45:00 AM ,  175500.001,                                -374.605,                                  25.072,                               -3823.728,
8/29/2026 9:46:00 AM ,  175560.001,                                -374.605,                                  25.072,                               -3823.728,
8/29/2026 9:47:00 AM ,  175620.001,                                -374.605,                                  25.072,                               -3823.728,
8/29/2026 9:48:00 AM ,  175680.001,                                -374.594,                                  25.024,                               -3823.622,
8/29/2026 9:49:00 AM ,  175740.001,                                -374.594,                                  25.024,                               -3823.622,
8/29/2026 9:50:00 AM ,  175800.001,                                -374.584,                                  24.975,                               -3823.517,
8/29/2026 9:51:00 AM ,  175860.001,                                -374.584,                                  24.975,                               -3823.517,
8/29/2026 9:52:00 AM ,  175920.001,                                -374.574,                                  24.927,                               -3823.412,
8/29/2026 9:53:00 AM ,  175980.001,                                -374.574,                                  24.927,                               -3823.412,
8/29/2026 9:54:00 AM ,  176040.001,                                -374.574,                                  24.927,                               -3823.412,
8/29/2026 9:55:00 AM ,  176100.001,                                -374.563,                                  24.879,                               -3823.305,
8/29/2026 9:56:00 AM ,  176160.001,                                -374.563,                                  24.879,                               -3823.305,
8/29/2026 9:57:00 AM ,  176220.001,                                -374.563,                                  24.879,                               -3823.305,
8/29/2026 9:58:00 AM ,  176280.001,                                -374.553,                                  24.830,                               -3823.199,
8/29/2026 9:59:00 AM ,  176340.001,                                -374.542,                                  24.782,                               -3823.093,
8/29/2026 10:00:00 AM,  176400.001,                                -374.542,                                  24.782,                               -3823.093,
8/29/2026 10:01:00 AM,  176460.001,                                -374.532,                                  24.733,                               -3822.987,
8/29/2026 10:02:00 AM,  176520.001,                                -374.532,                                  24.733,                               -3822.987,
8/29/2026 10:03:00 AM,  176580.001,                                -374.532,                                  24.733,                               -3822.987,
8/29/2026 10:04:00 AM,  176640.001,                                -374.532,                                  24.733,                               -3822.987,
8/29/2026 10:05:00 AM,  176700.001,                                -374.522,                                  24.685,                               -3822.880,
8/29/2026 10:06:00 AM,  176760.001,                                -374.522,                                  24.685,                               -3822.880,
8/29/2026 10:07:00 AM,  176820.001,                                -374.522,                                  24.685,                               -3822.880,
8/29/2026 10:08:00 AM,  176880.001,                                -374.511,                                  24.636,                               -3822.774,
8/29/2026 10:09:00 AM,  176940.001,                                -374.511,                                  24.636,                               -3822.774,
8/29/2026 10:10:00 AM,  177000.001,                                -374.501,                                  24.588,                               -3822.667,
8/29/2026 10:11:00 AM,  177060.001,                                -374.501,                                  24.588,                               -3822.667,
8/29/2026 10:12:00 AM,  177120.001,                                -374.501,                                  24.588,                               -3822.667,
8/29/2026 10:13:00 AM,  177180.001,                                -374.490,                                  24.539,                               -3822.560,
8/29/2026 10:14:00 AM,  177240.001,                                -374.490,                                  24.539,                               -3822.560,
8/29/2026 10:15:00 AM,  177300.001,                                -374.490,                                  24.539,                               -3822.560,
8/29/2026 10:16:00 AM,  177360.001,                                -374.490,                                  24.539,                               -3822.560,
8/29/2026 10:17:00 AM,  177420.001,                                -374.480,                                  24.491,                               -3822.454,
8/29/2026 10:18:00 AM,  177480.001,                                -374.480,                                  24.491,                               -3822.454,
8/29/2026 10:19:00 AM,  177540.001,                                -374.469,                                  24.442,                               -3822.346,
8/29/2026 10:20:00 AM,  177600.001,                                -374.469,                                  24.442,                               -3822.346,
8/29/2026 10:21:00 AM,  177660.001,                                -374.469,                                  24.442,                               -3822.346,
8/29/2026 10:22:00 AM,  177720.001,                                -374.469,                                  24.442,                               -3822.346,
8/29/2026 10:23:00 AM,  177780.001,                                -374.469,                                  24.442,                               -3822.346,
8/29/2026 10:24:00 AM,  177840.001,                                -374.469,                                  24.442,                               -3822.346,
8/29/2026 10:25:00 AM,  177900.001,                                -374.459,                                  24.394,                               -3822.240,
8/29/2026 10:26:00 AM,  177960.001,                                -374.459,                                  24.394,                               -3822.240,
8/29/2026 10:27:00 AM,  178020.001,                                -374.448,                                  24.345,                               -3822.132,
8/29/2026 10:28:00 AM,  178080.001,                                -374.448,                                  24.345,                               -3822.132,
8/29/2026 10:29:00 AM,  178140.001,                                -374.448,                                  24.345,                               -3822.132,
8/29/2026 10:30:00 AM,  178200.001,                                -374.448,                                  24.345,                               -3822.132,
8/29/2026 10:31:00 AM,  178260.001,                                -374.438,                                  24.297,                               -3822.024,
8/29/2026 10:32:00 AM,  178320.001,                                -374.438,                                  24.297,                               -3822.024,
8/29/2026 10:33:00 AM,  178380.001,                                -374.438,                                  24.297,                               -3822.024,
8/29/2026 10:34:00 AM,  178440.001,                                -374.427,                                  24.248,                               -3821.917,
8/29/2026 10:35:00 AM,  178500.001,                                -374.427,                                  24.248,                               -3821.917,
8/29/2026 10:36:00 AM,  178560.001,                                -374.417,                                  24.200,                               -3821.810,
8/29/2026 10:37:00 AM,  178620.001,                                -374.417,                                  24.200,                               -3821.810,
8/29/2026 10:38:00 AM,  178680.001,                                -374.417,                                  24.200,                               -3821.810,
8/29/2026 10:39:00 AM,  178740.001,                                -374.417,                                  24.200,                               -3821.810,
8/29/2026 10:40:00 AM,  178800.001,                                -374.406,                                  24.151,                               -3821.700,
8/29/2026 10:41:00 AM,  178860.001,                                -374.406,                                  24.151,                               -3821.700,
8/29/2026 10:42:00 AM,  178920.001,                                -374.395,                                  24.102,                               -3821.593,
8/29/2026 10:43:00 AM,  178980.001,                                -374.395,                                  24.102,                               -3821.593,
8/29/2026 10:44:00 AM,  179040.001,                                -374.395,                                  24.102,                               -3821.593,
8/29/2026 10:45:00 AM,  179100.001,                                -374.374,                                  24.005,                               -3821.376,
8/29/2026 10:46:00 AM,  179160.001,                                -374.385,                                  24.054,                               -3821.484,
8/29/2026 10:47:00 AM,  179220.001,                                -374.374,                                  24.005,                               -3821.376,
8/29/2026 10:48:00 AM,  179280.001,                                -374.374,                                  24.005,                               -3821.376,
8/29/2026 10:49:00 AM,  179340.001,                                -374.374,                                  24.005,                               -3821.376,
8/29/2026 10:50:00 AM,  179400.001,                                -374.374,                                  24.005,                               -3821.376,
8/29/2026 10:51:00 AM,  179460.001,                                -374.363,                                  23.957,                               -3821.267,
8/29/2026 10:52:00 AM,  179520.001,                                -374.363,                                  23.957,                               -3821.267,
8/29/2026 10:53:00 AM,  179580.001,                                -374.353,                                  23.908,                               -3821.159,
8/29/2026 10:54:00 AM,  179640.001,                                -374.353,                                  23.908,                               -3821.159,
8/29/2026 10:55:00 AM,  179700.001,                                -374.353,                                  23.908,                               -3821.159,
8/29/2026 10:56:00 AM,  179760.001,                                -374.353,                                  23.908,                               -3821.159,
8/29/2026 10:57:00 AM,  179820.001,                                -374.353,                                  23.908,                               -3821.159,
8/29/2026 10:58:00 AM,  179880.001,                                -374.342,                                  23.859,                               -3821.050,
8/29/2026 10:59:00 AM,  179940.001,                                -374.342,                                  23.859,                               -3821.050,
8/29/2026 11:00:00 AM,  180000.001,                                -374.342,                                  23.859,                               -3821.050,
8/29/2026 11:01:00 AM,  180060.001,                                -374.342,                                  23.859,                               -3821.050,
8/29/2026 11:02:00 AM,  180120.001,                                -374.332,                                  23.811,                               -3820.941,
8/29/2026 11:03:00 AM,  180180.001,                                -374.332,                                  23.811,                               -3820.941,
8/29/2026 11:04:00 AM,  180240.001,                                -374.321,                                  23.762,                               -3820.832,
8/29/2026 11:05:00 AM,  180300.001,                                -374.321,                                  23.762,                               -3820.832,
8/29/2026 11:06:00 AM,  180360.001,                                -374.321,                                  23.762,                               -3820.832,
8/29/2026 11:07:00 AM,  180420.001,                                -374.321,                                  23.762,                               -3820.832,
8/29/2026 11:08:00 AM,  180480.001,                                -374.321,                                  23.762,                               -3820.832,
8/29/2026 11:09:00 AM,  180540.001,                                -374.321,                                  23.762,                               -3820.832,
8/29/2026 11:10:00 AM,  180600.001,                                -374.310,                                  23.713,                               -3820.723,
8/29/2026 11:11:00 AM,  180660.001,                                -374.321,                                  23.762,                               -3820.832,
8/29/2026 11:12:00 AM,  180720.001,                                -374.310,                                  23.713,                               -3820.723,
8/29/2026 11:13:00 AM,  180780.001,                                -374.310,                                  23.713,                               -3820.723,
8/29/2026 11:14:00 AM,  180840.001,                                -374.310,                                  23.713,                               -3820.723,
8/29/2026 11:15:00 AM,  180900.001,                                -374.299,                                  23.665,                               -3820.614,
8/29/2026 11:16:00 AM,  180960.001,                                -374.299,                                  23.665,                               -3820.614,
8/29/2026 11:17:00 AM,  181020.001,                                -374.299,                                  23.665,                               -3820.614,
8/29/2026 11:18:00 AM,  181080.001,                                -374.299,                                  23.665,                               -3820.614,
8/29/2026 11:19:00 AM,  181140.001,                                -374.299,                                  23.665,                               -3820.614,
8/29/2026 11:20:00 AM,  181200.001,                                -374.299,                                  23.665,                               -3820.614,
8/29/2026 11:21:00 AM,  181260.001,                                -374.299,                                  23.665,                               -3820.614,
8/29/2026 11:22:00 AM,  181320.001,                                -374.299,                                  23.665,                               -3820.614,
8/29/2026 11:23:00 AM,  181380.001,                                -374.289,                                  23.616,                               -3820.504,
8/29/2026 11:24:00 AM,  181440.001,                                -374.289,                                  23.616,                               -3820.504,
8/29/2026 11:25:00 AM,  181500.001,                                -374.289,                                  23.616,                               -3820.504,
8/29/2026 11:26:00 AM,  181560.001,                                -374.289,                                  23.616,                               -3820.504,
8/29/2026 11:27:00 AM,  181620.001,                                -374.289,                                  23.616,                               -3820.504,
8/29/2026 11:28:00 AM,  181680.001,                                -374.289,                                  23.616,                               -3820.504,
8/29/2026 11:29:00 AM,  181740.001,                                -374.278,                                  23.567,                               -3820.395,
8/29/2026 11:30:00 AM,  181800.001,                                -374.278,                                  23.567,                               -3820.395,
8/29/2026 11:31:00 AM,  181860.001,                                -374.278,                                  23.567,                               -3820.395,
8/29/2026 11:32:00 AM,  181920.001,                                -374.278,                                  23.567,                               -3820.395,
8/29/2026 11:33:00 AM,  181980.001,                                -374.278,                                  23.567,                               -3820.395,
8/29/2026 11:34:00 AM,  182040.001,                                -374.278,                                  23.567,                               -3820.395,
8/29/2026 11:35:00 AM,  182100.001,                                -374.278,                                  23.567,                               -3820.395,
8/29/2026 11:36:00 AM,  182160.001,                                -374.267,                                  23.519,                               -3820.285,
8/29/2026 11:37:00 AM,  182220.001,                                -374.267,                                  23.519,                               -3820.285,
8/29/2026 11:38:00 AM,  182280.001,                                -374.267,                                  23.519,                               -3820.285,
8/29/2026 11:39:00 AM,  182340.001,                                -374.267,                                  23.519,                               -3820.285,
8/29/2026 11:40:00 AM,  182400.001,                                -374.256,                                  23.470,                               -3820.175,
8/29/2026 11:41:00 AM,  182460.001,                                -374.256,                                  23.470,                               -3820.175,
8/29/2026 11:42:00 AM,  182520.001,                                -374.256,                                  23.470,                               -3820.175,
8/29/2026 11:43:00 AM,  182580.001,                                -374.256,                                  23.470,                               -3820.175,
8/29/2026 11:44:00 AM,  182640.001,                                -374.256,                                  23.470,                               -3820.175,
8/29/2026 11:45:00 AM,  182700.001,                                -374.256,                                  23.470,                               -3820.175,
8/29/2026 11:46:00 AM,  182760.001,                                -374.256,                                  23.470,                               -3820.175,
8/29/2026 11:47:00 AM,  182820.001,                                -374.246,                                  23.421,                               -3820.065,
8/29/2026 11:48:00 AM,  182880.001,                                -374.246,                                  23.421,                               -3820.065,
8/29/2026 11:49:00 AM,  182940.001,                                -374.246,                                  23.421,                               -3820.065,
8/29/2026 11:50:00 AM,  183000.001,                                -374.235,                                  23.372,                               -3819.956,
8/29/2026 11:51:00 AM,  183060.001,                                -374.235,                                  23.372,                               -3819.956,
8/29/2026 11:52:00 AM,  183120.001,                                -374.235,                                  23.372,                               -3819.956,
8/29/2026 11:53:00 AM,  183180.001,                                -374.224,                                  23.324,                               -3819.844,
8/29/2026 11:54:00 AM,  183240.001,                                -374.235,                                  23.372,                               -3819.956,
8/29/2026 11:55:00 AM,  183300.001,                                -374.235,                                  23.372,                               -3819.956,
8/29/2026 11:56:00 AM,  183360.001,                                -374.235,                                  23.372,                               -3819.956,
8/29/2026 11:57:00 AM,  183420.001,                                -374.235,                                  23.372,                               -3819.956,
8/29/2026 11:58:00 AM,  183480.001,                                -374.224,                                  23.324,                               -3819.844,
8/29/2026 11:59:00 AM,  183540.001,                                -374.224,                                  23.324,                               -3819.844,
8/29/2026 12:00:00 PM,  183600.001,                                -374.224,                                  23.324,                               -3819.844,
8/29/2026 12:01:00 PM,  183660.001,                                -374.224,                                  23.324,                               -3819.844,
8/29/2026 12:02:00 PM,  183720.001,                                -374.224,                                  23.324,                               -3819.844,
8/29/2026 12:03:00 PM,  183780.001,                                -374.224,                                  23.324,                               -3819.844,
8/29/2026 12:04:00 PM,  183840.001,                                -374.213,                                  23.275,                               -3819.734,
8/29/2026 12:05:00 PM,  183900.001,                                -374.224,                                  23.324,                               -3819.844,
8/29/2026 12:06:00 PM,  183960.001,                                -374.213,                                  23.275,                               -3819.734,
8/29/2026 12:07:00 PM,  184020.001,                                -374.202,                                  23.226,                               -3819.624,
8/29/2026 12:08:00 PM,  184080.001,                                -374.213,                                  23.275,                               -3819.734,
8/29/2026 12:09:00 PM,  184140.001,                                -374.213,                                  23.275,                               -3819.734,
8/29/2026 12:10:00 PM,  184200.001,                                -374.213,                                  23.275,                               -3819.734,
8/29/2026 12:11:00 PM,  184260.001,                                -374.213,                                  23.275,                               -3819.734,
8/29/2026 12:12:00 PM,  184320.001,                                -374.213,                                  23.275,                               -3819.734,
8/29/2026 12:13:00 PM,  184380.001,                                -374.202,                                  23.226,                               -3819.624,
8/29/2026 12:14:00 PM,  184440.001,                                -374.202,                                  23.226,                               -3819.624,
8/29/2026 12:15:00 PM,  184500.001,                                -374.202,                                  23.226,                               -3819.624,
8/29/2026 12:16:00 PM,  184560.001,                                -374.202,                                  23.226,                               -3819.624,
8/29/2026 12:17:00 PM,  184620.001,                                -374.202,                                  23.226,                               -3819.624,
8/29/2026 12:18:00 PM,  184680.001,                                -374.202,                                  23.226,                               -3819.624,
8/29/2026 12:19:00 PM,  184740.001,                                -374.202,                                  23.226,                               -3819.624,
8/29/2026 12:20:00 PM,  184800.001,                                -374.202,                                  23.226,                               -3819.624,
8/29/2026 12:21:00 PM,  184860.001,                                -374.202,                                  23.226,                               -3819.624,
8/29/2026 12:22:00 PM,  184920.001,                                -374.202,                                  23.226,                               -3819.624,
8/29/2026 12:23:00 PM,  184980.001,                                -374.202,                                  23.226,                               -3819.624,
8/29/2026 12:24:00 PM,  185040.001,                                -374.202,                                  23.226,                               -3819.624,
8/29/2026 12:25:00 PM,  185100.001,                                -374.192,                                  23.177,                               -3819.513,
8/29/2026 12:26:00 PM,  185160.001,                                -374.202,                                  23.226,                               -3819.624,
8/29/2026 12:27:00 PM,  185220.001,                                -374.202,                                  23.226,                               -3819.624,
8/29/2026 12:28:00 PM,  185280.001,                                -374.202,                                  23.226,                               -3819.624,
8/29/2026 12:29:00 PM,  185340.001,                                -374.202,                                  23.226,                               -3819.624,
8/29/2026 12:30:00 PM,  185400.001,                                -374.202,                                  23.226,                               -3819.624,
8/29/2026 12:31:00 PM,  185460.001,                                -374.202,                                  23.226,                               -3819.624,
8/29/2026 12:32:00 PM,  185520.001,                                -374.192,                                  23.177,                               -3819.513,
8/29/2026 12:33:00 PM,  185580.001,                                -374.202,                                  23.226,                               -3819.624,
8/29/2026 12:34:00 PM,  185640.001,                                -374.202,                                  23.226,                               -3819.624,
8/29/2026 12:35:00 PM,  185700.001,                                -374.202,                                  23.226,                               -3819.624,
8/29/2026 12:36:00 PM,  185760.001,                                -374.202,                                  23.226,                               -3819.624,
8/29/2026 12:37:00 PM,  185820.001,                                -374.192,                                  23.177,                               -3819.513,
8/29/2026 12:38:00 PM,  185880.001,                                -374.202,                                  23.226,                               -3819.624,
8/29/2026 12:39:00 PM,  185940.001,                                -374.202,                                  23.226,                               -3819.624,
8/29/2026 12:40:00 PM,  186000.001,                                -374.202,                                  23.226,                               -3819.624,
8/29/2026 12:41:00 PM,  186060.001,                                -374.202,                                  23.226,                               -3819.624,
8/29/2026 12:42:00 PM,  186120.001,                                -374.202,                                  23.226,                               -3819.624,
8/29/2026 12:43:00 PM,  186180.001,                                -374.192,                                  23.177,                               -3819.513,
8/29/2026 12:44:00 PM,  186240.001,                                -374.202,                                  23.226,                               -3819.624,
8/29/2026 12:45:00 PM,  186300.001,                                -374.202,                                  23.226,                               -3819.624,
8/29/2026 12:46:00 PM,  186360.001,                                -374.202,                                  23.226,                               -3819.624,
8/29/2026 12:47:00 PM,  186420.001,                                -374.202,                                  23.226,                               -3819.624,
8/29/2026 12:48:00 PM,  186480.001,                                -374.202,                                  23.226,                               -3819.624,
8/29/2026 12:49:00 PM,  186540.001,                                -374.202,                                  23.226,                               -3819.624,
8/29/2026 12:50:00 PM,  186600.001,                                -374.202,                                  23.226,                               -3819.624,
8/29/2026 12:51:00 PM,  186660.001,                                -374.213,                                  23.275,                               -3819.734,
8/29/2026 12:52:00 PM,  186720.001,                                -374.202,                                  23.226,                               -3819.624,
8/29/2026 12:53:00 PM,  186780.001,                                -374.213,                                  23.275,                               -3819.734,
8/29/2026 12:54:00 PM,  186840.001,                                -374.202,                                  23.226,                               -3819.624,
8/29/2026 12:55:00 PM,  186900.001,                                -374.202,                                  23.226,                               -3819.624,
8/29/2026 12:56:00 PM,  186960.001,                                -374.213,                                  23.275,                               -3819.734,
8/29/2026 12:57:00 PM,  187020.001,                                -374.213,                                  23.275,                               -3819.734,
8/29/2026 12:58:00 PM,  187080.001,                                -374.213,                                  23.275,                               -3819.734,
8/29/2026 12:59:00 PM,  187140.001,                                -374.202,                                  23.226,                               -3819.624,
8/29/2026 1:00:00 PM ,  187200.001,                                -374.213,                                  23.275,                               -3819.734,

